benchmark,algorithm,budget,seed,p,total_models,unique_evaluated,fraction_evaluated,attempted_evaluations,duplicates_prevented,wall_time_seconds,gpu_time_seconds,models_per_second,posterior_mass_recovered,map_found,map_eval_count,map_found_time,top10_recall,top100_recall,top1000_recall,top10000_recall,pip_mae,pip_rmse,pip_max_error,pip_spearman,bfg_only_pip_rmse,bfg_only_pip_mae,model_size_tvd,efficiency_ratio,models_per_1_pct_mass,bfg_95_reached,bfg_95_eval_count,bfg_95_fraction,bfg_95_time
Benchmark_A,BFG,50,20260715,12,4096,50,0.01220703125,70,14,0.019090800022240728,0.006097499921452254,2619.0625820683335,7.4911903895766195e-06,False,-1,-1.0,0.0,0.0,0.025,0.01220703125,0.44972313171043016,0.6479356415508785,0.9999925088095748,0.9821356320974937,0.6088266316303016,0.4661865137889971,0.9999925088095788,0.0006136783167141166,66745.06640436067,False,,,
Benchmark_A,BFG,50,20260716,12,4096,50,0.01220703125,70,14,0.017657099990174174,5.5699958465993404e-05,2831.7220850436374,7.4911903895766195e-06,False,-1,-1.0,0.0,0.0,0.025,0.01220703125,0.44972313171043016,0.6479356415508785,0.9999925088095748,0.9821356320974937,0.6088266316303016,0.4661865137889971,0.9999925088095788,0.0006136783167141166,66745.06640436067,False,,,
Benchmark_A,BFG,50,20260717,12,4096,50,0.01220703125,70,14,0.013012500014156103,3.0100112780928612e-05,3842.459169691124,7.4911903895766195e-06,False,-1,-1.0,0.0,0.0,0.025,0.01220703125,0.44972313171043016,0.6479356415508785,0.9999925088095748,0.9821356320974937,0.6088266316303016,0.4661865137889971,0.9999925088095788,0.0006136783167141166,66745.06640436067,False,,,
Benchmark_A,BFG,50,20260718,12,4096,50,0.01220703125,70,14,0.012695700046606362,3.0300056096166372e-05,3938.34131370844,7.4911903895766195e-06,False,-1,-1.0,0.0,0.0,0.025,0.01220703125,0.44972313171043016,0.6479356415508785,0.9999925088095748,0.9821356320974937,0.6088266316303016,0.4661865137889971,0.9999925088095788,0.0006136783167141166,66745.06640436067,False,,,
Benchmark_A,BFG,50,20260719,12,4096,50,0.01220703125,70,14,0.01277010003104806,2.9200047720223665e-05,3915.3961111059857,7.4911903895766195e-06,False,-1,-1.0,0.0,0.0,0.025,0.01220703125,0.44972313171043016,0.6479356415508785,0.9999925088095748,0.9821356320974937,0.6088266316303016,0.4661865137889971,0.9999925088095788,0.0006136783167141166,66745.06640436067,False,,,
Benchmark_A,BFG,50,20260720,12,4096,50,0.01220703125,70,14,0.01296560000628233,2.9799994081258774e-05,3856.358361801466,7.4911903895766195e-06,False,-1,-1.0,0.0,0.0,0.025,0.01220703125,0.44972313171043016,0.6479356415508785,0.9999925088095748,0.9821356320974937,0.6088266316303016,0.4661865137889971,0.9999925088095788,0.0006136783167141166,66745.06640436067,False,,,
Benchmark_A,BFG,50,20260721,12,4096,50,0.01220703125,70,14,0.012655599974095821,3.299990203231573e-05,3950.8201983582567,7.4911903895766195e-06,False,-1,-1.0,0.0,0.0,0.025,0.01220703125,0.44972313171043016,0.6479356415508785,0.9999925088095748,0.9821356320974937,0.6088266316303016,0.4661865137889971,0.9999925088095788,0.0006136783167141166,66745.06640436067,False,,,
Benchmark_A,BFG,50,20260722,12,4096,50,0.01220703125,70,14,0.013805099995806813,3.309990279376507e-05,3621.8498971530153,7.4911903895766195e-06,False,-1,-1.0,0.0,0.0,0.025,0.01220703125,0.44972313171043016,0.6479356415508785,0.9999925088095748,0.9821356320974937,0.6088266316303016,0.4661865137889971,0.9999925088095788,0.0006136783167141166,66745.06640436067,False,,,
Benchmark_A,BFG,50,20260723,12,4096,50,0.01220703125,70,14,0.013871399976778775,3.270001616328955e-05,3604.53884133554,7.4911903895766195e-06,False,-1,-1.0,0.0,0.0,0.025,0.01220703125,0.44972313171043016,0.6479356415508785,0.9999925088095748,0.9821356320974937,0.6088266316303016,0.4661865137889971,0.9999925088095788,0.0006136783167141166,66745.06640436067,False,,,
Benchmark_A,BFG,50,20260724,12,4096,50,0.01220703125,70,14,0.017684699967503548,4.380004247650504e-05,2827.302701876611,7.4911903895766195e-06,False,-1,-1.0,0.0,0.0,0.025,0.01220703125,0.44972313171043016,0.6479356415508785,0.9999925088095748,0.9821356320974937,0.6088266316303016,0.4661865137889971,0.9999925088095788,0.0006136783167141166,66745.06640436067,False,,,
Benchmark_A,Baseline_Random,50,20260715,12,4096,50,0.01220703125,50,0,0.02849130000686273,0.015279399987775832,1754.921677422808,2.4769587206264647e-12,False,-1,-1.0,0.0,0.0,0.01,0.01220703125,0.44972997286561744,0.6479407841922269,0.9999999999974875,0.15032202167358272,0.5655117134313901,0.3492436037641175,0.94729475664986,2.0291245839372e-10,50000000.0,False,,,
Benchmark_A,Baseline_Random,50,20260716,12,4096,50,0.01220703125,50,0,0.024319400021340698,0.01127339998492971,2055.971773815313,0.12976887919781416,False,-1,-1.0,0.1,0.05,0.015,0.01220703125,0.38465892977455063,0.5624917305085465,0.8702311208021503,0.8478260869565217,0.23561648194101814,0.08366869368785056,0.7174988276726958,10.630666583884937,3.8530039181260194,False,,,
Benchmark_A,Baseline_Random,50,20260717,12,4096,50,0.01220703125,50,0,0.03084079996915534,0.0177659000037238,1621.2290229178964,5.4309964670416556e-06,False,-1,-1.0,0.0,0.01,0.01,0.01220703125,0.44972589961971327,0.6479371894359985,0.9999945690034974,0.2764747655818039,0.5586466645398694,0.3419888088472544,0.99917501842933,0.0004449072305800524,92064.13648660637,False,,,
Benchmark_A,Baseline_Random,50,20260718,12,4096,50,0.01220703125,50,0,0.02553849999094382,0.012640099972486496,1957.8283774587562,7.867002228399929e-05,False,-1,-1.0,0.0,0.02,0.016,0.01220703125,0.44967706192207757,0.647888996991868,0.9999213299776804,0.6739130434782609,0.4835588353214276,0.26438255381693315,0.9918114459862472,0.006444648225505222,6355.661095340697,False,,,
Benchmark_A,Baseline_Random,50,20260719,12,4096,50,0.01220703125,50,0,0.026170299970544875,0.01366639998741448,1910.562739298971,0.6734200732677972,True,15,0.01381899998523295,0.1,0.02,0.014,0.01220703125,0.16913024569548893,0.21817170708972036,0.3265799267321673,0.6666666666666666,0.05620524629209244,0.033051409568711956,0.3265682775637281,55.16657240209795,0.7424786100802289,False,,,
Benchmark_A,Baseline_Random,50,20260720,12,4096,50,0.01220703125,50,0,0.021527100005187094,0.005927800026256591,2322.65377073327,5.370264406139482e-07,False,-1,-1.0,0.0,0.0,0.007,0.01220703125,0.4497294358446378,0.6479404114499637,0.9999994629735237,0.5039559225828729,0.7213572463110148,0.5502657032245741,0.9999803841283718,4.3993206015094636e-05,931052.8536143989,False,,,
Benchmark_A,Baseline_Random,50,20260721,12,4096,50,0.01220703125,50,0,0.018647099961526692,0.005340199975762516,2681.3820971176024,3.603996466078033e-11,False,-1,-1.0,0.0,0.0,0.01,0.01220703125,0.4497299728459357,0.6479407841738438,0.9999999999639244,0.7025495762449225,0.5376052191601567,0.31560221649735737,0.9391992539509465,2.9523939050111246e-09,50000000.0,False,,,
Benchmark_A,Baseline_Random,50,20260722,12,4096,50,0.01220703125,50,0,0.02213690005009994,0.009312300011515617,2258.672166691843,1.3487963091626432e-06,False,-1,-1.0,0.0,0.0,0.011,0.01220703125,0.4497287364852319,0.6479398534316478,0.9999986512036552,0.7949196394614874,0.6649990038160495,0.4721365270005648,0.9999602055971638,0.00011049339364660373,370700.8957567573,False,,,
Benchmark_A,Baseline_Random,50,20260723,12,4096,50,0.01220703125,50,0,0.01861209998605773,0.005856900010257959,2686.4244248341056,0.0010209427184119583,False,-1,-1.0,0.0,0.01,0.014,0.01220703125,0.4491344229479855,0.6472745784163535,0.9989790572815525,0.5731314230702004,0.3967183409481855,0.18728815399455825,0.9473742496975023,0.08363562749230763,489.743441020602,False,,,
Benchmark_A,Baseline_Random,50,20260724,12,4096,50,0.01220703125,50,0,0.0187096000299789,0.0060538999969139695,2672.4248471310793,0.00490754476743868,False,-1,-1.0,0.0,0.01,0.016,0.01220703125,0.4468661478114156,0.6446598443646204,0.9950924552325257,0.6860265381653932,0.36878154175327527,0.16567871791482697,0.9465840865841251,0.40202606734857665,101.88394068607903,False,,,
Benchmark_A,Baseline_Greedy,50,20260715,12,4096,50,0.01220703125,58,5,0.026581200014334172,0.012976100028026849,1881.028695959438,0.9545238588370716,True,43,0.02060029999120161,0.9,0.19,0.033,0.01220703125,0.027221434765177053,0.03205407396409075,0.04547614116289278,1.0,0.010953234958702459,0.007091992280739545,0.044741854175640805,78.1945945159329,0.5238213747838286,True,48.0,0.01171875,0.0247648999793455
Benchmark_A,Baseline_Greedy,50,20260716,12,4096,50,0.01220703125,58,5,0.02141950000077486,0.008361999993212521,2334.321529363021,0.951763291803322,True,43,0.01707689999602735,0.8,0.22,0.034,0.01220703125,0.028852249021494084,0.034032919378078556,0.048236708196642275,0.9782608695652175,0.011696169428854214,0.007521598527308948,0.04759549312981392,77.96844886452814,0.5253407063563479,True,48.0,0.01171875,0.019686900021042675
Benchmark_A,Baseline_Greedy,50,20260717,12,4096,50,0.01220703125,58,6,0.024659299990162253,0.012137699930462986,2027.6325775649486,0.01979444357324286,False,-1,-1.0,0.2,0.2,0.034,0.01220703125,0.4378796078880407,0.6346978397838903,0.9802055564267215,0.9927536231884059,0.3024138604750962,0.15217532008079765,0.9391128786780901,1.621560817520055,25.259613797675776,False,,,
Benchmark_A,Baseline_Greedy,50,20260718,12,4096,50,0.01220703125,58,5,0.017821600020397455,0.0056526000262238085,2805.5842316499766,0.0006912637036546797,False,-1,-1.0,0.0,0.09,0.034,0.01220703125,0.44924814361508675,0.6474729102536986,0.9993087362963097,0.9782608695652175,0.4415054184888359,0.25424469903444563,0.9917386778699868,0.05662832260339136,723.3129663202665,False,,,
Benchmark_A,Baseline_Greedy,50,20260719,12,4096,50,0.01220703125,58,5,0.022451099997851998,0.008879799919668585,2227.062371321839,0.005156451517381631,False,-1,-1.0,0.0,0.15,0.034,0.01220703125,0.44661744034382833,0.6445534195437096,0.9948435484825827,0.927536231884058,0.3218328947454799,0.16641183278534932,0.9391197608774923,0.4224165083039032,96.96590733270243,False,,,
Benchmark_A,Baseline_Greedy,50,20260720,12,4096,50,0.01220703125,58,5,0.019886699970811605,0.0074276000377722085,2514.243191348324,0.005250153023270587,False,-1,-1.0,0.0,0.17,0.034,0.01220703125,0.4465569203169602,0.6444915380586308,0.9947498469766938,0.9492753623188407,0.3217338198175139,0.16663251185824082,0.939112927593421,0.4300925356663265,95.23531938665752,False,,,
Benchmark_A,Baseline_Greedy,50,20260721,12,4096,50,0.01220703125,51,1,0.020253200025763363,0.007884800026658922,2468.7456765546585,0.9488991944133086,True,22,0.006176900002174079,0.8,0.15,0.024,0.01220703125,0.030575524434564422,0.03598886315948315,0.05110080558665575,0.9565217391304347,0.012252836785454505,0.008002921886053256,0.05057371595046988,77.73382200633824,0.5269263615606115,False,,,
Benchmark_A,Baseline_Greedy,50,20260722,12,4096,50,0.01220703125,58,5,0.01976599998306483,0.007340699958149344,2529.5962786015957,0.0016201133154475572,False,-1,-1.0,0.0,0.12,0.036,0.01220703125,0.4486251867567364,0.6468476475932152,0.9983798866845168,0.927536231884058,0.39941326202374394,0.23341648149440367,0.9917381078927375,0.1327196828014639,308.6203879892653,False,,,
Benchmark_A,Baseline_Greedy,50,20260723,12,4096,50,0.01220703125,58,5,0.018857199989724904,0.006519500049762428,2651.5071180898804,0.9544381591870156,True,43,0.014742099971044809,0.9,0.19,0.033,0.01220703125,0.02727856680108448,0.03211847371833658,0.045561840812948784,1.0,0.010984917422114519,0.0071121076111901995,0.044830190651281396,78.18757400060032,0.5238684090605691,True,48.0,0.01171875,0.017149999970570207
Benchmark_A,Baseline_Greedy,50,20260724,12,4096,50,0.01220703125,58,5,0.0177912000217475,0.005164499976672232,2810.3781610504802,0.019793479467323342,False,-1,-1.0,0.2,0.2,0.034,0.01220703125,0.4378803303275976,0.6346985018042921,0.980206520532641,0.9782608695652175,0.3024161653542371,0.15217542206660747,0.9391129275934201,1.6214818379631282,25.260844149480636,False,,,
Benchmark_A,Ablation_A_RandomOnly,50,20260715,12,4096,50,0.01220703125,55,0,0.025160000019241124,0.009802800021134317,1987.2813975263302,1.3188844114506742e-05,False,-1,-1.0,0.0,0.01,0.012,0.01220703125,0.44971870764473443,0.6479317361541818,0.9999868111558499,0.8282673468885478,0.5529029787490148,0.40442770682929635,0.9998537585866948,0.0010804301098603923,37910.82794359798,False,,,
Benchmark_A,Ablation_A_RandomOnly,50,20260716,12,4096,50,0.01220703125,55,0,0.026687000005040318,0.009892300004139543,1873.5714014522653,0.0016508986795397786,False,-1,-1.0,0.0,0.04,0.017,0.01220703125,0.4487324064755738,0.6468543567518306,0.9983491013204245,0.8333333333333334,0.3535484586155785,0.16254719672481596,0.9391917627464357,0.13524161982789867,302.86534612734994,False,,,
Benchmark_A,Ablation_A_RandomOnly,50,20260717,12,4096,50,0.01220703125,55,0,0.022357899986673146,0.007087999896612018,2236.345990893754,1.1329202939514614e-05,False,-1,-1.0,0.0,0.01,0.016,0.01220703125,0.4497209238295439,0.6479331528868026,0.9999886707970248,0.4416044528235909,0.5288543619015625,0.3490056371156665,0.999094663583214,0.0009280883048050372,44133.73144337212,False,,,
Benchmark_A,Ablation_A_RandomOnly,50,20260718,12,4096,50,0.01220703125,55,0,0.02424649999011308,0.008256400004029274,2062.153301317235,0.0018966595412735754,False,-1,-1.0,0.0,0.02,0.014,0.01220703125,0.44859085898515744,0.6466919085319064,0.9981033404586908,0.9001829707143784,0.3557013388325256,0.1669689620231993,0.9399372616460221,0.1553743496211313,263.6213770154333,False,,,
Benchmark_A,Ablation_A_RandomOnly,50,20260719,12,4096,50,0.01220703125,55,0,0.024666099983733147,0.009477599989622831,2027.0735962707565,8.329832798432252e-06,False,-1,-1.0,0.0,0.01,0.018,0.01220703125,0.4497228147536118,0.6479350669693624,0.999991670167166,0.737245917623152,0.6049600066332321,0.40960686411405556,0.9998994886517126,0.00068237990284757,60025.2144429723,False,,,
Benchmark_A,Ablation_A_RandomOnly,50,20260720,12,4096,50,0.01220703125,55,0,0.02194120001513511,0.0068817000719718635,2278.817929990604,2.494505957499241e-05,False,-1,-1.0,0.0,0.03,0.016,0.01220703125,0.4497099629248347,0.6479239665393888,0.9999750549403894,0.782608695652174,0.48055452613118926,0.3524305579047979,0.9990881550556202,0.0020434992803833782,20044.04914315191,False,,,
Benchmark_A,Ablation_A_RandomOnly,50,20260721,12,4096,50,0.01220703125,55,0,0.0266393999918364,0.009950800042133778,1876.9191504058808,1.5123088596752165e-05,False,-1,-1.0,0.0,0.01,0.011,0.01220703125,0.44971772819715383,0.6479305736267196,0.9999848769113676,0.7651939225650154,0.5209885574024081,0.3599373005426895,0.9990881550556067,0.0012388834178459374,33062.029412919,False,,,
Benchmark_A,Ablation_A_RandomOnly,50,20260722,12,4096,50,0.01220703125,55,0,0.02389250003034249,0.007819400110747665,2092.706913738707,7.983277907246387e-06,False,-1,-1.0,0.0,0.0,0.015,0.01220703125,0.4497230279928843,0.6479353008736939,0.9999920167220571,0.7769977262531033,0.5974618240327286,0.42019767588279544,0.9999131099501298,0.000653990126161624,62630.91499622632,False,,,
Benchmark_A,Ablation_A_RandomOnly,50,20260723,12,4096,50,0.01220703125,55,0,0.026377699978183955,0.010427699889987707,1895.5405528667472,9.207865644850866e-06,False,-1,-1.0,0.0,0.01,0.014,0.01220703125,0.4497220103476623,0.6479344611717545,0.9999907921343195,0.7804005592886748,0.5944162284498395,0.4150224840166279,0.9999096884716344,0.000754308353626183,54301.400485747225,False,,,
Benchmark_A,Ablation_A_RandomOnly,50,20260724,12,4096,50,0.01220703125,55,0,0.025425100000575185,0.00935639999806881,1966.560603453629,3.533075178275192e-05,False,-1,-1.0,0.0,0.02,0.016,0.01220703125,0.4497025929921119,0.6479167456935837,0.9999646692481816,0.5449394950125008,0.519674716430761,0.3279014638240446,0.9990881550556155,0.002894295186043037,14151.977378644246,False,,,
Benchmark_A,Ablation_B_RandomWings,50,20260715,12,4096,50,0.01220703125,50,0,0.027641299995593727,0.010817899892572314,1808.887425988302,1.1848615692940478e-05,False,-1,-1.0,0.0,0.0,0.014,0.01220703125,0.44971944007761455,0.6479326402084803,0.9999881513842714,0.9130434782608695,0.5885158229268473,0.43921686463495896,0.999913136626259,0.0009706385975656839,42199.02248141147,False,,,
Benchmark_A,Ablation_B_RandomWings,50,20260716,12,4096,50,0.01220703125,50,0,0.022645700024440885,0.007425500138197094,2207.9246808902517,0.022025249796031696,False,-1,-1.0,0.1,0.02,0.019,0.01220703125,0.43866194054079344,0.6336975188333205,0.9779747502039327,0.8115942028985508,0.27884706910960916,0.10557127203519974,0.7268893372353492,1.8043084632909165,22.70121813056964,False,,,
Benchmark_A,Ablation_B_RandomWings,50,20260717,12,4096,50,0.01220703125,50,0,0.022335499990731478,0.006991199974436313,2238.5887945534423,7.4911903895762985e-06,False,-1,-1.0,0.0,0.0,0.018,0.01220703125,0.44972313171043016,0.6479356415508785,0.9999925088095748,0.9927536231884059,0.6088266316303758,0.4661865137890695,0.9999925088096141,0.0006136783167140904,66745.06640436353,False,,,
Benchmark_A,Ablation_B_RandomWings,50,20260718,12,4096,50,0.01220703125,50,0,0.0224953000433743,0.007210700016003102,2222.6865124533806,0.029912634176688956,False,-1,-1.0,0.1,0.02,0.018,0.01220703125,0.434760105121013,0.628574727619446,0.9700873658232754,0.9130434782608695,0.27944110217891205,0.10756998488160356,0.7321834429783172,2.4504429917543593,16.715344995916546,False,,,
Benchmark_A,Ablation_B_RandomWings,50,20260719,12,4096,50,0.01220703125,50,0,0.025353599980007857,0.00739459996111691,1972.1065268611414,1.191312377236944e-05,False,-1,-1.0,0.0,0.0,0.019,0.01220703125,0.44971938632827624,0.647932597001,0.999988086876192,0.927536231884058,0.5888812948278175,0.438915490410215,0.9999106537760155,0.0009759230994325045,41970.520037714115,False,,,
Benchmark_A,Ablation_B_RandomWings,50,20260720,12,4096,50,0.01220703125,50,0,0.02510440000332892,0.009744100098032504,1991.6827326432756,7.370300264031142e-06,False,-1,-1.0,0.0,0.0,0.017,0.01220703125,0.4497231720071386,0.6479357037428688,0.9999926296997004,0.9821356320974937,0.6195042173768663,0.47300854270131193,0.9999926296996964,0.0006037749976294312,67839.84126672853,False,,,
Benchmark_A,Ablation_B_RandomWings,50,20260721,12,4096,50,0.01220703125,50,0,0.023164200014434755,0.007660099945496768,2158.503206190697,7.370300264031142e-06,False,-1,-1.0,0.0,0.0,0.012,0.01220703125,0.4497231720071386,0.6479357037428688,0.9999926296997004,0.9927536231884059,0.6195042173768663,0.47300854270131193,0.9999926296996965,0.0006037749976294312,67839.84126672853,False,,,
Benchmark_A,Ablation_B_RandomWings,50,20260722,12,4096,50,0.01220703125,50,0,0.022831899987068027,0.007519699865952134,2189.918492474125,1.3703392657571216e-05,False,-1,-1.0,0.0,0.01,0.02,0.01220703125,0.4497184221878556,0.6479315070475617,0.9999862966073068,0.8623188405797101,0.5467080536176077,0.3931765610480873,0.9991676309112467,0.001122581926508234,36487.314674132664,False,,,
Benchmark_A,Ablation_B_RandomWings,50,20260723,12,4096,50,0.01220703125,50,0,0.022514900017995387,0.0059250000631436706,2220.7515893935447,7.958092023732561e-06,False,-1,-1.0,0.0,0.0,0.017,0.01220703125,0.44972268218067213,0.647935312325609,0.9999920419079407,0.8840579710144929,0.611210469425547,0.46640499636945393,0.999913136626295,0.0006519268985841714,62829.13021222974,False,,,
Benchmark_A,Ablation_B_RandomWings,50,20260724,12,4096,50,0.01220703125,50,0,0.021889699972234666,0.00658549991203472,2284.1793201104174,0.0049440495812388624,False,-1,-1.0,0.0,0.02,0.02,0.01220703125,0.4468377207794181,0.6446349298652586,0.9950559504187255,0.8333333333333334,0.36716542455956735,0.1631596636135346,0.946541897843462,0.4050165416950876,101.13167187832121,False,,,
Benchmark_A,Ablation_C_RandomWingsGenealogy,50,20260715,12,4096,50,0.01220703125,70,14,0.012624499970115721,2.9299932066351175e-05,3960.552902559172,7.4911903895766195e-06,False,-1,-1.0,0.0,0.0,0.025,0.01220703125,0.44972313171043016,0.6479356415508785,0.9999925088095748,0.9821356320974937,0.6088266316303016,0.4661865137889971,0.9999925088095788,0.0006136783167141166,66745.06640436067,False,,,
Benchmark_A,Ablation_C_RandomWingsGenealogy,50,20260716,12,4096,50,0.01220703125,70,14,0.012136799981817603,2.8600043151527643e-05,4119.702069318606,7.4911903895766195e-06,False,-1,-1.0,0.0,0.0,0.025,0.01220703125,0.44972313171043016,0.6479356415508785,0.9999925088095748,0.9821356320974937,0.6088266316303016,0.4661865137889971,0.9999925088095788,0.0006136783167141166,66745.06640436067,False,,,
Benchmark_A,Ablation_C_RandomWingsGenealogy,50,20260717,12,4096,50,0.01220703125,70,14,0.012715799966827035,2.9799994081258774e-05,3932.1159604932404,7.4911903895766195e-06,False,-1,-1.0,0.0,0.0,0.025,0.01220703125,0.44972313171043016,0.6479356415508785,0.9999925088095748,0.9821356320974937,0.6088266316303016,0.4661865137889971,0.9999925088095788,0.0006136783167141166,66745.06640436067,False,,,
Benchmark_A,Ablation_C_RandomWingsGenealogy,50,20260718,12,4096,50,0.01220703125,70,14,0.01279220002470538,2.950010821223259e-05,3908.631814968165,7.4911903895766195e-06,False,-1,-1.0,0.0,0.0,0.025,0.01220703125,0.44972313171043016,0.6479356415508785,0.9999925088095748,0.9821356320974937,0.6088266316303016,0.4661865137889971,0.9999925088095788,0.0006136783167141166,66745.06640436067,False,,,
Benchmark_A,Ablation_C_RandomWingsGenealogy,50,20260719,12,4096,50,0.01220703125,70,14,0.013800900022033602,4.3400097638368607e-05,3622.9521205264377,7.4911903895766195e-06,False,-1,-1.0,0.0,0.0,0.025,0.01220703125,0.44972313171043016,0.6479356415508785,0.9999925088095748,0.9821356320974937,0.6088266316303016,0.4661865137889971,0.9999925088095788,0.0006136783167141166,66745.06640436067,False,,,
Benchmark_A,Ablation_C_RandomWingsGenealogy,50,20260720,12,4096,50,0.01220703125,70,14,0.012155500007793307,3.100006142631173e-05,4113.364318040663,7.4911903895766195e-06,False,-1,-1.0,0.0,0.0,0.025,0.01220703125,0.44972313171043016,0.6479356415508785,0.9999925088095748,0.9821356320974937,0.6088266316303016,0.4661865137889971,0.9999925088095788,0.0006136783167141166,66745.06640436067,False,,,
Benchmark_A,Ablation_C_RandomWingsGenealogy,50,20260721,12,4096,50,0.01220703125,70,14,0.012160099984612316,2.95999925583601e-05,4111.80829625342,7.4911903895766195e-06,False,-1,-1.0,0.0,0.0,0.025,0.01220703125,0.44972313171043016,0.6479356415508785,0.9999925088095748,0.9821356320974937,0.6088266316303016,0.4661865137889971,0.9999925088095788,0.0006136783167141166,66745.06640436067,False,,,
Benchmark_A,Ablation_C_RandomWingsGenealogy,50,20260722,12,4096,50,0.01220703125,70,14,0.012313000042922795,2.9100105166435242e-05,4060.7487879234395,7.4911903895766195e-06,False,-1,-1.0,0.0,0.0,0.025,0.01220703125,0.44972313171043016,0.6479356415508785,0.9999925088095748,0.9821356320974937,0.6088266316303016,0.4661865137889971,0.9999925088095788,0.0006136783167141166,66745.06640436067,False,,,
Benchmark_A,Ablation_C_RandomWingsGenealogy,50,20260723,12,4096,50,0.01220703125,70,14,0.018091499980073422,4.299997817724943e-05,2763.7288259719567,7.4911903895766195e-06,False,-1,-1.0,0.0,0.0,0.025,0.01220703125,0.44972313171043016,0.6479356415508785,0.9999925088095748,0.9821356320974937,0.6088266316303016,0.4661865137889971,0.9999925088095788,0.0006136783167141166,66745.06640436067,False,,,
Benchmark_A,Ablation_C_RandomWingsGenealogy,50,20260724,12,4096,50,0.01220703125,70,14,0.017523599963169545,4.7099951189011335e-05,2853.294991045684,7.4911903895766195e-06,False,-1,-1.0,0.0,0.0,0.025,0.01220703125,0.44972313171043016,0.6479356415508785,0.9999925088095748,0.9821356320974937,0.6088266316303016,0.4661865137889971,0.9999925088095788,0.0006136783167141166,66745.06640436067,False,,,
Benchmark_A,BFG,100,20260715,12,4096,100,0.0244140625,127,25,0.02873730001738295,0.002801799972075969,3479.798030417292,7.370300264031142e-06,False,-1,-1.0,0.0,0.0,0.02,0.0244140625,0.4497231720071386,0.6479357037428688,0.9999926296997004,0.9927536231884059,0.6195042173768663,0.47300854270131193,0.9999926296996965,0.0003018874988147156,135679.68253345706,False,,,
Benchmark_A,BFG,100,20260716,12,4096,100,0.0244140625,127,25,0.025599599990528077,4.3599982745945454e-05,3906.311037555285,7.370300264031142e-06,False,-1,-1.0,0.0,0.0,0.02,0.0244140625,0.4497231720071386,0.6479357037428688,0.9999926296997004,0.9927536231884059,0.6195042173768663,0.47300854270131193,0.9999926296996965,0.0003018874988147156,135679.68253345706,False,,,
Benchmark_A,BFG,100,20260717,12,4096,100,0.0244140625,127,25,0.025139499979559332,4.350004019215703e-05,3977.8038577262464,7.370300264031142e-06,False,-1,-1.0,0.0,0.0,0.02,0.0244140625,0.4497231720071386,0.6479357037428688,0.9999926296997004,0.9927536231884059,0.6195042173768663,0.47300854270131193,0.9999926296996965,0.0003018874988147156,135679.68253345706,False,,,
Benchmark_A,BFG,100,20260718,12,4096,100,0.0244140625,127,25,0.026382700016256422,4.800001624971628e-05,3790.362621656702,7.370300264031142e-06,False,-1,-1.0,0.0,0.0,0.02,0.0244140625,0.4497231720071386,0.6479357037428688,0.9999926296997004,0.9927536231884059,0.6195042173768663,0.47300854270131193,0.9999926296996965,0.0003018874988147156,135679.68253345706,False,,,
Benchmark_A,BFG,100,20260719,12,4096,100,0.0244140625,127,25,0.025978200021199882,4.600000102072954e-05,3849.3814012669686,7.370300264031142e-06,False,-1,-1.0,0.0,0.0,0.02,0.0244140625,0.4497231720071386,0.6479357037428688,0.9999926296997004,0.9927536231884059,0.6195042173768663,0.47300854270131193,0.9999926296996965,0.0003018874988147156,135679.68253345706,False,,,
Benchmark_A,BFG,100,20260720,12,4096,100,0.0244140625,127,25,0.025592399993911386,4.650000482797623e-05,3907.4100132770163,7.370300264031142e-06,False,-1,-1.0,0.0,0.0,0.02,0.0244140625,0.4497231720071386,0.6479357037428688,0.9999926296997004,0.9927536231884059,0.6195042173768663,0.47300854270131193,0.9999926296996965,0.0003018874988147156,135679.68253345706,False,,,
Benchmark_A,BFG,100,20260721,12,4096,100,0.0244140625,127,25,0.025285699986852705,4.2499974370002747e-05,3954.804496296127,7.370300264031142e-06,False,-1,-1.0,0.0,0.0,0.02,0.0244140625,0.4497231720071386,0.6479357037428688,0.9999926296997004,0.9927536231884059,0.6195042173768663,0.47300854270131193,0.9999926296996965,0.0003018874988147156,135679.68253345706,False,,,
Benchmark_A,BFG,100,20260722,12,4096,100,0.0244140625,127,25,0.026934999972581863,4.399992758408189e-05,3712.641548238118,7.370300264031142e-06,False,-1,-1.0,0.0,0.0,0.02,0.0244140625,0.4497231720071386,0.6479357037428688,0.9999926296997004,0.9927536231884059,0.6195042173768663,0.47300854270131193,0.9999926296996965,0.0003018874988147156,135679.68253345706,False,,,
Benchmark_A,BFG,100,20260723,12,4096,100,0.0244140625,127,25,0.026529300026595592,4.6600005589425564e-05,3769.4172066262627,7.370300264031142e-06,False,-1,-1.0,0.0,0.0,0.02,0.0244140625,0.4497231720071386,0.6479357037428688,0.9999926296997004,0.9927536231884059,0.6195042173768663,0.47300854270131193,0.9999926296996965,0.0003018874988147156,135679.68253345706,False,,,
Benchmark_A,BFG,100,20260724,12,4096,100,0.0244140625,127,25,0.025265200005378574,4.650006303563714e-05,3958.0133930747247,7.370300264031142e-06,False,-1,-1.0,0.0,0.0,0.02,0.0244140625,0.4497231720071386,0.6479357037428688,0.9999926296997004,0.9927536231884059,0.6195042173768663,0.47300854270131193,0.9999926296996965,0.0003018874988147156,135679.68253345706,False,,,
Benchmark_A,Baseline_Random,100,20260715,12,4096,100,0.0244140625,100,0,0.030346999992616475,0.004608999995980412,3295.2186385583527,0.005023500800176367,False,-1,-1.0,0.0,0.03,0.027,0.0244140625,0.44679274213238673,0.6445812353585105,0.994976499199788,0.8188405797101449,0.36641425061200283,0.1628502615282673,0.9465492433567493,0.205762592775224,199.06436562424588,False,,,
Benchmark_A,Baseline_Random,100,20260716,12,4096,100,0.0244140625,100,0,0.030887400032952428,0.005665400007274002,3237.566123834131,0.12981012051732305,False,-1,-1.0,0.1,0.07,0.028,0.0244140625,0.3846273832205918,0.5624641686665849,0.8701898794826413,0.8695652173913044,0.23560688760197704,0.0835858710134943,0.7171864554101287,5.317022536389552,7.703559599319152,False,,,
Benchmark_A,Baseline_Random,100,20260717,12,4096,100,0.0244140625,100,0,0.029995899996720254,0.004646899993531406,3333.7889515211737,0.0004783772718888039,False,-1,-1.0,0.0,0.03,0.022,0.0244140625,0.44940916842701517,0.6476178401352319,0.9995216227280755,0.8695652173913044,0.4580257441759008,0.23568364668980957,0.9917386689849437,0.019594333056565407,2090.4003153236017,False,,,
Benchmark_A,Baseline_Random,100,20260718,12,4096,100,0.0244140625,100,0,0.03090760001214221,0.005353399959858507,3235.4501792670567,7.884446875613092e-05,False,-1,-1.0,0.0,0.02,0.026,0.0244140625,0.4496769020670175,0.6478888797697255,0.9999211555312082,0.6376811594202898,0.48354369837492905,0.26418525597358766,0.9918029926890032,0.0032294694402511225,12683.197892968748,False,,,
Benchmark_A,Baseline_Random,100,20260719,12,4096,100,0.0244140625,100,0,0.029751800000667572,0.005461100023239851,3361.1411745762002,0.6734208921006918,True,15,0.005607100029010326,0.1,0.02,0.028,0.0244140625,0.16912956333702653,0.2181711370822627,0.3265791078992727,0.6521739130434782,0.056204904552445985,0.03305090294669379,0.32656706167661276,27.583319740444335,1.4849554145559196,False,,,
Benchmark_A,Baseline_Random,100,20260720,12,4096,100,0.0244140625,100,0,0.0293894000351429,0.005346000019926578,3402.5873233350535,5.370817882336106e-07,False,-1,-1.0,0.0,0.0,0.013,0.0244140625,0.44972943581235175,0.647940411419677,0.9999994629181761,0.5816251103539898,0.7213113208782934,0.550239940542958,0.9998773335969648,2.199887004604869e-05,1861913.8125849785,False,,,
Benchmark_A,Baseline_Random,100,20260721,12,4096,100,0.0244140625,100,0,0.02868380001746118,0.003835999988950789,3486.2884254919254,0.004902349564219664,False,-1,-1.0,0.0,0.01,0.02,0.0244140625,0.44687026896533877,0.6446633123393866,0.9950976504357447,0.7753623188405797,0.3689563839614413,0.1660315223662323,0.9473742229805332,0.20080023815043746,203.98382181854382,False,,,
Benchmark_A,Baseline_Random,100,20260722,12,4096,100,0.0244140625,100,0,0.03365659998962656,0.005734000005759299,2971.1854444840365,9.161162335216859e-05,False,-1,-1.0,0.0,0.02,0.022,0.0244140625,0.4496680335100878,0.6478803607876605,0.9999083883766122,0.7898550724637682,0.4709858077559823,0.25762278666489397,0.9918176138086889,0.0037524120925048255,10915.645454243864,False,,,
Benchmark_A,Baseline_Random,100,20260723,12,4096,100,0.0244140625,100,0,0.02934760000789538,0.004653399984817952,3407.4336563499915,0.022878250612811055,False,-1,-1.0,0.1,0.02,0.024,0.0244140625,0.4382057690005419,0.6331474532026542,0.9771217493871533,0.782608695652174,0.27063140804118685,0.10164691577334294,0.6896588639631406,0.9370931451007408,43.70963571139629,False,,,
Benchmark_A,Baseline_Random,100,20260724,12,4096,100,0.0244140625,100,0,0.030190200021024793,0.006038899999111891,3312.3331389112655,0.005005477734335687,False,-1,-1.0,0.0,0.04,0.029,0.0244140625,0.4467923900264806,0.6445933827466546,0.9949945222656287,0.8550724637681161,0.3654752073204829,0.16010262089655386,0.9464624056189815,0.20502436799838974,199.78113040846782,False,,,
Benchmark_A,Baseline_Greedy,100,20260715,12,4096,100,0.0244140625,118,18,0.04271469998639077,0.01733030000468716,2341.114418030813,0.9545250626891536,True,53,0.014709999959450215,0.9,0.19,0.044,0.0244140625,0.027220401764910664,0.03205313324853054,0.04547493731081065,1.0,0.010952653954720564,0.007091447209929452,0.04474061909298362,39.097346567747735,1.0476414282750537,True,58.0,0.01416015625,0.017112799978349358
Benchmark_A,Baseline_Greedy,100,20260716,12,4096,100,0.0244140625,117,17,0.039460100000724196,0.01419080002233386,2534.2054378515195,0.9558556478033795,True,53,0.015387099992949516,0.9,0.25,0.05,0.0244140625,0.02642530442432975,0.03117236564119456,0.04414435219658486,0.9927536231884059,0.01075312664760432,0.006875799208121179,0.043371056295298395,39.15184733402643,1.0461830740845306,True,58.0,0.01416015625,0.017883199965581298
Benchmark_A,Baseline_Greedy,100,20260717,12,4096,100,0.0244140625,120,20,0.04827970004407689,0.022308300132863224,2071.2639040570907,0.954363583096372,True,63,0.025949500035494566,0.9,0.2,0.054,0.0244140625,0.02732359518559053,0.03217118740138911,0.045636416903592214,1.0,0.011003537097584016,0.007124680503745637,0.04490708641711511,39.090732363627396,1.047818690603809,True,68.0,0.0166015625,0.028369500010740012
Benchmark_A,Baseline_Greedy,100,20260718,12,4096,100,0.0244140625,111,11,0.03887109999777749,0.014482799975667149,2572.6053547678775,0.9797034114963155,True,83,0.0292704000021331,1.0,0.29,0.063,0.0244140625,0.012351174728099394,0.014114781532707244,0.020296588503648794,1.0,0.004682578050307721,0.003289969349321997,0.019455636128745245,40.12865173488908,1.0207170744385643,True,87.0,0.021240234375,0.031719100021291524
Benchmark_A,Baseline_Greedy,100,20260719,12,4096,100,0.0244140625,119,19,0.03726109996205196,0.012336600048001856,2683.7640354644277,0.9794178903935193,True,63,0.018416000006254762,1.0,0.26,0.055,0.0244140625,0.012538097543348017,0.014320773451708322,0.02058210960644491,1.0,0.004764923853168254,0.003350673533122324,0.019735079053758816,40.11695679051855,1.021014635130068,True,67.0,0.016357421875,0.02077040000585839
Benchmark_A,Baseline_Greedy,100,20260720,12,4096,100,0.0244140625,112,12,0.030824000015854836,0.006625400157645345,3244.225277334653,0.9794581002892141,True,82,0.022452600009273738,1.0,0.27,0.068,0.0244140625,0.012507940129794401,0.014290296746800733,0.020541899710750156,1.0,0.004750190752296118,0.003338208931117387,0.01969571529054998,40.11860378784621,1.020972719205365,True,86.0,0.02099609375,0.0248404000303708
Benchmark_A,Baseline_Greedy,100,20260721,12,4096,100,0.0244140625,116,13,0.030589600035455078,0.005669900157954544,3269.084913960769,0.9805116307969742,True,93,0.026408900041133165,1.0,0.32,0.065,0.0244140625,0.011836948047680103,0.013520566160776128,0.01948836920299013,1.0,0.004421123169579432,0.003133535616579674,0.018665502203452616,40.161756397444066,1.0198757144646875,True,97.0,0.023681640625,0.02887830004328862
Benchmark_A,Baseline_Greedy,100,20260722,12,4096,100,0.0244140625,109,9,0.03981069999281317,0.01401460007764399,2511.887508083317,0.9786674095702806,True,73,0.02671149995876476,1.0,0.24,0.056,0.0244140625,0.013029946165408023,0.01485779408132808,0.021332590429683718,1.0,0.0049585975639480934,0.003510941954614638,0.020470361287735144,40.0862170959987,1.0217975894784175,True,77.0,0.018798828125,0.029207799991127104
Benchmark_A,Baseline_Greedy,100,20260723,12,4096,100,0.0244140625,122,22,0.034344399988185614,0.009083700133487582,2911.6828372136283,0.9797114803024054,True,73,0.021162399963941425,1.0,0.29,0.059,0.0244140625,0.012348050612934786,0.014111413240650565,0.02028851969755885,0.9927536231884059,0.004686255654022637,0.0032904573690397437,0.019447741458011588,40.12898223318653,1.0207086679144886,True,77.0,0.018798828125,0.023635299992747605
Benchmark_A,Baseline_Greedy,100,20260724,12,4096,100,0.0244140625,120,20,0.056099999987054616,0.023112199909519404,1782.5311947072291,0.9558996303580607,True,63,0.026799599989317358,0.9,0.27,0.06,0.0244140625,0.02639248165372557,0.03113987427087052,0.04410036964190356,1.0,0.010737320627945487,0.006861838635412783,0.04332585057437187,39.153648859466166,1.0461349374362874,True,68.0,0.0166015625,0.030332199996337295
Benchmark_A,Ablation_A_RandomOnly,100,20260715,12,4096,100,0.0244140625,109,0,0.03788170003099367,0.009180199936963618,2639.7970502428084,0.0005270053332542565,False,-1,-1.0,0.0,0.03,0.029,0.0244140625,0.4493705654198505,0.647584686853078,0.9994729946667101,0.9202898550724637,0.4281004992283081,0.23285256607351798,0.9917381408538004,0.02158613845009435,1897.5140039380676,False,,,
Benchmark_A,Ablation_A_RandomOnly,100,20260716,12,4096,100,0.0244140625,109,0,0.03938560001552105,0.010820199677255005,2538.9990240238076,4.5569584825241976e-05,False,-1,-1.0,0.0,0.01,0.028,0.0244140625,0.44969424959559107,0.6479097415305972,0.9999544304151391,0.7246376811594203,0.5020660378102181,0.33420137780949927,0.9990676202481727,0.0018665301944419113,21944.461505079995,False,,,
Benchmark_A,Ablation_A_RandomOnly,100,20260717,12,4096,100,0.0244140625,109,0,0.03832059999695048,0.009309599990956485,2609.5624809621436,5.889586222807329e-05,False,-1,-1.0,0.0,0.02,0.028,0.0244140625,0.44968827780608045,0.64790178232414,0.9999411041377363,0.4576424751549245,0.46629742591293677,0.25821553307641903,0.9925631164833727,0.002412374516861882,16979.121489511705,False,,,
Benchmark_A,Ablation_A_RandomOnly,100,20260718,12,4096,100,0.0244140625,109,0,0.03773979999823496,0.00882590003311634,2649.7225741704215,0.00029341651948847823,False,-1,-1.0,0.0,0.02,0.025,0.0244140625,0.4495309305534598,0.6477430565141142,0.9997065834804759,0.6594202898550725,0.446469559399213,0.2380619612897383,0.9917239428781746,0.012018340638248068,3408.1244019366386,False,,,
Benchmark_A,Ablation_A_RandomOnly,100,20260719,12,4096,100,0.0244140625,109,0,0.03950740001164377,0.010207600018475205,2531.1713747431527,0.00011494920735347703,False,-1,-1.0,0.0,0.02,0.032,0.0244140625,0.449648906910094,0.6478642183111357,0.9998850507926109,0.7670694352878236,0.36525102091981926,0.2555039815831411,0.9917313569529849,0.004708319533198419,8699.494524785443,False,,,
Benchmark_A,Ablation_A_RandomOnly,100,20260720,12,4096,100,0.0244140625,109,0,0.037787800014484674,0.00871899991761893,2646.356759633225,1.3969129926957635e-05,False,-1,-1.0,0.0,0.01,0.033,0.0244140625,0.44971789513648264,0.6479312184141947,0.9999860308700375,0.7528956849322952,0.5778191611054729,0.41487151942390366,0.99991312293699,0.0005721755618081848,71586.41985784666,False,,,
Benchmark_A,Ablation_A_RandomOnly,100,20260721,12,4096,100,0.0244140625,109,0,0.03943850001087412,0.010383700195234269,2535.593391544497,0.0012215026094062357,False,-1,-1.0,0.0,0.02,0.027,0.0244140625,0.4490088705796047,0.6471418339890586,0.9987784973905581,0.7898550724637682,0.38505467966194146,0.17197060541724815,0.9464585719733076,0.050032746881279413,818.6638262574759,False,,,
Benchmark_A,Ablation_A_RandomOnly,100,20260722,12,4096,100,0.0244140625,109,0,0.039901699987240136,0.00968059996375814,2506.1588862624462,6.300837810475744e-05,False,-1,-1.0,0.0,0.03,0.031,0.0244140625,0.4496804275008666,0.6478979535836535,0.9999369916218596,0.8550724637681161,0.4790443515983806,0.3365999963413131,0.9990870547273479,0.0025808231671708647,15870.905268143939,False,,,
Benchmark_A,Ablation_A_RandomOnly,100,20260723,12,4096,100,0.0244140625,109,0,0.03743989998474717,0.00856710015796125,2670.9473059687525,0.0002528787537218301,False,-1,-1.0,0.0,0.04,0.031,0.0244140625,0.4495497013324005,0.6477715721817039,0.9997471212462425,0.8550724637681161,0.36865832358316347,0.2631475570718845,0.9917368684714782,0.010357913752446163,3954.4642848881363,False,,,
Benchmark_A,Ablation_A_RandomOnly,100,20260724,12,4096,100,0.0244140625,109,0,0.03898730000946671,0.009271100105252117,2564.937812459916,0.001425000589738361,False,-1,-1.0,0.0,0.04,0.023,0.0244140625,0.4488882924063437,0.6470078544911224,0.998574999410226,0.8913043478260869,0.386897491888026,0.17332864953191474,0.946462050300571,0.05836802415568327,701.7540955429403,False,,,
Benchmark_A,Ablation_B_RandomWings,100,20260715,12,4096,100,0.0244140625,100,0,0.02922299999045208,0.001922199851833284,3421.9621542166315,7.370794207752356e-06,False,-1,-1.0,0.0,0.0,0.014,0.0244140625,0.44972317176015203,0.6479357034758342,0.9999926292057566,0.9927536231884059,0.6194741345473498,0.4729913569939627,0.9999256160635484,0.00030190773074953653,135670.59014457808,False,,,
Benchmark_A,Ablation_B_RandomWings,100,20260716,12,4096,100,0.0244140625,100,0,0.031002799980342388,0.003439399821218103,3225.5151168089956,7.370300264031142e-06,False,-1,-1.0,0.0,0.0,0.015,0.0244140625,0.4497231720071386,0.6479357037428688,0.9999926296997004,0.9927536231884059,0.6195042173768663,0.47300854270131193,0.9999926296996965,0.0003018874988147156,135679.68253345706,False,,,
Benchmark_A,Ablation_B_RandomWings,100,20260717,12,4096,100,0.0244140625,100,0,0.03149160003522411,0.0028500001062639058,3175.4499577076936,1.363754803392282e-05,False,-1,-1.0,0.0,0.01,0.017,0.0244140625,0.4497179493006637,0.6479314086549905,0.9999863624519304,0.9782608695652175,0.5872465799338408,0.43192165321168446,0.999913136626273,0.0005585939674694787,73326.96445963325,False,,,
Benchmark_A,Ablation_B_RandomWings,100,20260718,12,4096,100,0.0244140625,100,0,0.028154100000392646,7.110019214451313e-05,3551.880543104037,7.370300664098814e-06,False,-1,-1.0,0.0,0.0,0.015,0.0244140625,0.44972317200683865,0.6479357037426461,0.9999926296993003,0.9927536231884059,0.6195042111434144,0.473008533324899,0.9999925754186556,0.0003018875152014874,135679.67516862115,False,,,
Benchmark_A,Ablation_B_RandomWings,100,20260719,12,4096,100,0.0244140625,100,0,0.029551099985837936,0.002016599930357188,3383.968787893648,0.0004884036131139113,False,-1,-1.0,0.0,0.01,0.015,0.0244140625,0.4494024831319054,0.6476106492479597,0.9995115963868505,0.9710144927536232,0.458010703054822,0.23602178511604174,0.9926426154978484,0.02000501199314581,2047.486900484432,False,,,
Benchmark_A,Ablation_B_RandomWings,100,20260720,12,4096,100,0.0244140625,100,0,0.028023899998515844,6.769993342459202e-05,3568.382702096997,1.3643481309208617e-05,False,-1,-1.0,0.0,0.01,0.015,0.0244140625,0.4497179443562677,0.6479314035695944,0.9999863565186552,0.9927536231884059,0.5871470169783193,0.4319006405591894,0.999913136626299,0.0005588369944251849,73295.07603935762,False,,,
Benchmark_A,Ablation_B_RandomWings,100,20260721,12,4096,100,0.0244140625,100,0,0.030230099975597113,0.002837400126736611,3307.9612730597582,7.370300264031142e-06,False,-1,-1.0,0.0,0.0,0.014,0.0244140625,0.4497231720071386,0.6479357037428688,0.9999926296997004,0.9927536231884059,0.6195042173768663,0.47300854270131193,0.9999926296996965,0.0003018874988147156,135679.68253345706,False,,,
Benchmark_A,Ablation_B_RandomWings,100,20260722,12,4096,100,0.0244140625,100,0,0.03160420001950115,0.004335100005846471,3164.1364102965968,7.37030028730236e-06,False,-1,-1.0,0.0,0.0,0.014,0.0244140625,0.44972317200711925,0.6479357037428559,0.9999926296996771,0.9927536231884059,0.6195042173373789,0.47300854241902307,0.9999926265422685,0.00030188749976790466,135679.68210505776,False,,,
Benchmark_A,Ablation_B_RandomWings,100,20260723,12,4096,100,0.0244140625,100,0,0.03691429999889806,0.005726300063543022,2708.977279888421,7.370300391786553e-06,False,-1,-1.0,0.0,0.0,0.016,0.0244140625,0.44972317200704276,0.6479357037427981,0.9999926296995726,0.9927536231884059,0.6195042152723145,0.47300853970717754,0.9999926123659307,0.0003018875040475772,135679.68018161078,False,,,
Benchmark_A,Ablation_B_RandomWings,100,20260724,12,4096,100,0.0244140625,100,0,0.02823070000158623,0.0018852998618967831,3542.2430189255383,1.95750624424704e-05,False,-1,-1.0,0.0,0.02,0.016,0.0244140625,0.4497135291296697,0.647927482511391,0.9999804249375219,0.8623188405797101,0.5396949928757906,0.39030501768036774,0.999088155055655,0.0008017945576435875,51085.40536914878,False,,,
Benchmark_A,Ablation_C_RandomWingsGenealogy,100,20260715,12,4096,100,0.0244140625,127,25,0.02401400002418086,4.020001506432891e-05,4164.237523915431,7.370300264031142e-06,False,-1,-1.0,0.0,0.0,0.02,0.0244140625,0.4497231720071386,0.6479357037428688,0.9999926296997004,0.9927536231884059,0.6195042173768663,0.47300854270131193,0.9999926296996965,0.0003018874988147156,135679.68253345706,False,,,
Benchmark_A,Ablation_C_RandomWingsGenealogy,100,20260716,12,4096,100,0.0244140625,127,25,0.024631299951579422,4.2300031054764986e-05,4059.875045027323,7.370300264031142e-06,False,-1,-1.0,0.0,0.0,0.02,0.0244140625,0.4497231720071386,0.6479357037428688,0.9999926296997004,0.9927536231884059,0.6195042173768663,0.47300854270131193,0.9999926296996965,0.0003018874988147156,135679.68253345706,False,,,
Benchmark_A,Ablation_C_RandomWingsGenealogy,100,20260717,12,4096,100,0.0244140625,127,25,0.02796689997194335,5.8300094678997993e-05,3575.6555106329597,7.370300264031142e-06,False,-1,-1.0,0.0,0.0,0.02,0.0244140625,0.4497231720071386,0.6479357037428688,0.9999926296997004,0.9927536231884059,0.6195042173768663,0.47300854270131193,0.9999926296996965,0.0003018874988147156,135679.68253345706,False,,,
Benchmark_A,Ablation_C_RandomWingsGenealogy,100,20260718,12,4096,100,0.0244140625,127,25,0.024895699985790998,4.4199987314641476e-05,4016.7579163098094,7.370300264031142e-06,False,-1,-1.0,0.0,0.0,0.02,0.0244140625,0.4497231720071386,0.6479357037428688,0.9999926296997004,0.9927536231884059,0.6195042173768663,0.47300854270131193,0.9999926296996965,0.0003018874988147156,135679.68253345706,False,,,
Benchmark_A,Ablation_C_RandomWingsGenealogy,100,20260719,12,4096,100,0.0244140625,127,25,0.02597830002196133,3.839994315057993e-05,3849.3665834740063,7.370300264031142e-06,False,-1,-1.0,0.0,0.0,0.02,0.0244140625,0.4497231720071386,0.6479357037428688,0.9999926296997004,0.9927536231884059,0.6195042173768663,0.47300854270131193,0.9999926296996965,0.0003018874988147156,135679.68253345706,False,,,
Benchmark_A,Ablation_C_RandomWingsGenealogy,100,20260720,12,4096,100,0.0244140625,127,25,0.026648700004443526,4.210002953186631e-05,3752.5282652934493,7.370300264031142e-06,False,-1,-1.0,0.0,0.0,0.02,0.0244140625,0.4497231720071386,0.6479357037428688,0.9999926296997004,0.9927536231884059,0.6195042173768663,0.47300854270131193,0.9999926296996965,0.0003018874988147156,135679.68253345706,False,,,
Benchmark_A,Ablation_C_RandomWingsGenealogy,100,20260721,12,4096,100,0.0244140625,127,25,0.02563940000254661,4.3800100684165955e-05,3900.24727528989,7.370300264031142e-06,False,-1,-1.0,0.0,0.0,0.02,0.0244140625,0.4497231720071386,0.6479357037428688,0.9999926296997004,0.9927536231884059,0.6195042173768663,0.47300854270131193,0.9999926296996965,0.0003018874988147156,135679.68253345706,False,,,
Benchmark_A,Ablation_C_RandomWingsGenealogy,100,20260722,12,4096,100,0.0244140625,127,25,0.025617899955250323,3.959989408031106e-05,3903.520592034526,7.370300264031142e-06,False,-1,-1.0,0.0,0.0,0.02,0.0244140625,0.4497231720071386,0.6479357037428688,0.9999926296997004,0.9927536231884059,0.6195042173768663,0.47300854270131193,0.9999926296996965,0.0003018874988147156,135679.68253345706,False,,,
Benchmark_A,Ablation_C_RandomWingsGenealogy,100,20260723,12,4096,100,0.0244140625,127,25,0.032522099965717643,5.500006955116987e-05,3074.8321942744315,7.370300264031142e-06,False,-1,-1.0,0.0,0.0,0.02,0.0244140625,0.4497231720071386,0.6479357037428688,0.9999926296997004,0.9927536231884059,0.6195042173768663,0.47300854270131193,0.9999926296996965,0.0003018874988147156,135679.68253345706,False,,,
Benchmark_A,Ablation_C_RandomWingsGenealogy,100,20260724,12,4096,100,0.0244140625,127,25,0.025789899984374642,6.180000491440296e-05,3877.4869255246094,7.370300264031142e-06,False,-1,-1.0,0.0,0.0,0.02,0.0244140625,0.4497231720071386,0.6479357037428688,0.9999926296997004,0.9927536231884059,0.6195042173768663,0.47300854270131193,0.9999926296996965,0.0003018874988147156,135679.68253345706,False,,,
Benchmark_A,BFG,200,20260715,12,4096,200,0.048828125,228,25,0.053713300032541156,0.002153799985535443,3723.4725827464313,0.9768790043087734,True,178,0.047595900017768145,1.0,0.21,0.099,0.048828125,0.014144180242167336,0.01607164904328652,0.023120995691191415,1.0,0.005262367023357012,0.003834636571676924,0.02222917662094793,20.00648200824368,2.047336457410274,True,194.0,0.04736328125,0.05157599999802187
Benchmark_A,BFG,200,20260716,12,4096,200,0.048828125,228,25,0.05331380001734942,9.839999256655574e-05,3751.373939485008,0.9768790043087734,True,178,0.047394099994562566,1.0,0.21,0.099,0.048828125,0.014144180242167336,0.01607164904328652,0.023120995691191415,1.0,0.005262367023357012,0.003834636571676924,0.02222917662094793,20.00648200824368,2.047336457410274,True,194.0,0.04736328125,0.05122180003672838
Benchmark_A,BFG,200,20260717,12,4096,200,0.048828125,228,25,0.05165570002282038,8.969998452812433e-05,3871.789558783334,0.9768790043087734,True,178,0.045794400037266314,1.0,0.21,0.099,0.048828125,0.014144180242167336,0.01607164904328652,0.023120995691191415,1.0,0.005262367023357012,0.003834636571676924,0.02222917662094793,20.00648200824368,2.047336457410274,True,194.0,0.04736328125,0.0496119000017643
Benchmark_A,BFG,200,20260718,12,4096,200,0.048828125,228,25,0.054403500049375,0.0001020999625325203,3676.23406248653,0.9768790043087734,True,178,0.04824530001496896,1.0,0.21,0.099,0.048828125,0.014144180242167336,0.01607164904328652,0.023120995691191415,1.0,0.005262367023357012,0.003834636571676924,0.02222917662094793,20.00648200824368,2.047336457410274,True,194.0,0.04736328125,0.052006600017193705
Benchmark_A,BFG,200,20260719,12,4096,200,0.048828125,228,25,0.05132280004909262,8.860009256750345e-05,3896.9035167350726,0.9768790043087734,True,178,0.04546430002665147,1.0,0.21,0.099,0.048828125,0.014144180242167336,0.01607164904328652,0.023120995691191415,1.0,0.005262367023357012,0.003834636571676924,0.02222917662094793,20.00648200824368,2.047336457410274,True,194.0,0.04736328125,0.04930950002744794
Benchmark_A,BFG,200,20260720,12,4096,200,0.048828125,228,25,0.05249930004356429,0.00011509994510561228,3809.574600690649,0.9768790043087734,True,178,0.04644880001433194,1.0,0.21,0.099,0.048828125,0.014144180242167336,0.01607164904328652,0.023120995691191415,1.0,0.005262367023357012,0.003834636571676924,0.02222917662094793,20.00648200824368,2.047336457410274,True,194.0,0.04736328125,0.050498099997639656
Benchmark_A,BFG,200,20260721,12,4096,200,0.048828125,228,25,0.05280609999317676,0.00010449998080730438,3787.4412241358978,0.9768790043087734,True,178,0.046732099959626794,1.0,0.21,0.099,0.048828125,0.014144180242167336,0.01607164904328652,0.023120995691191415,1.0,0.005262367023357012,0.003834636571676924,0.02222917662094793,20.00648200824368,2.047336457410274,True,194.0,0.04736328125,0.05050449998816475
Benchmark_A,BFG,200,20260722,12,4096,200,0.048828125,228,25,0.05105559999356046,9.569997200742364e-05,3917.2980050224774,0.9768790043087734,True,178,0.04518800001824275,1.0,0.21,0.099,0.048828125,0.014144180242167336,0.01607164904328652,0.023120995691191415,1.0,0.005262367023357012,0.003834636571676924,0.02222917662094793,20.00648200824368,2.047336457410274,True,194.0,0.04736328125,0.04900749999796972
Benchmark_A,BFG,200,20260723,12,4096,200,0.048828125,228,25,0.051929500012192875,0.00010309991193935275,3851.3754215434515,0.9768790043087734,True,178,0.045729000004939735,1.0,0.21,0.099,0.048828125,0.014144180242167336,0.01607164904328652,0.023120995691191415,1.0,0.005262367023357012,0.003834636571676924,0.02222917662094793,20.00648200824368,2.047336457410274,True,194.0,0.04736328125,0.04975800000829622
Benchmark_A,BFG,200,20260724,12,4096,200,0.048828125,228,25,0.050948799995239824,9.160005720332265e-05,3925.5095315039043,0.9768790043087734,True,178,0.04516840004362166,1.0,0.21,0.099,0.048828125,0.014144180242167336,0.01607164904328652,0.023120995691191415,1.0,0.005262367023357012,0.003834636571676924,0.02222917662094793,20.00648200824368,2.047336457410274,True,194.0,0.04736328125,0.048957500024698675
Benchmark_A,Baseline_Random,200,20260715,12,4096,200,0.048828125,200,0,0.05855590000282973,0.004755100002512336,3415.539680721071,0.005060902799401248,False,-1,-1.0,0.0,0.04,0.048,0.048828125,0.4467642761856987,0.6445558511880407,0.9949390972005631,0.8260869565217391,0.36628629175329624,0.16153162859785766,0.9464697504675511,0.10364728933173756,395.18640828996337,False,,,
Benchmark_A,Baseline_Random,200,20260716,12,4096,200,0.048828125,200,0,0.06356740003684536,0.009705600037705153,3146.266795308203,0.12986795583422633,False,-1,-1.0,0.1,0.09,0.063,0.048828125,0.3845835903363352,0.5624254955884496,0.870132044165738,0.8695652173913044,0.2355746936706181,0.08346257963361925,0.7167645921785814,2.6596957354849553,15.400257801493058,False,,,
Benchmark_A,Baseline_Random,200,20260717,12,4096,200,0.048828125,200,0,0.055892899981699884,0.005749700008891523,3578.2720178320105,0.04863795438535595,False,-1,-1.0,0.2,0.07,0.047,0.048828125,0.4252278382755475,0.6164612281213352,0.9513620456146084,0.9347826086956522,0.19670442541229716,0.1012396525877673,0.7267358102480437,0.9961053058120899,41.12015041081098,False,,,
Benchmark_A,Baseline_Random,200,20260718,12,4096,200,0.048828125,200,0,0.05904619995271787,0.006521199946291745,3387.1781784459117,0.0008720617775426274,False,-1,-1.0,0.0,0.04,0.05,0.048828125,0.4492096633364182,0.6473716317749054,0.9991279382224217,0.5942028985507247,0.3758882398469426,0.17800481274881572,0.9391910483771646,0.01785982520407301,2293.4155027821266,False,,,
Benchmark_A,Baseline_Random,200,20260719,12,4096,200,0.048828125,200,0,0.05806279997341335,0.008272800012491643,3444.5462514997375,0.673508883777825,True,15,0.008404600026551634,0.1,0.04,0.055,0.048828125,0.1690687736601444,0.21811160147976225,0.32649111622213944,0.7318840579710145,0.05617809172431289,0.033015082489442016,0.3264364198339395,13.793461939769857,2.9695228202212607,False,,,
Benchmark_A,Baseline_Random,200,20260720,12,4096,200,0.048828125,200,0,0.056584900012239814,0.005500700033735484,3534.5118566391075,0.0015736539198119674,False,-1,-1.0,0.0,0.02,0.031,0.048828125,0.4488029791749936,0.6469094245216794,0.9984263460801523,0.8768115942028986,0.392173365925429,0.17894676095987502,0.9465486119228945,0.032228432277749096,1270.9274732013348,False,,,
Benchmark_A,Baseline_Random,200,20260721,12,4096,200,0.048828125,200,0,0.06029420002596453,0.004643999971449375,3317.0686386729385,0.0052810540773068305,False,-1,-1.0,0.0,0.02,0.04,0.048828125,0.4466173656672456,0.6444080506911821,0.9947189459226575,0.7971014492753623,0.35346453991163845,0.1593191689857957,0.9391992106938242,0.10815598750324389,378.7122742397549,False,,,
Benchmark_A,Baseline_Random,200,20260722,12,4096,200,0.048828125,200,0,0.055497299996204674,0.005832900002133101,3603.7789228246693,0.00015595388669088227,False,-1,-1.0,0.0,0.03,0.039,0.048828125,0.4496250950887675,0.6478380715530833,0.9998440461132735,0.7608695652173912,0.4357499153609655,0.254833020476383,0.9918178436670858,0.003193935599429269,12824.303660762362,False,,,
Benchmark_A,Baseline_Random,200,20260723,12,4096,200,0.048828125,200,0,0.0560150999808684,0.005252100003417581,3570.4658220427837,0.029842913534952702,False,-1,-1.0,0.1,0.06,0.047,0.048828125,0.43411247679349746,0.6285012247042544,0.9701570864650116,0.8260869565217391,0.2182260230408386,0.08609444002501133,0.6734831522805677,0.6111828691958313,67.01758518509106,False,,,
Benchmark_A,Baseline_Random,200,20260724,12,4096,200,0.048828125,200,0,0.05871849996037781,0.007611599983647466,3406.0815609212837,0.005013944704185683,False,-1,-1.0,0.0,0.05,0.053,0.048828125,0.44678584979951935,0.6445877355907705,0.9949860552957787,0.8405797101449275,0.3648466334349921,0.15930621584957733,0.9464623554145511,0.10268558754172279,398.88752628850955,False,,,
Benchmark_A,Baseline_Greedy,200,20260715,12,4096,200,0.048828125,273,73,0.07412170001771301,0.0220967999775894,2698.2651497767265,0.9811295657436248,True,82,0.023958300007507205,1.0,0.31,0.081,0.048828125,0.011520278702372806,0.013120840782789338,0.018870434256339497,1.0,0.004321012165496098,0.0030920304680073563,0.018062287302414676,20.093533506429434,2.038466752843337,True,86.0,0.02099609375,0.026511100004427135
Benchmark_A,Baseline_Greedy,200,20260716,12,4096,200,0.048828125,271,71,0.07416709995595738,0.023361099942121655,2696.6134595901135,0.9810630227321414,True,93,0.0267133999732323,1.0,0.33,0.084,0.048828125,0.011537033072408638,0.013190689983588685,0.018936977267822952,1.0,0.004420655238447137,0.0030788134973067705,0.01812720227876279,20.092170705554256,2.038605016862467,True,97.0,0.023681640625,0.029176699987147003
Benchmark_A,Baseline_Greedy,200,20260717,12,4096,200,0.048828125,280,80,0.08496000000741333,0.0318809999153018,2354.048964013049,0.9780287070649126,True,62,0.016530699969734997,1.0,0.2,0.074,0.048828125,0.013392449814161494,0.01526766566035022,0.021971292935051734,1.0,0.005026178352510995,0.0035901854349739463,0.021097017740341173,20.03002792068941,2.044929750581706,True,66.0,0.01611328125,0.01925359998131171
Benchmark_A,Baseline_Greedy,200,20260718,12,4096,200,0.048828125,276,76,0.08603190002031624,0.033364899980369955,2324.7190862083767,0.9501691030474241,True,52,0.01673919998575002,0.8,0.18,0.053,0.048828125,0.02982335059374786,0.035108063508770083,0.04983089695254006,0.9565217391304347,0.011973026184497342,0.0078016692306178475,0.04925101294495948,19.459463230411245,2.1048884809930275,True,71.0,0.017333984375,0.02499309997074306
Benchmark_A,Baseline_Greedy,200,20260719,12,4096,200,0.048828125,284,84,0.07544929999858141,0.022792200150433928,2650.786687268939,0.9561780077283866,True,83,0.026395699998829514,0.9,0.27,0.071,0.048828125,0.02617470761986312,0.03092115944480831,0.04382199227157779,1.0,0.010632136778606973,0.006785536807543545,0.04303982834696534,19.582525598277357,2.0916607408190075,True,88.0,0.021484375,0.02890469995327294
Benchmark_A,Baseline_Greedy,200,20260720,12,4096,200,0.048828125,276,76,0.07886670000152662,0.02825620013754815,2535.9245409802693,0.9546486560747067,True,63,0.018740500032436103,0.9,0.23,0.084,0.048828125,0.027123968794584775,0.03201361140709809,0.045351343925257526,0.9927536231884059,0.011011546821304126,0.007047739600894311,0.044613242523225086,19.551204476409993,2.0950115911999867,True,68.0,0.0166015625,0.02168940001865849
Benchmark_A,Baseline_Greedy,200,20260721,12,4096,200,0.048828125,273,73,0.07267369999317452,0.019729799998458475,2752.0272123035415,0.980507346905789,True,83,0.021957699966151267,1.0,0.3,0.084,0.048828125,0.011887727056800364,0.013568209429162294,0.01949265309417536,1.0,0.004515117613323226,0.0031833523512462014,0.018669689290713113,20.08079046463056,2.0397603407169247,True,87.0,0.021240234375,0.024538700003176928
Benchmark_A,Baseline_Greedy,200,20260722,12,4096,200,0.048828125,260,60,0.07147289998829365,0.02048159996047616,2798.2633981936856,0.9555818147634481,True,93,0.025106100016273558,0.9,0.26,0.082,0.048828125,0.026587059574458765,0.03136370969759586,0.044418185236516305,1.0,0.01081972234020371,0.006918168206248376,0.04365259822060001,19.570315566355415,2.0929657399299666,True,98.0,0.02392578125,0.02748550003161654
Benchmark_A,Baseline_Greedy,200,20260723,12,4096,200,0.048828125,275,75,0.07252370001515374,0.02013500005705282,2757.7192001815993,0.9813461149278304,True,93,0.029144299973268062,1.0,0.29,0.093,0.048828125,0.011400327032493699,0.01300250956410635,0.018653885072133947,1.0,0.004356529560158773,0.0030683561733504164,0.017851062214897215,20.097968433721967,2.038016933655546,True,97.0,0.023681640625,0.031683499983046204
Benchmark_A,Baseline_Greedy,200,20260724,12,4096,200,0.048828125,279,79,0.08091849996708333,0.02694160013925284,2471.6226830867795,0.9783639732207386,True,63,0.0199927999638021,1.0,0.22,0.071,0.048828125,0.013169332319003848,0.015040481853026566,0.021636026779225603,0.9855072463768115,0.004978957624267832,0.0035150172955162595,0.020767972139240025,20.03689417156073,2.044228993240698,True,67.0,0.016357421875,0.022768499969970435
Benchmark_A,Ablation_A_RandomOnly,200,20260715,12,4096,200,0.048828125,201,0,0.07699129998218268,0.011403099924791604,2597.6961039271187,0.0007497646134067399,False,-1,-1.0,0.0,0.06,0.053,0.048828125,0.4492215093997612,0.6474349604292781,0.9992502353865577,0.9492753623188407,0.4307675924354398,0.2284610037146385,0.9917380199636451,0.015355179282570033,2667.5038595280034,False,,,
Benchmark_A,Ablation_A_RandomOnly,200,20260716,12,4096,200,0.048828125,201,0,0.08311980002326891,0.011902699945494533,2406.1655579538347,0.0004435986030610513,False,-1,-1.0,0.0,0.03,0.046,0.048828125,0.4494269806205356,0.6476411862699856,0.9995564013969033,0.8695652173913044,0.43923737272668095,0.2382033243117184,0.9917381408537776,0.009084899390690331,4508.580473876617,False,,,
Benchmark_A,Ablation_A_RandomOnly,200,20260717,12,4096,200,0.048828125,201,0,0.08068960002856329,0.014271299995016307,2478.6341725476645,0.002225220233182632,False,-1,-1.0,0.0,0.07,0.055,0.048828125,0.44833391124891203,0.6464639031307138,0.9977747797667817,0.9130434782608695,0.323547380414448,0.18187042087902439,0.9391123905772297,0.04557251037558031,898.7874414297817,False,,,
Benchmark_A,Ablation_A_RandomOnly,200,20260718,12,4096,200,0.048828125,201,0,0.07454450003569946,0.014724599954206496,2682.961182974193,0.00020323926557869147,False,-1,-1.0,0.0,0.07,0.054,0.048828125,0.4495839454795718,0.6478054110175853,0.9997967607343857,0.6594202898550725,0.391266276705802,0.26877008815599074,0.9917368831837233,0.004162340159051601,9840.618122218255,False,,,
Benchmark_A,Ablation_A_RandomOnly,200,20260719,12,4096,200,0.048828125,201,0,0.0783371000434272,0.014923400129191577,2553.068723365141,0.0015336591053417097,False,-1,-1.0,0.0,0.08,0.057,0.048828125,0.44875813755568855,0.6469253292988463,0.9984663408946226,0.7463768115942028,0.279491668432717,0.18394109324576657,0.9391118821173916,0.03140933847739821,1304.0707632054819,False,,,
Benchmark_A,Ablation_A_RandomOnly,200,20260720,12,4096,200,0.048828125,201,0,0.08087350003188476,0.015693700115662068,2472.9979526192024,0.0012435824491571796,False,-1,-1.0,0.0,0.05,0.058,0.048828125,0.4489908637406605,0.6471268927327544,0.9987564175508071,0.8188405797101449,0.38356076030793956,0.16869956266489883,0.9464623028122015,0.025468568558739038,1608.2568561139406,False,,,
Benchmark_A,Ablation_A_RandomOnly,200,20260721,12,4096,200,0.048828125,201,0,0.08381189999636263,0.01558199996361509,2386.2959795527827,0.001002574070589635,False,-1,-1.0,0.0,0.05,0.056,0.048828125,0.44912487882988167,0.6472847989920368,0.9989974259293747,0.7168873226989004,0.373269098746852,0.17176954112648976,0.9391122776739226,0.020532716965675726,1994.865076476352,False,,,
Benchmark_A,Ablation_A_RandomOnly,200,20260722,12,4096,200,0.048828125,201,0,0.08187080000061542,0.016101700020954013,2442.8734053960216,0.0005379876272800836,False,-1,-1.0,0.0,0.02,0.057,0.048828125,0.44936732280946484,0.6475784481099008,0.9994620123726843,0.8768115942028986,0.42347516727455947,0.22810014401860637,0.9925629996239403,0.011017986606696112,3717.557613938904,False,,,
Benchmark_A,Ablation_A_RandomOnly,200,20260723,12,4096,200,0.048828125,201,0,0.07911900000181049,0.014195300173014402,2527.8378138680137,0.00012344810546986872,False,-1,-1.0,0.0,0.05,0.064,0.048828125,0.4496347732358075,0.6478569163397798,0.9998765518944945,0.8043478260869565,0.45687164133051383,0.32160921224438627,0.9990596104137653,0.0025282172000229116,16201.139680415437,False,,,
Benchmark_A,Ablation_A_RandomOnly,200,20260724,12,4096,200,0.048828125,201,0,0.07590289996005595,0.013709800085052848,2634.945438254011,0.0003422832484371516,False,-1,-1.0,0.0,0.08,0.056,0.048828125,0.4494810706023127,0.6477108384801497,0.9996577167515273,0.9130434782608695,0.37681792096177286,0.2774521661577195,0.9917380565026255,0.007009960927992864,5843.1138804832,False,,,
Benchmark_A,Ablation_B_RandomWings,200,20260715,12,4096,200,0.048828125,200,0,0.06421410001348704,0.008136800082866102,3114.5807534169835,8.686339244277143e-05,False,-1,-1.0,0.0,0.05,0.07,0.048828125,0.4496569277683418,0.6478813658566461,0.9999131366075216,1.0,0.513899176353907,0.39118928474937875,0.9999129208594921,0.001778962277227959,23024.659108469292,False,,,
Benchmark_A,Ablation_B_RandomWings,200,20260716,12,4096,200,0.048828125,200,0,0.07303849997697398,0.00945849996060133,2738.2818659070454,9.51801034588424e-05,False,-1,-1.0,0.0,0.06,0.065,0.048828125,0.44965069023195614,0.647875844572461,0.9999048198965055,1.0,0.5045656668943771,0.3832449055611032,0.9990881550556302,0.0019492885188370924,21012.79497836264,False,,,
Benchmark_A,Ablation_B_RandomWings,200,20260717,12,4096,200,0.048828125,200,0,0.07584450003923848,0.010476000024937093,2636.974334283028,0.00039111330282771517,False,-1,-1.0,0.0,0.08,0.068,0.048828125,0.44945055825176133,0.6476763699858267,0.9996088866971367,0.7971014492753623,0.4275092026987679,0.26467839238681107,0.9917381408537714,0.008010000441911606,5113.607707894807,False,,,
Benchmark_A,Ablation_B_RandomWings,200,20260718,12,4096,200,0.048828125,200,0,0.0674388000043109,0.0040039001032710075,2965.651820424079,0.0013168272581230752,False,-1,-1.0,0.0,0.07,0.066,0.048828125,0.44893843539014444,0.6470778093802482,0.9986831727418413,0.8913043478260869,0.38412641247710105,0.1694954960813256,0.9464624047790728,0.026968622246360582,1518.8020962223072,False,,,
Benchmark_A,Ablation_B_RandomWings,200,20260719,12,4096,200,0.048828125,200,0,0.06234419997781515,0.005635900015477091,3207.9968958005543,0.0014963495076417317,False,-1,-1.0,0.0,0.08,0.065,0.048828125,0.44880234891593346,0.6469546492672269,0.9985036504923226,0.8115942028985508,0.3350165607710221,0.17019468136159652,0.9399373721478738,0.030645237916502664,1336.5861316398125,False,,,
Benchmark_A,Ablation_B_RandomWings,200,20260720,12,4096,200,0.048828125,200,0,0.07463170000119135,0.012056699895765632,2679.826400802975,0.0011007458930141763,False,-1,-1.0,0.0,0.07,0.065,0.048828125,0.44905985389048647,0.6472190406507735,0.9988992541069502,0.8405797101449275,0.3839608013692438,0.17002737891036226,0.9464624002456664,0.02254327588893033,1816.9497725977365,False,,,
Benchmark_A,Ablation_B_RandomWings,200,20260721,12,4096,200,0.048828125,200,0,0.06495670002186671,0.004982099984772503,3078.9741463570804,9.821426902595851e-05,False,-1,-1.0,0.0,0.07,0.069,0.048828125,0.44964841460778077,0.6478738511358606,0.9999017857309384,0.8695652173913044,0.4993458698985849,0.38068153547687383,0.9990881550556046,0.00201142822965163,20363.639823775404,False,,,
Benchmark_A,Ablation_B_RandomWings,200,20260722,12,4096,200,0.048828125,200,0,0.07329250004841015,0.01208260009298101,2728.792166564093,0.0001811062178986272,False,-1,-1.0,0.0,0.07,0.066,0.048828125,0.44959123839290577,0.6478186769990214,0.9998188937820658,0.8478260869565217,0.4421225707043107,0.3163092927502413,0.991738140853759,0.003709055342563885,11043.243148722173,False,,,
Benchmark_A,Ablation_B_RandomWings,200,20260723,12,4096,200,0.048828125,200,0,0.06832279998343438,0.00960220000706613,2927.2804985816188,9.15840242026148e-05,False,-1,-1.0,0.0,0.05,0.071,0.048828125,0.4496533872926334,0.6478782443941208,0.9999084159757617,0.9855072463768115,0.5068524881609189,0.3865029301629577,0.9990880741389097,0.0018756408156695512,21837.86984043554,False,,,
Benchmark_A,Ablation_B_RandomWings,200,20260724,12,4096,200,0.048828125,200,0,0.07374750002054498,0.01062010001624003,2711.9563367474548,9.317163530933106e-05,False,-1,-1.0,0.0,0.06,0.065,0.048828125,0.4496521965889068,0.6478771844852382,0.999906828364655,0.9420289855072463,0.5055107935616877,0.3850335386333142,0.9990877790695605,0.0019081550911351,21465.760404011085,False,,,
Benchmark_A,Ablation_C_RandomWingsGenealogy,200,20260715,12,4096,200,0.048828125,228,25,0.05852799996500835,0.00013580004451796412,3417.167853327849,0.9768790043087734,True,178,0.05263359996024519,1.0,0.21,0.099,0.048828125,0.014144180242167336,0.01607164904328652,0.023120995691191415,1.0,0.005262367023357012,0.003834636571676924,0.02222917662094793,20.00648200824368,2.047336457410274,True,194.0,0.04736328125,0.05633839999791235
Benchmark_A,Ablation_C_RandomWingsGenealogy,200,20260716,12,4096,200,0.048828125,228,25,0.06086389999836683,0.00012470007641240954,3286.0201203893707,0.9768790043087734,True,178,0.05498769995756447,1.0,0.21,0.099,0.048828125,0.014144180242167336,0.01607164904328652,0.023120995691191415,1.0,0.005262367023357012,0.003834636571676924,0.02222917662094793,20.00648200824368,2.047336457410274,True,194.0,0.04736328125,0.05881039996165782
Benchmark_A,Ablation_C_RandomWingsGenealogy,200,20260717,12,4096,200,0.048828125,228,25,0.061673999996855855,0.00016280001727864146,3242.8576062878365,0.9768790043087734,True,178,0.05568450002465397,1.0,0.21,0.099,0.048828125,0.014144180242167336,0.01607164904328652,0.023120995691191415,1.0,0.005262367023357012,0.003834636571676924,0.02222917662094793,20.00648200824368,2.047336457410274,True,194.0,0.04736328125,0.05966180004179478
Benchmark_A,Ablation_C_RandomWingsGenealogy,200,20260718,12,4096,200,0.048828125,228,25,0.05912380001973361,0.00014020001981407404,3382.7325025327614,0.9768790043087734,True,178,0.05259079998359084,1.0,0.21,0.099,0.048828125,0.014144180242167336,0.01607164904328652,0.023120995691191415,1.0,0.005262367023357012,0.003834636571676924,0.02222917662094793,20.00648200824368,2.047336457410274,True,194.0,0.04736328125,0.057116399984806776
Benchmark_A,Ablation_C_RandomWingsGenealogy,200,20260719,12,4096,200,0.048828125,228,25,0.058011599991004914,0.0001186999143101275,3447.586345334577,0.9768790043087734,True,178,0.05215679999673739,1.0,0.21,0.099,0.048828125,0.014144180242167336,0.01607164904328652,0.023120995691191415,1.0,0.005262367023357012,0.003834636571676924,0.02222917662094793,20.00648200824368,2.047336457410274,True,194.0,0.04736328125,0.05593910004245117
Benchmark_A,Ablation_C_RandomWingsGenealogy,200,20260720,12,4096,200,0.048828125,228,25,0.057077799981925637,0.00010130013106390834,3503.9892929183043,0.9768790043087734,True,178,0.05113320000236854,1.0,0.21,0.099,0.048828125,0.014144180242167336,0.01607164904328652,0.023120995691191415,1.0,0.005262367023357012,0.003834636571676924,0.02222917662094793,20.00648200824368,2.047336457410274,True,194.0,0.04736328125,0.0549858000013046
Benchmark_A,Ablation_C_RandomWingsGenealogy,200,20260721,12,4096,200,0.048828125,228,25,0.06020599999465048,0.00011209998046979308,3321.928047333666,0.9768790043087734,True,178,0.05434799997601658,1.0,0.21,0.099,0.048828125,0.014144180242167336,0.01607164904328652,0.023120995691191415,1.0,0.005262367023357012,0.003834636571676924,0.02222917662094793,20.00648200824368,2.047336457410274,True,194.0,0.04736328125,0.058201199979521334
Benchmark_A,Ablation_C_RandomWingsGenealogy,200,20260722,12,4096,200,0.048828125,228,25,0.0631334999925457,0.00015999999595806003,3167.8902646552847,0.9768790043087734,True,178,0.05612459999974817,1.0,0.21,0.099,0.048828125,0.014144180242167336,0.01607164904328652,0.023120995691191415,1.0,0.005262367023357012,0.003834636571676924,0.02222917662094793,20.00648200824368,2.047336457410274,True,194.0,0.04736328125,0.06044530001236126
Benchmark_A,Ablation_C_RandomWingsGenealogy,200,20260723,12,4096,200,0.048828125,228,25,0.05512599996291101,0.00011350004933774471,3628.052101269107,0.9768790043087734,True,178,0.04860959999496117,1.0,0.21,0.099,0.048828125,0.014144180242167336,0.01607164904328652,0.023120995691191415,1.0,0.005262367023357012,0.003834636571676924,0.02222917662094793,20.00648200824368,2.047336457410274,True,194.0,0.04736328125,0.05319110001437366
Benchmark_A,Ablation_C_RandomWingsGenealogy,200,20260724,12,4096,200,0.048828125,228,25,0.06245369999669492,0.00012370001059025526,3202.37231758221,0.9768790043087734,True,178,0.05627999996067956,1.0,0.21,0.099,0.048828125,0.014144180242167336,0.01607164904328652,0.023120995691191415,1.0,0.005262367023357012,0.003834636571676924,0.02222917662094793,20.00648200824368,2.047336457410274,True,194.0,0.04736328125,0.06027309998171404
Benchmark_A,BFG,400,20260715,12,4096,400,0.09765625,542,115,0.130430500023067,0.01476389984600246,3066.7673583192495,0.9974342631517125,True,178,0.04935950000071898,1.0,0.56,0.171,0.09765625,0.0016910634343910722,0.0018758879370510207,0.0025657368482523424,1.0,0.0008113968969126185,0.0005385573200135718,0.002415931868884977,10.213726854673535,4.0102893471502785,True,194.0,0.04736328125,0.053144500008784235
Benchmark_A,BFG,400,20260716,12,4096,400,0.09765625,552,128,0.1481633000075817,0.022072999679949135,2699.7238856014374,0.9974342631867618,True,178,0.052150400006212294,1.0,0.56,0.191,0.09765625,0.00169106341494649,0.0018758879209114405,0.0025657368132030456,1.0,0.0008113968993400238,0.0005385573104506984,0.0024159318478426755,10.21372685503244,4.010289347009359,True,194.0,0.04736328125,0.055956600001081824
Benchmark_A,BFG,400,20260717,12,4096,400,0.09765625,564,116,0.13896310003474355,0.0143051000777632,2878.4619794750693,0.9974342630317865,True,178,0.05465350003214553,1.0,0.56,0.205,0.09765625,0.0016910634959159127,0.001875888006103573,0.0025657369681783004,1.0,0.0008113969245402018,0.0005385573477451567,0.0024159318806759767,10.213726853445493,4.010289347632454,True,194.0,0.04736328125,0.05906759999925271
Benchmark_A,BFG,400,20260718,12,4096,400,0.09765625,566,120,0.14128530002199113,0.01407509989803657,2831.150869465824,0.9974342630973355,True,178,0.054873700020834804,1.0,0.56,0.179,0.09765625,0.001691063463141404,0.0018758879687179651,0.0025657369026292898,1.0,0.0008113969098343131,0.0005385573334555945,0.0024159318845158157,10.213726854116716,4.010289347368906,True,194.0,0.04736328125,0.059392400027718395
Benchmark_A,BFG,400,20260719,12,4096,400,0.09765625,561,139,0.1403153999708593,0.01616160006960854,2850.720591489402,0.9974342630317865,True,178,0.049200300010852516,1.0,0.56,0.173,0.09765625,0.0016910634959159127,0.001875888006103573,0.0025657369681783004,1.0,0.0008113969245402018,0.0005385573477451567,0.0024159318806759767,10.213726853445493,4.010289347632454,True,194.0,0.04736328125,0.05507709999801591
Benchmark_A,BFG,400,20260720,12,4096,400,0.09765625,550,125,0.1356472999905236,0.013287299952935427,2948.823898654409,0.9974342630317865,True,178,0.055794899992179126,1.0,0.56,0.192,0.09765625,0.0016910634959159127,0.001875888006103573,0.0025657369681783004,1.0,0.0008113969245402018,0.0005385573477451567,0.0024159318806759767,10.213726853445493,4.010289347632454,True,194.0,0.04736328125,0.0607501000049524
Benchmark_A,BFG,400,20260721,12,4096,400,0.09765625,527,127,0.12684660003287718,0.004240800102706999,3153.4152267094632,0.9974342630980687,True,178,0.04920900001889095,1.0,0.56,0.183,0.09765625,0.001691063462774807,0.001875887968353449,0.0025657369018960985,1.0,0.0008113969097737518,0.0005385573332724831,0.002415931884531935,10.213726854124223,4.010289347365959,True,194.0,0.04736328125,0.05305779998889193
Benchmark_A,BFG,400,20260722,12,4096,400,0.09765625,542,126,0.14149160002125427,0.014940100023522973,2827.022946520597,0.9974342630654499,True,178,0.052741500025149435,1.0,0.56,0.181,0.09765625,0.0016910634762789323,0.001875887986021689,0.002565736934514895,1.0,0.0008113969163002451,0.0005385573375871764,0.0024159318488898014,10.213726853790208,4.010289347497106,True,194.0,0.04736328125,0.059128499997314066
Benchmark_A,BFG,400,20260723,12,4096,400,0.09765625,554,125,0.12964900000952184,0.006995000003371388,3085.253260500449,0.9974342640684185,True,178,0.05565819999901578,1.0,0.56,0.198,0.09765625,0.001691062964512181,0.0018758874547404644,0.002565735931546298,1.0,0.0008113968199544244,0.0005385571085918262,0.00241593178388674,10.213726864060606,4.0102893434645654,True,194.0,0.04736328125,0.060591000015847385
Benchmark_A,BFG,400,20260724,12,4096,400,0.09765625,550,124,0.14791320002404973,0.020566400256939232,2704.2887310595847,0.9974342636379443,True,178,0.05128090002108365,1.0,0.56,0.183,0.09765625,0.0016910631921863617,0.001875887687957454,0.00256573636202051,1.0,0.0008113968709241675,0.0005385572149091252,0.0024159319083063256,10.21372685965255,4.010289345195332,True,194.0,0.04736328125,0.05507880001096055
Benchmark_A,Baseline_Random,400,20260715,12,4096,400,0.09765625,400,0,0.12233330000890419,0.005376899964176118,3269.755659095974,0.011176437769786239,False,-1,-1.0,0.0,0.09,0.099,0.09765625,0.4431807463679441,0.6404671428955389,0.9888235622301781,0.9130434782608695,0.3029505785908578,0.15370697707881165,0.9391196966143335,0.11444672276261109,357.89578776283963,False,,,
Benchmark_A,Baseline_Random,400,20260716,12,4096,400,0.09765625,400,0,0.1316001999657601,0.012814300018362701,3039.5090592876945,0.13149749153002863,False,-1,-1.0,0.1,0.14,0.116,0.09765625,0.3836038919437656,0.5613536145837036,0.8685025084699357,0.927536231884058,0.23200822862412204,0.08031208258300303,0.7051450425079957,1.3465343132674932,30.418831214636246,False,,,
Benchmark_A,Baseline_Random,400,20260717,12,4096,400,0.09765625,400,0,0.12716289999661967,0.010057800041977316,3145.5715465016374,0.08437563269345287,False,-1,-1.0,0.4,0.14,0.089,0.09765625,0.40617181453440776,0.5930396543781974,0.9156243673065114,0.8840579710144929,0.12810378142917678,0.07275458154878464,0.6733967765510627,0.8640064787809574,47.40705192140598,False,,,
Benchmark_A,Baseline_Random,400,20260718,12,4096,400,0.09765625,400,0,0.12523599999258295,0.007892099965829402,3193.969785234995,0.04386980402242778,False,-1,-1.0,0.2,0.1,0.092,0.09765625,0.4275861264701188,0.6195840114870677,0.9561301959775366,0.6956521739130433,0.19792351774243755,0.1007805624866513,0.6863830574370389,0.44922679318966047,91.17888919574521,False,,,
Benchmark_A,Baseline_Random,400,20260719,12,4096,400,0.09765625,400,0,0.12737010000273585,0.00914450001437217,3140.4544708012963,0.681912375174632,True,15,0.009297800017520785,0.1,0.1,0.102,0.09765625,0.16413875134092482,0.21232310840993998,0.3180876248253326,0.8550724637681161,0.05307067686886379,0.030920733763000294,0.3141150646919109,6.982782721788231,5.865856297116816,False,,,
Benchmark_A,Baseline_Random,400,20260720,12,4096,400,0.09765625,400,0,0.12819600000511855,0.006265499978326261,3120.2221596931963,0.009354574725844776,False,-1,-1.0,0.1,0.07,0.086,0.09765625,0.4442047479384918,0.6416971977810293,0.9906454252741196,0.9202898550724637,0.3305957090780713,0.14601267728789108,0.9391986972063415,0.0957908451926505,427.5982732757288,False,,,
Benchmark_A,Baseline_Random,400,20260721,12,4096,400,0.09765625,400,0,0.12896689999615774,0.013863300031516701,3101.571023354962,0.0064686723944792105,False,-1,-1.0,0.0,0.07,0.101,0.09765625,0.44589665970621994,0.6436300963799345,0.9935313276054851,0.7971014492753623,0.2900997592690112,0.14639683197915862,0.9391195944253696,0.06623920531946711,618.3649064395134,False,,,
Benchmark_A,Baseline_Random,400,20260722,12,4096,400,0.09765625,400,0,0.12787080003181472,0.012709899980109185,3128.1574831820753,0.014674202172013541,False,-1,-1.0,0.1,0.13,0.083,0.09765625,0.44108964750483187,0.6381162131069563,0.9853257978279508,0.8985507246376812,0.3000874459638652,0.1492061172037756,0.9391128937130986,0.15026383024141865,272.5872216500295,False,,,
Benchmark_A,Baseline_Random,400,20260723,12,4096,400,0.09765625,400,0,0.13015789998462424,0.01265729998704046,3073.1903330282116,0.031893310723743136,False,-1,-1.0,0.1,0.11,0.093,0.09765625,0.4328656895696286,0.6271494025615676,0.9681066892762212,0.8840579710144929,0.20449184266824424,0.08232657086306568,0.6733967501133118,0.3265875018111297,125.41814911119214,False,,,
Benchmark_A,Baseline_Random,400,20260724,12,4096,400,0.09765625,400,0,0.1425046999938786,0.022712200006935745,2806.924964700689,0.007533882185217748,False,-1,-1.0,0.0,0.11,0.103,0.09765625,0.44529655783889294,0.6429393892279242,0.9924661178147466,0.782608695652174,0.2847151097665999,0.1475989231586984,0.9464622260442203,0.07714695357662973,530.9347693077033,False,,,
Benchmark_A,Baseline_Greedy,400,20260715,12,4096,400,0.09765625,595,195,0.1698084999807179,0.0462853999924846,2355.594684868077,0.9795010679224605,True,123,0.03611589997308329,1.0,0.29,0.116,0.09765625,0.012480175897575505,0.014259371485130916,0.02049893207750375,1.0,0.004735171962095345,0.003329445319846616,0.019653656125768783,10.030090935525996,4.083711729364494,True,127.0,0.031005859375,0.03875609999522567
Benchmark_A,Baseline_Greedy,400,20260716,12,4096,400,0.09765625,615,215,0.15964720002375543,0.03699600015534088,2505.524681550821,0.9534046637860135,True,103,0.028221000044140965,0.9,0.26,0.135,0.09765625,0.027829277729443904,0.032826141595214346,0.046595336213950844,0.9855072463768115,0.011171476755437029,0.007209911669698431,0.04589679726197171,9.762863757168779,4.195490280187866,True,108.0,0.0263671875,0.0322930000256747
Benchmark_A,Baseline_Greedy,400,20260717,12,4096,400,0.09765625,605,205,0.14307990000816062,0.016435000055935234,2795.6407572075873,0.9790764967984575,True,112,0.04119040002115071,1.0,0.28,0.115,0.09765625,0.012752073169299626,0.014567202515329244,0.020923503201506932,1.0,0.004860210908027182,0.003413573864142824,0.020069421096551687,10.025743327216205,4.085482608437488,True,116.0,0.0283203125,0.044240200018975884
Benchmark_A,Baseline_Greedy,400,20260718,12,4096,400,0.09765625,631,231,0.14543109998339787,0.027686300047207624,2750.4433373993816,0.982968390576652,True,122,0.046213199966587126,1.0,0.35,0.118,0.09765625,0.010451319538922066,0.01195546283119724,0.017031609423312388,0.9927536231884059,0.004183018536149041,0.002840068854863015,0.016271714185552955,10.065596319504916,4.0693068448044665,True,126.0,0.03076171875,0.04889179999008775
Benchmark_A,Baseline_Greedy,400,20260719,12,4096,400,0.09765625,609,209,0.14803829998709261,0.02550180023536086,2702.0034682570376,0.9554089536976211,True,112,0.03886800003238022,0.9,0.27,0.117,0.09765625,0.026691379297884635,0.03147807577926285,0.04459104630234312,0.9927536231884059,0.010845318533969934,0.006947239083969522,0.043830410171881086,9.78338768586364,4.1866888357275815,True,117.0,0.028564453125,0.04136780003318563
Benchmark_A,Baseline_Greedy,400,20260720,12,4096,400,0.09765625,611,211,0.1388444000040181,0.024453099817037582,2880.922817113432,0.97980261280271,True,113,0.038024500012397766,1.0,0.3,0.115,0.09765625,0.012265875262893479,0.014035798042748427,0.02019738719725428,0.9927536231884059,0.004638479705866287,0.0032481111457913527,0.019358589247440546,10.03317875509975,4.0824549227910945,True,117.0,0.028564453125,0.040725599974393845
Benchmark_A,Baseline_Greedy,400,20260721,12,4096,400,0.09765625,611,211,0.14541200001258403,0.016693999990820885,2750.804610110471,0.9800819927971511,True,112,0.037657200009562075,1.0,0.24,0.116,0.09765625,0.012192124202151164,0.013881581382692043,0.019918007202813226,0.9927536231884059,0.004637721030627313,0.003300134616159927,0.019085368216617778,10.036039606242827,4.081291187264865,True,116.0,0.0283203125,0.04099439998390153
Benchmark_A,Baseline_Greedy,400,20260722,12,4096,400,0.09765625,603,203,0.1520289999898523,0.024566000036429614,2631.0769657545557,0.96183624129883,True,113,0.043647299986332655,0.9,0.31,0.126,0.09765625,0.022907431298332403,0.02690896764953666,0.038163758701133976,0.9927536231884059,0.00917237009453687,0.005971963151397332,0.03726208138539329,9.849203110900019,4.158712084500517,True,118.0,0.02880859375,0.04617280000820756
Benchmark_A,Baseline_Greedy,400,20260723,12,4096,400,0.09765625,636,236,0.13755559996934608,0.019215799926314503,2907.9150546334645,0.9537454252708172,True,111,0.02936669997870922,0.8,0.27,0.116,0.09765625,0.02768199152516349,0.032740000074913164,0.04625457472914718,0.9710144927536232,0.011446196776905905,0.0072135893321707625,0.04554486605367912,9.766353154773167,4.193991283223398,True,116.0,0.0283203125,0.03201029996853322
Benchmark_A,Baseline_Greedy,400,20260724,12,4096,400,0.09765625,597,197,0.13288079999620095,0.009213699959218502,3010.216675482357,0.9569954484314052,True,103,0.0323045999975875,0.9,0.26,0.123,0.09765625,0.025704341254949515,0.030391463480680638,0.04300455156855909,0.9927536231884059,0.01052918709553055,0.006649886249584566,0.042200898984815764,9.799633391937588,4.179748196876308,True,108.0,0.0263671875,0.03514350001933053
Benchmark_A,Ablation_A_RandomOnly,400,20260715,12,4096,386,0.09423828125,386,0,0.12625900004059076,0.007708899909630418,3057.2078020252466,0.0013074033187304242,False,-1,-1.0,0.0,0.15,0.11,0.09423828125,0.4488364209407362,0.6470615114846024,0.9986925966812339,0.927536231884058,0.33464365261104123,0.23372621931149765,0.9917335361204822,0.013873378221553932,2952.417165154757,False,,,
Benchmark_A,Ablation_A_RandomOnly,400,20260716,12,4096,386,0.09423828125,386,0,0.1401962999952957,0.009169699915219098,2753.2823620377444,0.013493400642574168,False,-1,-1.0,0.1,0.11,0.107,0.09423828125,0.44177957537504065,0.63890466957494,0.9865065993573902,0.927536231884058,0.30128951111726315,0.1462926415093748,0.9391123905772467,0.14318385759581292,286.06576668456637,False,,,
Benchmark_A,Ablation_A_RandomOnly,400,20260717,12,4096,386,0.09423828125,386,0,0.12923080002656206,0.009401700110174716,2986.9040501232034,0.0022396753635622055,False,-1,-1.0,0.0,0.11,0.106,0.09423828125,0.44830487731559193,0.6464538518087917,0.9977603246364022,0.8478260869565217,0.27226033267078265,0.18656616443156793,0.9391089458657488,0.023766088831996875,1723.464062157949,False,,,
Benchmark_A,Ablation_A_RandomOnly,400,20260718,12,4096,386,0.09423828125,386,0,0.12627740000607446,0.01095309987431392,3056.762334205739,0.0021103594799480666,False,-1,-1.0,0.0,0.16,0.119,0.09423828125,0.44829415877535705,0.6465173153581443,0.9978896405200163,0.9821356320974937,0.3712557079798466,0.230635070539043,0.991735912136437,0.0223938663986199,1829.0722678654681,False,,,
Benchmark_A,Ablation_A_RandomOnly,400,20260719,12,4096,386,0.09423828125,386,0,0.14167749998159707,0.009365900012198836,2724.4975387774257,0.006226537784107359,False,-1,-1.0,0.0,0.07,0.107,0.09423828125,0.44604055249950053,0.6437730775566487,0.993773462215857,0.7971014492753623,0.3505467527199211,0.15316106440547006,0.9391112534474714,0.06607227658990607,619.9271784477531,False,,,
Benchmark_A,Ablation_A_RandomOnly,400,20260720,12,4096,386,0.09423828125,386,0,0.13640139997005463,0.00755320000462234,2829.8829783619663,0.0021592233292521933,False,-1,-1.0,0.0,0.18,0.108,0.09423828125,0.44833518983117565,0.6465061016477238,0.9978407766707121,0.8260869565217391,0.3211491113243377,0.19623518367419943,0.9391123905772409,0.022912380198489596,1787.6798327002325,False,,,
Benchmark_A,Ablation_A_RandomOnly,400,20260721,12,4096,386,0.09423828125,386,0,0.13131970004178584,0.010253500135149807,2939.391423199833,0.02307629233636634,False,-1,-1.0,0.1,0.15,0.111,0.09423828125,0.4380058814698126,0.6330138114300418,0.976923707663598,0.7608695652173912,0.28031543292663674,0.1033584517767403,0.6897263067832778,0.24487174458486147,167.27123853934532,False,,,
Benchmark_A,Ablation_A_RandomOnly,400,20260722,12,4096,386,0.09423828125,386,0,0.12191909999819472,0.009210000047460198,3166.033870047561,0.0004510960321419282,False,-1,-1.0,0.0,0.1,0.116,0.09423828125,0.449408817271669,0.6476361126854614,0.9995489039678225,0.7608695652173912,0.41490162221324084,0.262216452585509,0.9917298428101564,0.004786759968013829,8556.936272907695,False,,,
Benchmark_A,Ablation_A_RandomOnly,400,20260723,12,4096,386,0.09423828125,386,0,0.1242433000006713,0.0037871000240556896,3106.8073690727338,0.010151852747823292,False,-1,-1.0,0.1,0.14,0.125,0.09423828125,0.4435922575649455,0.6411256415344648,0.9898481472521411,0.9782608695652175,0.334582756466393,0.1548606942019206,0.9391121551499448,0.10772535972819743,380.22616126180924,False,,,
Benchmark_A,Ablation_A_RandomOnly,400,20260724,12,4096,386,0.09423828125,386,0,0.13063879997935146,0.003570100001525134,2954.711770630245,0.006555454237913586,False,-1,-1.0,0.0,0.12,0.111,0.09423828125,0.4458267357370138,0.6435692029424107,0.9934445457620508,0.7898550724637682,0.30053879215897106,0.14819158475904584,0.9391123730798544,0.0695625403069794,588.822659713742,False,,,
Benchmark_A,Ablation_B_RandomWings,400,20260715,12,4096,400,0.09765625,400,0,0.13599360000807792,0.005724100163206458,2941.3148852316604,0.15858181805367924,False,-1,-1.0,0.2,0.2,0.122,0.09765625,0.3702054991747752,0.5437720104053216,0.8414181819462851,0.9782608695652175,0.19067624747883122,0.07932052647487976,0.7287221650885317,1.6238778168696755,25.22357259547887,False,,,
Benchmark_A,Ablation_B_RandomWings,400,20260716,12,4096,400,0.09765625,400,0,0.12328749999869615,0.0002615000121295452,3244.4489506578548,0.007934085143642456,False,-1,-1.0,0.1,0.13,0.107,0.09765625,0.44501032354291387,0.6426243774723801,0.9920659148563219,0.8623188405797101,0.34622316905360817,0.1534793158475906,0.9391123905772265,0.08124503187089875,504.15390402070244,False,,,
Benchmark_A,Ablation_B_RandomWings,400,20260717,12,4096,400,0.09765625,400,0,0.12747860001400113,0.002061000152025372,3137.781556716716,0.03743533387598736,False,-1,-1.0,0.2,0.2,0.123,0.09765625,0.42956258800679104,0.6234169937510631,0.962564666123977,0.8840579710144929,0.18571159774883977,0.09364193458355158,0.6733962889084035,0.3833378188901106,106.8509236020404,False,,,
Benchmark_A,Ablation_B_RandomWings,400,20260718,12,4096,400,0.09765625,400,0,0.12712060002377257,0.01014310005120933,3146.618250112073,0.0003026025019728704,False,-1,-1.0,0.0,0.12,0.11,0.09765625,0.44950011839146736,0.6477363276917153,0.9996973974979915,0.9130434782608695,0.43523028659476587,0.30986578345354737,0.9917161621671273,0.0030986496202021927,13218.661359114001,False,,,
Benchmark_A,Ablation_B_RandomWings,400,20260719,12,4096,400,0.09765625,400,0,0.1359294000430964,0.013286900008097291,2942.7040792733587,0.04648726514941099,False,-1,-1.0,0.2,0.16,0.12,0.09765625,0.42633032481645844,0.617867204360996,0.9535127348505533,0.8043478260869565,0.19660446416109056,0.10053699866048245,0.7260220391849247,0.47602959512996856,86.0450703465545,False,,,
Benchmark_A,Ablation_B_RandomWings,400,20260720,12,4096,400,0.09765625,400,0,0.12601619999622926,0.005802300001960248,3174.1950639042366,0.0008470517319783218,False,-1,-1.0,0.0,0.11,0.115,0.09765625,0.4491411283543685,0.6473702295616361,0.9991529482679861,0.9565217391304347,0.3853515009340109,0.2454395129207346,0.9917379461424856,0.008673809735458015,4722.261756856155,False,,,
Benchmark_A,Ablation_B_RandomWings,400,20260721,12,4096,400,0.09765625,400,0,0.1344307999825105,0.007266100088600069,2975.5085891926565,0.00766188387102015,False,-1,-1.0,0.0,0.13,0.114,0.09765625,0.44519050319149406,0.6428482802382461,0.9923381161289442,0.7885760549687905,0.28842594371428687,0.14882347469887472,0.939111794302417,0.07845769083924634,522.064816869564,False,,,
Benchmark_A,Ablation_B_RandomWings,400,20260722,12,4096,400,0.09765625,400,0,0.12427020003087819,0.0033706999965943396,3218.7925979085053,0.0004743116911617,False,-1,-1.0,0.0,0.09,0.117,0.09765625,0.4493920384500893,0.6476201003582683,0.9995256883088026,0.8550724637681161,0.43077727645603753,0.26274352421440167,0.9917368112367831,0.004856951717495808,8433.273044995089,False,,,
Benchmark_A,Ablation_B_RandomWings,400,20260723,12,4096,400,0.09765625,400,0,0.12029769999207929,0.0017243000911548734,3325.0843534526184,0.019501103407355464,False,-1,-1.0,0.1,0.11,0.122,0.09765625,0.43987704136400013,0.6353321197883749,0.9804988965926089,0.7971014492753623,0.28307575205292895,0.10560983703832873,0.7260220389697986,0.19969129889131995,205.11659860699328,False,,,
Benchmark_A,Ablation_B_RandomWings,400,20260724,12,4096,400,0.09765625,400,0,0.12151389999780804,0.0036502000875771046,3291.804476748878,0.0006195119281175741,False,-1,-1.0,0.0,0.09,0.124,0.09765625,0.44929308729599576,0.6475215740921445,0.9993804880718468,0.9202898550724637,0.42099237763463054,0.25551197256547936,0.991737121494977,0.006343802143923959,6456.695696165611,False,,,
Benchmark_A,Ablation_C_RandomWingsGenealogy,400,20260715,12,4096,400,0.09765625,512,112,0.12902529997518286,0.003142699890304357,3100.1671771112897,0.9975239319192397,True,178,0.05047219997504726,1.0,0.59,0.186,0.09765625,0.0016302133693016096,0.0018102833658779236,0.0024760680807252022,1.0,0.0007826918220990189,0.0005179346485597808,0.002331288712309509,10.214645062853014,4.009928856848562,True,194.0,0.04736328125,0.054110299970488995
Benchmark_A,Ablation_C_RandomWingsGenealogy,400,20260716,12,4096,400,0.09765625,512,112,0.11850669997511432,0.0021959998994134367,3375.3365850538203,0.9974389836814926,True,178,0.051073300011921674,1.0,0.56,0.175,0.09765625,0.0016875230092005021,0.0018721038730396343,0.0025610163184721646,1.0,0.0008091420372319354,0.0005371336892694856,0.0024114754321519897,10.213775192898485,4.0102703678537,True,194.0,0.04736328125,0.05522530002053827
Benchmark_A,Ablation_C_RandomWingsGenealogy,400,20260717,12,4096,400,0.09765625,512,112,0.1287853000103496,0.0003298000665381551,3105.944544663519,0.997722579320831,True,178,0.05816509999567643,1.0,0.6,0.185,0.09765625,0.001495450039096699,0.0016718592711255195,0.0022774206791338347,1.0,0.000736384270163023,0.00047230220854956967,0.002143829192263467,10.216679212245309,4.0091304766530165,True,194.0,0.04736328125,0.062340700009372085
Benchmark_A,Ablation_C_RandomWingsGenealogy,400,20260718,12,4096,400,0.09765625,512,112,0.12815070000942796,0.0023738997988402843,3121.3251271399395,0.997550448222906,True,178,0.055128399981185794,1.0,0.61,0.185,0.09765625,0.0016077903939537262,0.0017873640459083499,0.002449551777058967,1.0,0.000768195373951612,0.0005118447198682761,0.002306261497036406,10.214916589802558,4.009822267260599,True,194.0,0.04736328125,0.059143399994354695
Benchmark_A,Ablation_C_RandomWingsGenealogy,400,20260719,12,4096,400,0.09765625,512,112,0.12901879998389632,0.00033109996002167463,3100.3233641138086,0.9976193985174496,True,178,0.05419310001889244,1.0,0.6,0.177,0.09765625,0.0015625316499456798,0.001738375960945556,0.0023806014825152877,1.0,0.000749527585438381,0.0004961602661474714,0.002241190285639284,10.215622640818685,4.009545129078637,True,194.0,0.04736328125,0.059565700008533895
Benchmark_A,Ablation_C_RandomWingsGenealogy,400,20260720,12,4096,400,0.09765625,512,112,0.12914219999220222,0.005885699996724725,3097.360893837588,0.9975233299305379,True,178,0.05274379998445511,1.0,0.58,0.179,0.09765625,0.0016310580497641283,0.0018112394486785083,0.0024766700694268673,1.0,0.0007841451380831702,0.0005185103350877178,0.0023318569102516572,10.214638898488708,4.009931276773785,True,194.0,0.04736328125,0.0565849999547936
Benchmark_A,Ablation_C_RandomWingsGenealogy,400,20260721,12,4096,400,0.09765625,512,112,0.12601240002550185,0.0018971001263707876,3174.290783439167,0.9974783105165271,True,178,0.05123250000178814,1.0,0.58,0.178,0.09765625,0.0016580279108782934,0.0018427636595246398,0.0025216894834377834,1.0,0.0007966915675104268,0.0005278034294203463,0.002374351360434507,10.214177899689238,4.010112257908313,True,194.0,0.04736328125,0.055131100001744926
Benchmark_A,Ablation_C_RandomWingsGenealogy,400,20260722,12,4096,400,0.09765625,512,112,0.12460989999817684,0.00030180008616298437,3210.017823670931,0.9974793660319754,True,178,0.057323899993207306,1.0,0.58,0.185,0.09765625,0.0016572362474579713,0.0018419462971451092,0.002520633967989405,1.0,0.0007962863624704693,0.0005274977626189657,0.0023733548897249403,10.214188708167429,4.010108014476738,True,194.0,0.04736328125,0.06154259998584166
Benchmark_A,Ablation_C_RandomWingsGenealogy,400,20260723,12,4096,400,0.09765625,512,112,0.11968999996315688,0.0003202998195774853,3341.966748459591,0.9976294361515518,True,178,0.05452649999642745,1.0,0.59,0.181,0.09765625,0.0015577670829527875,0.0017371163150744758,0.0023705638484130542,1.0,0.0007595306592204676,0.0004928225947915676,0.002231717314599262,10.21572542619189,4.009504787098476,True,194.0,0.04736328125,0.05933209997601807
Benchmark_A,Ablation_C_RandomWingsGenealogy,400,20260724,12,4096,400,0.09765625,512,112,0.11890820000553504,0.0017508998280391097,3363.939576760732,0.9975152042955253,True,178,0.04751040000701323,1.0,0.59,0.18,0.09765625,0.0016355750222247897,0.0018166514661132485,0.002484795704439491,1.0,0.0007854045792590984,0.0005193793432403509,0.002339526505795031,10.21455569198618,4.009963941176133,True,194.0,0.04736328125,0.051160400034859776
Benchmark_A,BFG,800,20260715,12,4096,800,0.1953125,940,128,0.25068289996124804,0.005011200089938939,3191.282692691318,0.9977148876548338,True,178,0.053983099991455674,1.0,0.6,0.294,0.1953125,0.0015039809480726842,0.0016702092363972234,0.0022851123451310684,1.0,0.0007202309515870841,0.0004773886525842082,0.00215108942121822,5.10830022479275,8.018322768345474,True,194.0,0.04736328125,0.058430599980056286
Benchmark_A,BFG,800,20260716,12,4096,800,0.1953125,977,146,0.25008520000847057,0.00903060007840395,3198.909811427879,0.9974342640971854,True,178,0.050817100040148944,1.0,0.56,0.304,0.1953125,0.0016910629581113293,0.0018758874416549,0.00256573590277942,1.0,0.0008113968165516032,0.0005385571103093666,0.002415931881592328,5.106863432177589,8.02057868669781,True,194.0,0.04736328125,0.05475140002090484
Benchmark_A,BFG,800,20260717,12,4096,800,0.1953125,1034,156,0.2606213000253774,0.002037199796177447,3069.5879420527094,0.9974864666107719,True,178,0.051599099999293685,1.0,0.57,0.303,0.1953125,0.001656261384725589,0.0018381040955345205,0.0025135333891932454,1.0,0.0007953918116724702,0.0005271757342395711,0.002366653874942588,5.107130709047152,8.02015893727576,True,194.0,0.04736328125,0.05728730000555515
Benchmark_A,BFG,800,20260718,12,4096,800,0.1953125,974,161,0.2524031000211835,0.0021204000804573298,3169.533179001598,0.9975079126857637,True,178,0.053504500014241785,1.0,0.57,0.324,0.1953125,0.0016419642622082467,0.0018226628645402585,0.0024920873142014743,1.0,0.0007892235622056728,0.0005225003256695828,0.0023464120361453037,5.10724051295111,8.019986506633527,True,194.0,0.04736328125,0.05768640001770109
Benchmark_A,BFG,800,20260719,12,4096,800,0.1953125,1033,140,0.2468792000436224,0.004614100093021989,3240.4511998525745,0.9975432657972934,True,178,0.0538310999982059,1.0,0.58,0.314,0.1953125,0.001618395569979868,0.0017953592717194497,0.0024567342026720063,1.0,0.0007742250782543581,0.000514793538426201,0.0023130438252369893,5.107421520882142,8.019702276879134,True,194.0,0.04736328125,0.0585097000002861
Benchmark_A,BFG,800,20260720,12,4096,800,0.1953125,970,139,0.2506597999599762,0.0027496000402607024,3191.5767910440322,0.9979209258421452,True,178,0.05473889998393133,1.0,0.63,0.31,0.1953125,0.0013666219047829096,0.0015232874284796991,0.002079074157819938,1.0,0.0006628386746842055,0.0004324997304303241,0.001956729708433135,5.109355140311783,8.016667245702662,True,194.0,0.04736328125,0.06063009996432811
Benchmark_A,BFG,800,20260721,12,4096,800,0.1953125,1016,166,0.24883140000747517,0.0038447999977506697,3215.028328321776,0.9982734061585052,True,178,0.05116450000787154,1.0,0.58,0.312,0.1953125,0.0011954721775688396,0.0012822621765233631,0.0017265938414596782,1.0,0.0005776419708340514,0.00041969639017115705,0.0017154371557221207,5.111159839531547,8.01383664099108,True,194.0,0.04736328125,0.05694849998690188
Benchmark_A,BFG,800,20260722,12,4096,800,0.1953125,1025,142,0.25935030000982806,0.003294600173830986,3084.6310953551397,0.9978128854478675,True,178,0.05048669996904209,1.0,0.62,0.307,0.1953125,0.001438648851316256,0.0015991303213142914,0.0021871145520973023,1.0,0.0006897845791403551,0.00045603585494872166,0.002058635546353376,5.108801973493081,8.017535268057003,True,194.0,0.04736328125,0.054334299988113344
Benchmark_A,BFG,800,20260723,12,4096,800,0.1953125,956,139,0.27185459999600425,0.006650699942838401,2942.749543365308,0.9982003090456502,True,178,0.057746200007386506,1.0,0.57,0.303,0.1953125,0.0012442033574004056,0.001335982302126737,0.0017996909543148698,1.0,0.0006016608865228922,0.0004356131712794188,0.0017881915860640616,5.110785582313729,8.014423485451095,True,194.0,0.04736328125,0.0632453000289388
Benchmark_A,BFG,800,20260724,12,4096,800,0.1953125,940,132,0.25385660002939403,0.0006453997339121997,3151.38546686345,0.9979556866971988,True,178,0.05567020003218204,1.0,0.64,0.279,0.1953125,0.0013434480224661426,0.0014935522803259326,0.0020443133027659988,1.0,0.0006413800892142147,0.000424928317993966,0.001923947459847779,5.109533115889658,8.016388008646492,True,194.0,0.04736328125,0.060315300012007356
Benchmark_A,Baseline_Random,800,20260715,12,4096,800,0.1953125,800,0,0.24094490002607927,0.00027489999774843454,3320.2611879870046,0.7164281386616856,True,434,0.0005338000482879579,0.3,0.23,0.185,0.1953125,0.14570443891059026,0.18946544935879245,0.28357186133827905,0.8695652173913044,0.046236982390868014,0.025367083411813773,0.2665391827863232,3.6681120699478305,11.166507243761107,False,,,
Benchmark_A,Baseline_Random,800,20260716,12,4096,800,0.1953125,800,0,0.2417905000038445,0.0033494000090286136,3308.6494299291326,0.16861698952146992,False,-1,-1.0,0.3,0.22,0.221,0.1953125,0.36375912814464106,0.5371782094545017,0.8313830104784944,0.9420289855072463,0.19448386000767573,0.07204132551250471,0.6794588335207302,0.863318986349926,47.44480388781561,False,,,
Benchmark_A,Baseline_Random,800,20260717,12,4096,800,0.1953125,800,0,0.2325760000385344,0.0002204999909736216,3439.735827718474,0.10554485888277151,False,-1,-1.0,0.5,0.24,0.177,0.1953125,0.395383784360732,0.5793311142678289,0.8944551411171928,0.8260869565217391,0.11174620597409332,0.07020403186286699,0.6733966194849953,0.5403896774797902,75.79715473290447,False,,,
Benchmark_A,Baseline_Random,800,20260718,12,4096,800,0.1953125,800,0,0.2517614999669604,0.004553699982352555,3177.610556439277,0.0670055224975229,False,-1,-1.0,0.3,0.2,0.203,0.1953125,0.4158680311458765,0.6046169947481955,0.9329944775024415,0.6666666666666666,0.1581897358507809,0.09440050029227616,0.6845960804863133,0.34306827518731725,119.39314405459264,False,,,
Benchmark_A,Baseline_Random,800,20260719,12,4096,800,0.1953125,800,0,0.23977809998905286,0.003873499983455986,3336.418130081622,0.6923716697389202,True,15,0.004066299996338785,0.1,0.3,0.215,0.1953125,0.15782401718171316,0.20512353894747956,0.30762833026104475,0.8260869565217391,0.04931626538439493,0.028127025041161113,0.2991972520200501,3.5449429490632713,11.55448778402017,False,,,
Benchmark_A,Baseline_Random,800,20260720,12,4096,800,0.1953125,800,0,0.24008089996641502,0.0002641999744810164,3332.2101013113174,0.04593977063457185,False,-1,-1.0,0.3,0.17,0.197,0.1953125,0.42458352742445543,0.617705598547107,0.9540602293653925,0.9565217391304347,0.17519072711433722,0.1031875002352979,0.6734691822982798,0.23521162564900788,174.1410522842189,False,,,
Benchmark_A,Baseline_Random,800,20260721,12,4096,800,0.1953125,800,0,0.23464929999317974,0.0002123000449500978,3409.3432199595422,0.031464543802836954,False,-1,-1.0,0.1,0.18,0.202,0.1953125,0.4330532684010924,0.627442527463082,0.9685354561971274,0.7898550724637682,0.2187824640753063,0.08410730008095858,0.6734033290737155,0.1610984642705252,254.25444112997727,False,,,
Benchmark_A,Baseline_Random,800,20260722,12,4096,800,0.1953125,800,0,0.2310421000001952,0.000229199999012053,3462.572405632238,0.1443046931206801,False,-1,-1.0,0.2,0.24,0.194,0.1953125,0.37602597702936863,0.5529488213204504,0.8556953068792843,0.9202898550724637,0.2363481168047613,0.0803535313162877,0.6733967050344504,0.738840028777882,55.43825240187931,False,,,
Benchmark_A,Baseline_Random,800,20260723,12,4096,800,0.1953125,800,0,0.2360690999776125,0.0002060999977402389,3388.838268438638,0.039905731799170764,False,-1,-1.0,0.2,0.23,0.199,0.1953125,0.4280961548265119,0.6217853161530134,0.9600942682007936,0.8985507246376812,0.1846577557986801,0.09471495391340858,0.6733966444448228,0.2043173468117543,200.47245443989675,False,,,
Benchmark_A,Baseline_Random,800,20260724,12,4096,800,0.1953125,800,0,0.23155800002859905,0.002744099998380989,3454.8579617253317,0.01486181809840982,False,-1,-1.0,0.0,0.2,0.193,0.1953125,0.4409913819085847,0.638057022836272,0.9851381819015546,0.8623188405797101,0.24626184576847177,0.14154354546154282,0.943374271018783,0.07609250866385828,538.2921488492705,False,,,
Benchmark_A,Baseline_Greedy,800,20260715,12,4096,800,0.1953125,1329,529,0.2374957000138238,0.0005683998460881412,3368.482039689286,0.956459815965004,True,182,0.047755700012203306,0.9,0.34,0.216,0.1953125,0.02590688887288693,0.030642675601543795,0.04354018403496074,0.9927536231884059,0.010358142669583676,0.0066670585973000246,0.042750473913694645,4.897074257740821,8.364177842566795,True,187.0,0.045654296875,0.05057620001025498
Benchmark_A,Baseline_Greedy,800,20260716,12,4096,800,0.1953125,1329,529,0.2535982999834232,0.000683800142724067,3154.595279433234,0.9562367201525823,True,183,0.05466989998240024,0.9,0.32,0.221,0.1953125,0.026084758611119117,0.030886403524551652,0.043763279847382264,0.9855072463768115,0.010594622327078208,0.006696150812314114,0.04297952454632735,4.895932007181221,8.366129255864045,True,188.0,0.0458984375,0.05881220003357157
Benchmark_A,Baseline_Greedy,800,20260717,12,4096,800,0.1953125,1303,503,0.2703911999706179,0.0006795998779125512,2958.6761702560298,0.9643946213615611,True,183,0.05579409998608753,0.9,0.38,0.21,0.1953125,0.02133076109779253,0.025210927099511518,0.03560537863840363,0.9927536231884059,0.008814483385405986,0.005514299327853891,0.03467192092025562,4.937700461371192,8.295359412835962,True,188.0,0.0458984375,0.0587948999600485
Benchmark_A,Baseline_Greedy,800,20260718,12,4096,800,0.1953125,1320,520,0.25756679999176413,0.002020399842876941,3105.990368423184,0.9611851325912141,True,172,0.05517319997306913,0.9,0.31,0.214,0.1953125,0.023300679222971923,0.027406197273500424,0.03881486740875062,0.9565217391304347,0.009395464827630247,0.006080488095377955,0.03792348320640152,4.921267878867016,8.323058408563991,True,190.0,0.04638671875,0.0628774999640882
Benchmark_A,Baseline_Greedy,800,20260719,12,4096,800,0.1953125,1344,544,0.24176290002651513,0.0005852002650499344,3309.027149791224,0.9807676403721177,True,193,0.05505930003710091,1.0,0.37,0.22,0.1953125,0.011620442916593332,0.013339920573536767,0.019232359627846973,1.0,0.004377997273951827,0.0030808253632755712,0.018415505240609163,5.021530318705243,8.156875972136154,True,197.0,0.048095703125,0.05767600005492568
Benchmark_A,Baseline_Greedy,800,20260720,12,4096,800,0.1953125,1320,520,0.2510037000174634,0.000682499841786921,3187.204013105546,0.9642665730134778,True,193,0.05719100002897903,0.9,0.4,0.221,0.1953125,0.02136311433356171,0.025325114968168277,0.03573342698648674,0.9782608695652175,0.008909931202990879,0.0055064073371047075,0.034801254046001526,4.937044853829007,8.296460982774502,True,198.0,0.04833984375,0.06146190001163632
Benchmark_A,Baseline_Greedy,800,20260721,12,4096,800,0.1953125,1300,500,0.24343149998458102,0.000625299580860883,3286.345440301161,0.9592176129231017,True,193,0.060035499976947904,0.9,0.41,0.221,0.1953125,0.024316706671018082,0.028860965681672596,0.04078238707686255,0.9855072463768115,0.01003712238035785,0.006229711783964333,0.03992755298405522,4.911194178166281,8.34013042736043,True,198.0,0.04833984375,0.06410339998546988
Benchmark_A,Baseline_Greedy,800,20260722,12,4096,800,0.1953125,1316,516,0.24168639996787533,0.0019702998106367886,3310.0745433186767,0.9837097023163949,True,183,0.046259899972938,1.0,0.36,0.207,0.1953125,0.009986418279618934,0.011338943842436973,0.016290297683569488,1.0,0.00373703275012903,0.0027042387924858936,0.015551744140537907,5.036593675859942,8.132480528718954,True,187.0,0.045654296875,0.050287799967918545
Benchmark_A,Baseline_Greedy,800,20260723,12,4096,800,0.1953125,1288,488,0.2405981000047177,0.000598800485022366,3325.0470389596317,0.9799388263344109,True,193,0.05148710001958534,1.0,0.34,0.219,0.1953125,0.01224520864607343,0.013973611062058461,0.020061173665553378,0.9855072463768115,0.0046507401266919265,0.0032890817628946057,0.019225369231807874,5.017286790832184,8.163774906159238,True,197.0,0.048095703125,0.05532739998307079
Benchmark_A,Baseline_Greedy,800,20260724,12,4096,800,0.1953125,1319,519,0.2528380999574438,0.0006788001046516001,3164.0800976381774,0.9586609585461032,True,192,0.056451099982950836,0.9,0.37,0.23,0.1953125,0.024723721237404475,0.029304826339507786,0.04133904145386169,1.0,0.01030889924777405,0.006396752315708514,0.0404960593601706,4.908344107756048,8.34497319274661,True,197.0,0.048095703125,0.05905809998512268
Benchmark_A,Ablation_A_RandomOnly,800,20260715,12,4096,704,0.171875,704,0,0.22694189997855574,0.0004939998034387827,3102.1155637919774,0.018614188663946783,False,-1,-1.0,0.2,0.26,0.196,0.171875,0.4386372242424142,0.6354904348073932,0.9813858113360175,0.9782608695652175,0.2862584380753843,0.14993865111478527,0.9391121782124257,0.10830073404478129,378.206116156733,False,,,
Benchmark_A,Ablation_A_RandomOnly,800,20260716,12,4096,704,0.171875,704,0,0.23029529995983467,0.0005348999984562397,3056.944714559017,0.014513492490500702,False,-1,-1.0,0.0,0.2,0.192,0.171875,0.441109705828862,0.6382487166008038,0.9854865075094636,0.8768115942028986,0.282143644636192,0.14957676408053994,0.9391123773676593,0.08444213812654953,485.0658795329784,False,,,
Benchmark_A,Ablation_A_RandomOnly,800,20260717,12,4096,704,0.171875,704,0,0.21799640002427623,0.00048570020589977503,3229.411127530556,0.022770667375862308,False,-1,-1.0,0.1,0.2,0.2,0.171875,0.4380056110741722,0.6331982132031478,0.977229332624102,0.7101449275362319,0.2640309284602268,0.09805571295269017,0.67339549002583,0.13248388291410798,309.1696823722717,False,,,
Benchmark_A,Ablation_A_RandomOnly,800,20260718,12,4096,704,0.171875,704,0,0.2279512999812141,0.0005258999299257994,3088.378965410673,0.6985425535005587,True,223,0.06090589996892959,0.2,0.3,0.205,0.171875,0.15587900890343057,0.20209840308876256,0.301457446499406,0.7536231884057971,0.05408919715786499,0.02906705876693497,0.2906429171932352,4.064247584003251,10.078126185328193,False,,,
Benchmark_A,Ablation_A_RandomOnly,800,20260719,12,4096,704,0.171875,704,0,0.22020580002572387,0.00047839985927566886,3197.0093427046904,0.6771354514852406,True,203,0.05581700004404411,0.1,0.28,0.192,0.171875,0.16681472133337535,0.21567324050152642,0.322864548514724,0.9202898550724637,0.05517207931249188,0.03191809748769154,0.3211229844435623,3.9396971722777634,10.396738177802302,False,,,
Benchmark_A,Ablation_A_RandomOnly,800,20260720,12,4096,704,0.171875,704,0,0.212538699968718,0.00046050013042986393,3312.3379417659776,0.006734831824399717,False,-1,-1.0,0.0,0.21,0.196,0.171875,0.4456822775784124,0.6434342340424422,0.9932651681755646,0.8550724637681161,0.33967228882040085,0.15231827804715972,0.9391117067629273,0.03918447606923472,1045.3119221915363,False,,,
Benchmark_A,Ablation_A_RandomOnly,800,20260721,12,4096,704,0.171875,704,0,0.21799530001590028,0.00044560013338923454,3229.4274231997256,0.0007111213591443659,False,-1,-1.0,0.0,0.2,0.21,0.171875,0.44921766364450305,0.6474651217796837,0.9992888786408199,0.7742383085148125,0.37177009564485836,0.27069534835191256,0.9917328328262994,0.004137433362294492,9899.857330218088,False,,,
Benchmark_A,Ablation_A_RandomOnly,800,20260722,12,4096,704,0.171875,704,0,0.23071090003941208,0.000506300013512373,3051.4379679492235,0.010250864750716411,False,-1,-1.0,0.1,0.26,0.201,0.171875,0.4435093297701212,0.6410619806336005,0.9897491352492479,0.9347826086956522,0.3316118583689127,0.15711083990508412,0.9391123659782334,0.05964139491325912,686.7713281953105,False,,,
Benchmark_A,Ablation_A_RandomOnly,800,20260723,12,4096,704,0.171875,704,0,0.21507370000472292,0.0004989000153727829,3273.2965489715407,0.009974375133250486,False,-1,-1.0,0.0,0.22,0.189,0.171875,0.4438007120974004,0.6413177301397373,0.9900256248667139,0.8550724637681161,0.26349261182785905,0.1448384803682664,0.9391123123964944,0.05803272804800283,705.8086251971334,False,,,
Benchmark_A,Ablation_A_RandomOnly,800,20260724,12,4096,704,0.171875,704,0,0.22500929998932406,0.0004905000678263605,3128.7595669752427,0.0016440454011993624,False,-1,-1.0,0.0,0.22,0.191,0.171875,0.4486007644236028,0.6468350116105952,0.998355954598765,0.963768115942029,0.3671975643488834,0.23711793375155554,0.9917354267233716,0.009565355061523563,4282.120186501045,False,,,
Benchmark_A,Ablation_B_RandomWings,800,20260715,12,4096,800,0.1953125,800,0,0.23597370000788942,0.00047300010919570923,3390.2083154743655,0.6760860005040915,True,418,0.0993542000069283,0.1,0.24,0.231,0.1953125,0.16743316332507416,0.21635843065894783,0.32391399949587285,0.9492753623188407,0.05534469236431049,0.032184262215616564,0.32266691975149575,3.4615603225809486,11.832814159789107,False,,,
Benchmark_A,Ablation_B_RandomWings,800,20260716,12,4096,800,0.1953125,800,0,0.25509089999832213,0.00043509999522939324,3136.136961394005,0.00462832690615814,False,-1,-1.0,0.0,0.25,0.208,0.1953125,0.44689789528324847,0.6449014613093547,0.9953716730938063,0.6594202898550725,0.2563847668818633,0.1621709850219212,0.9391121267361953,0.023697033759529678,1728.4863757907287,False,,,
Benchmark_A,Ablation_B_RandomWings,800,20260717,12,4096,800,0.1953125,800,0,0.2487785000121221,0.0005532000795938075,3215.711968522275,0.0218589527729308,False,-1,-1.0,0.1,0.25,0.221,0.1953125,0.4384464305824845,0.6337701376963725,0.9781410472270335,0.7971014492753623,0.2642804505904318,0.08996534068734079,0.7260212033201303,0.1119178381974057,365.9827661051933,False,,,
Benchmark_A,Ablation_B_RandomWings,800,20260718,12,4096,800,0.1953125,800,0,0.22876010002801195,0.0004608999006450176,3497.1133510696973,0.7466778216808301,True,367,0.10120770003413782,0.5,0.3,0.254,0.1953125,0.13143063399304236,0.17125045903988043,0.2533221783191345,0.7318840579710145,0.04953683262709511,0.02344260619887545,0.22848967790584623,3.82299044700585,10.714125647915155,False,,,
Benchmark_A,Ablation_B_RandomWings,800,20260719,12,4096,800,0.1953125,800,0,0.24113630002830178,0.0004075999022461474,3317.625757325236,0.678560971953176,True,372,0.10019630001625046,0.1,0.23,0.217,0.1953125,0.16606010832051826,0.2147923545345655,0.3214390280467885,0.7681159420289855,0.05522675107538622,0.03168373049327597,0.31903357401043986,3.4742321764002613,11.789655359890103,False,,,
Benchmark_A,Ablation_B_RandomWings,800,20260720,12,4096,800,0.1953125,800,0,0.23928090004483238,0.00045240012696012855,3343.35084768617,0.013033200417194846,False,-1,-1.0,0.0,0.27,0.211,0.1953125,0.44191736084860084,0.6392940614040892,0.9869667995827696,0.9565217391304347,0.22216276112090594,0.14971086847065426,0.9391119044970283,0.06672998613603762,613.8170014976146,False,,,
Benchmark_A,Ablation_B_RandomWings,800,20260721,12,4096,800,0.1953125,800,0,0.23995540000032634,0.0004902000073343515,3333.9528929080657,0.03924764706591688,False,-1,-1.0,0.2,0.24,0.231,0.1953125,0.4288130652734811,0.6222661887282619,0.9607523529340475,0.8840579710144929,0.24177243349351918,0.09705536952142453,0.673396196413151,0.20094795297749443,203.83387535471635,False,,,
Benchmark_A,Ablation_B_RandomWings,800,20260722,12,4096,800,0.1953125,800,0,0.23324679996585473,0.00041900010546669364,3429.843411001192,0.026511223016691215,False,-1,-1.0,0.1,0.31,0.23,0.1953125,0.4358754311255915,0.6307458629658249,0.9734887769832732,0.7898550724637682,0.25303708667599795,0.09555290415759915,0.6733962889083702,0.135737461845459,301.75899448181906,False,,,
Benchmark_A,Ablation_B_RandomWings,800,20260723,12,4096,800,0.1953125,800,0,0.24367280001752079,0.0005153997917659581,3283.091095692575,0.7179622283739778,True,427,0.10221710003679618,0.3,0.37,0.225,0.1953125,0.1454276968586496,0.18885768889495055,0.28203777162598687,0.927536231884058,0.04825202871756805,0.02588837743655632,0.26456491453971,3.6759666092747665,11.142647459488492,False,,,
Benchmark_A,Ablation_B_RandomWings,800,20260724,12,4096,800,0.1953125,800,0,0.2367703000199981,0.0004007999668829143,3378.8021552214545,0.007974269559987762,False,-1,-1.0,0.0,0.31,0.219,0.1953125,0.44479943469029354,0.6426751703840763,0.9920257304399765,0.8961091533736256,0.268243442981773,0.16857601575045775,0.9391118948579533,0.04082826014713734,1003.2266829981952,False,,,
Benchmark_A,Ablation_C_RandomWingsGenealogy,800,20260715,12,4096,800,0.1953125,912,112,0.24382069997955114,0.0005071999621577561,3281.099595182422,0.9977876941074131,True,178,0.05979939998360351,1.0,0.67,0.286,0.1953125,0.0014380025885444223,0.0016137897008895179,0.0022123058925519468,1.0,0.0006980663292839541,0.0004638872930285267,0.0020823986413005527,5.108672993829955,8.017737688333115,True,194.0,0.04736328125,0.06627549999393523
Benchmark_A,Ablation_C_RandomWingsGenealogy,800,20260716,12,4096,800,0.1953125,912,112,0.2532424000091851,0.0005280000041238964,3159.0286617524716,0.9977925991833553,True,178,0.0553457000060007,1.0,0.66,0.274,0.1953125,0.0014441651647700872,0.001610120876018811,0.0022074008166097503,1.0,0.0006908997099755653,0.0004531728264712198,0.002077770761329645,5.108698107818779,8.017698273717015,True,194.0,0.04736328125,0.05959419999271631
Benchmark_A,Ablation_C_RandomWingsGenealogy,800,20260717,12,4096,800,0.1953125,912,112,0.23293910000938922,0.0005007997970096767,3434.374048700943,0.997826572246234,True,178,0.05005409999284893,1.0,0.68,0.279,0.1953125,0.0014125919397105244,0.001586508331784451,0.002173427753730972,1.0,0.0006877123381839285,0.00045289153505505075,0.002045723439381235,5.108872049900718,8.017425294649136,True,194.0,0.04736328125,0.054846599989105016
Benchmark_A,Ablation_C_RandomWingsGenealogy,800,20260718,12,4096,800,0.1953125,912,112,0.24437030003173277,0.0004969998262822628,3273.72025117666,0.9979393918348404,True,178,0.0562694999971427,1.0,0.69,0.3,0.1953125,0.001340695395996112,0.0015133155197139298,0.0020606081651247665,1.0,0.0006706693359858843,0.00041992908928658625,0.0019393141915603795,5.109449686194383,8.016518904310377,True,194.0,0.04736328125,0.06010559998685494
Benchmark_A,Ablation_C_RandomWingsGenealogy,800,20260719,12,4096,800,0.1953125,912,112,0.2389180000172928,0.0004789000959135592,3348.429167924126,0.9979973002416496,True,178,0.05195539997657761,1.0,0.67,0.278,0.1953125,0.0013036482878341247,0.0014672009702330568,0.0020026997583154627,1.0,0.0006434936672915767,0.00040717900210109444,0.0018847036029393399,5.109746177237246,8.016053748905858,True,194.0,0.04736328125,0.055774300009943545
Benchmark_A,Ablation_C_RandomWingsGenealogy,800,20260720,12,4096,800,0.1953125,912,112,0.24725760001456365,0.000496799941174686,3235.4920534409434,0.9981695762766536,True,178,0.05332000000635162,1.0,0.75,0.286,0.1953125,0.0011855878341865975,0.0013474969076427042,0.0018304237233114362,1.0,0.0006028677158663472,0.0003630567996892175,0.0017222802829774818,5.1106282305364665,8.014670242546757,True,194.0,0.04736328125,0.0573564000078477
Benchmark_A,Ablation_C_RandomWingsGenealogy,800,20260721,12,4096,800,0.1953125,912,112,0.25438400002894923,0.0006201000069268048,3144.8518771186828,0.9984843463184102,True,178,0.05348480003885925,1.0,0.66,0.288,0.1953125,0.0010472311741392055,0.0011249141335601134,0.0015156536815547073,1.0,0.0005056912460929757,0.0003661521035025819,0.001505539731480353,5.11223985315026,8.01214363499781,True,194.0,0.04736328125,0.05850850004935637
Benchmark_A,Ablation_C_RandomWingsGenealogy,800,20260722,12,4096,800,0.1953125,912,112,0.27895529998932034,0.0006157997995615005,2867.8429842724895,0.9978454215002444,True,178,0.06116349995136261,1.0,0.66,0.288,0.1953125,0.0014049235857123673,0.001574636090447851,0.002154578499720672,1.0,0.0006837105406888039,0.0004446430394304471,0.002027942870187278,5.108968558081251,8.017273845854932,True,194.0,0.04736328125,0.06694029999198392
Benchmark_A,Ablation_C_RandomWingsGenealogy,800,20260723,12,4096,800,0.1953125,912,112,0.24504619999788702,0.000517499924171716,3264.690495126626,0.9986057317200931,True,178,0.05740799999330193,1.0,0.69,0.297,0.1953125,0.0009585118604161563,0.0010333981466824588,0.0013942682798717687,1.0,0.000464772480048572,0.00033193128063521097,0.0013847955969302271,5.112861346406877,8.011169719825302,True,194.0,0.04736328125,0.06319559999974445
Benchmark_A,Ablation_C_RandomWingsGenealogy,800,20260724,12,4096,800,0.1953125,912,112,0.23902349994750693,0.0004978000069968402,3346.951241930989,0.9981098333215572,True,178,0.05994549999013543,1.0,0.72,0.279,0.1953125,0.001224215571515169,0.0013830307226825867,0.0018901666784076898,1.0,0.0006049943185877368,0.0003822036340000642,0.001778600654223297,5.110322346606373,8.015149969394871,True,194.0,0.04736328125,0.06369489995995536
Benchmark_B,BFG,500,20260715,18,262144,500,0.0019073486328125,583,82,0.16387970000505447,0.03016659995773807,3051.0185214189355,0.9557301375454039,True,376,0.10904509999090806,1.0,0.37,0.056,0.0208,0.0178700748426332,0.024498599102012686,0.044269862454604736,0.9979144942648592,0.006388109888902815,0.004734262682944118,0.04235496754722127,501.0778423534047,5.231602314897666,True,414.0,0.00157928466796875,0.11899829999310896
Benchmark_B,BFG,500,20260716,18,262144,500,0.0019073486328125,583,82,0.13027409999631345,0.00024010002380236983,3838.0614413313865,0.9557301375454039,True,376,0.09195480000926182,1.0,0.37,0.056,0.0208,0.0178700748426332,0.024498599102012686,0.044269862454604736,0.9979144942648592,0.006388109888902815,0.004734262682944118,0.04235496754722127,501.0778423534047,5.231602314897666,True,414.0,0.00157928466796875,0.10131779999937862
Benchmark_B,BFG,500,20260717,18,262144,500,0.0019073486328125,583,82,0.13540929998271167,0.00025810004444792867,3692.5085652450557,0.9557301375454039,True,376,0.09801870002411306,1.0,0.37,0.056,0.0208,0.0178700748426332,0.024498599102012686,0.044269862454604736,0.9979144942648592,0.006388109888902815,0.004734262682944118,0.04235496754722127,501.0778423534047,5.231602314897666,True,414.0,0.00157928466796875,0.10572619998129085
Benchmark_B,BFG,500,20260718,18,262144,500,0.0019073486328125,583,82,0.13542449998203665,0.00024560035672038794,3692.094119353015,0.9557301375454039,True,376,0.09720890002790838,1.0,0.37,0.056,0.0208,0.0178700748426332,0.024498599102012686,0.044269862454604736,0.9979144942648592,0.006388109888902815,0.004734262682944118,0.04235496754722127,501.0778423534047,5.231602314897666,True,414.0,0.00157928466796875,0.10414880001917481
Benchmark_B,BFG,500,20260719,18,262144,500,0.0019073486328125,583,82,0.1378133000107482,0.00023609987692907453,3628.096852488145,0.9557301375454039,True,376,0.09733249997952953,1.0,0.37,0.056,0.0208,0.0178700748426332,0.024498599102012686,0.044269862454604736,0.9979144942648592,0.006388109888902815,0.004734262682944118,0.04235496754722127,501.0778423534047,5.231602314897666,True,414.0,0.00157928466796875,0.10513599996920675
Benchmark_B,BFG,500,20260720,18,262144,500,0.0019073486328125,583,82,0.12756009999429807,0.0002481000847183168,3919.720978757072,0.9557301375454039,True,376,0.08895569999003783,1.0,0.37,0.056,0.0208,0.0178700748426332,0.024498599102012686,0.044269862454604736,0.9979144942648592,0.006388109888902815,0.004734262682944118,0.04235496754722127,501.0778423534047,5.231602314897666,True,414.0,0.00157928466796875,0.09767759998794645
Benchmark_B,BFG,500,20260721,18,262144,500,0.0019073486328125,583,82,0.13083820004248992,0.0002636000281199813,3821.5138991336185,0.9557301375454039,True,376,0.09374850004678592,1.0,0.37,0.056,0.0208,0.0178700748426332,0.024498599102012686,0.044269862454604736,0.9979144942648592,0.006388109888902815,0.004734262682944118,0.04235496754722127,501.0778423534047,5.231602314897666,True,414.0,0.00157928466796875,0.1021780000301078
Benchmark_B,BFG,500,20260722,18,262144,500,0.0019073486328125,583,82,0.13037089997669682,0.00027710007270798087,3835.211692865299,0.9557301375454039,True,376,0.09325619996525347,1.0,0.37,0.056,0.0208,0.0178700748426332,0.024498599102012686,0.044269862454604736,0.9979144942648592,0.006388109888902815,0.004734262682944118,0.04235496754722127,501.0778423534047,5.231602314897666,True,414.0,0.00157928466796875,0.1004757999908179
Benchmark_B,BFG,500,20260723,18,262144,500,0.0019073486328125,583,82,0.12563750002300367,0.000246899900957942,3979.7035113596835,0.9557301375454039,True,376,0.09209740004735067,1.0,0.37,0.056,0.0208,0.0178700748426332,0.024498599102012686,0.044269862454604736,0.9979144942648592,0.006388109888902815,0.004734262682944118,0.04235496754722127,501.0778423534047,5.231602314897666,True,414.0,0.00157928466796875,0.10001290001673624
Benchmark_B,BFG,500,20260724,18,262144,500,0.0019073486328125,583,82,0.1237266999669373,0.00021559983724728227,4041.1649234450756,0.9557301375454039,True,376,0.08913310000207275,1.0,0.37,0.056,0.0208,0.0178700748426332,0.024498599102012686,0.044269862454604736,0.9979144942648592,0.006388109888902815,0.004734262682944118,0.04235496754722127,501.0778423534047,5.231602314897666,True,414.0,0.00157928466796875,0.09812999999849126
Benchmark_B,Baseline_Random,500,20260715,18,262144,500,0.0019073486328125,500,0,0.1476921000285074,0.023529099998995662,3385.421426762098,4.76662904684434e-06,False,-1,-1.0,0.0,0.0,0.003,0.0019,0.30442739205926705,0.5289068237822496,0.9999952333709621,0.6287799791449425,0.3290891317700717,0.21094413453587926,0.9981366268974766,0.0024990864097119256,1048959.3276217203,False,,,
Benchmark_B,Baseline_Random,500,20260716,18,262144,500,0.0019073486328125,500,0,0.15511829999741167,0.018845400016289204,3223.346310579365,0.0030062767469280272,False,-1,-1.0,0.0,0.01,0.006,0.0021,0.3032540809283816,0.5272773671975112,0.9969937232530809,0.8394160583941604,0.3025310018443797,0.11467561217107851,0.9143965429611816,1.5761548230934015,1663.1868656500985,False,,,
Benchmark_B,Baseline_Random,500,20260717,18,262144,500,0.0019073486328125,500,0,0.1521787000237964,0.020355099986772984,3285.6109292681185,8.806343310525385e-05,False,-1,-1.0,0.0,0.0,0.002,0.0022,0.30439064591262643,0.5288614204332481,0.9999119365669036,0.7789363920750781,0.38305385437182105,0.17086296913299917,0.9859073867947544,0.04617060121588733,56777.255027338935,False,,,
Benchmark_B,Baseline_Random,500,20260718,18,262144,500,0.0019073486328125,500,0,0.15564399998402223,0.024787699978332967,3212.4592020979153,5.6318706809656734e-05,False,-1,-1.0,0.0,0.0,0.002,0.0018,0.3044047609822114,0.5288791016917772,0.9999436812931992,0.6141814389989572,0.34143681092707334,0.17030387671611738,0.9859069567427486,0.02952722215582131,88780.44762104997,False,,,
Benchmark_B,Baseline_Random,500,20260719,18,262144,500,0.0019073486328125,500,0,0.15360989997861907,0.026617800001986325,3254.9985389587187,9.662123214722171e-06,False,-1,-1.0,0.0,0.0,0.002,0.0016,0.3044253846675337,0.5289042657925389,0.9999903378767941,0.5599582898852971,0.3168154604707864,0.17630915061096283,0.9859073867369526,0.0050657352560002575,517484.60342355224,False,,,
Benchmark_B,Baseline_Random,500,20260720,18,262144,500,0.0019073486328125,500,0,0.12699960003374144,0.013326600019354373,3937.02027303361,0.0004072421975848022,False,-1,-1.0,0.0,0.01,0.005,0.0023,0.30424862753834725,0.5286853312431157,0.9995927578024241,0.8143899895724713,0.321774943030209,0.1513040606996825,0.9859075122764461,0.21351219728734078,12277.70606693778,False,,,
Benchmark_B,Baseline_Random,500,20260721,18,262144,500,0.0019073486328125,500,0,0.12849860003916547,0.009976600005757064,3891.0929757024865,1.3250774673731928e-05,False,-1,-1.0,0.0,0.0,0.001,0.0014,0.3044232008039897,0.5289020755829905,0.9999867492253351,0.8206465067778935,0.4379672678085519,0.21620398551196546,0.9981374921315268,0.006947222152141565,377336.4292362393,False,,,
Benchmark_B,Baseline_Random,500,20260722,18,262144,500,0.0019073486328125,500,0,0.16666810004971921,0.038063200016040355,2999.9741993269477,2.0151424094114094e-06,False,-1,-1.0,0.0,0.0,0.001,0.0025,0.30442880767209657,0.5289083289983937,0.9999979848575995,0.6371220020855056,0.41169156401463775,0.21847953155175118,0.9981374145070572,0.001056514983545489,2481214.219227523,False,,,
Benchmark_B,Baseline_Random,500,20260723,18,262144,500,0.0019073486328125,500,0,0.1400774999638088,0.02132340002572164,3569.4526253622657,0.00031966616263443513,False,-1,-1.0,0.0,0.01,0.003,0.0016,0.30430482803887055,0.5287399143577928,0.9996803338373744,0.6684045881126173,0.3248574967698654,0.12835903925992856,0.92662072569284,0.16759713307528273,15641.317675896515,False,,,
Benchmark_B,Baseline_Random,500,20260724,18,262144,500,0.0019073486328125,500,0,0.14118650002637878,0.013569900009315461,3541.4150779754564,4.507477815625366e-06,False,-1,-1.0,0.0,0.0,0.002,0.0028,0.3044275017781192,0.5289069772124301,0.9999954925221932,0.7393117831074034,0.32038955427374427,0.21201998050219822,0.998124235187733,0.002363216528998592,1109267.7999805755,False,,,
Benchmark_B,Baseline_Greedy,500,20260715,18,262144,500,0.0019073486328125,780,280,0.2804920999915339,0.16279479983495548,1782.5813989595126,0.9572213537037915,True,183,0.06165980000514537,1.0,0.38,0.062,0.0083,0.017289098217795743,0.023662818259067894,0.04277864629621719,0.9937434827945776,0.0061284009461215145,0.004572070915595534,0.040864440697980106,501.8596690906534,5.2234522147394875,True,194.0,0.00074005126953125,0.06725850002840161
Benchmark_B,Baseline_Greedy,500,20260716,18,262144,500,0.0019073486328125,793,293,0.3015203000395559,0.17715220001991838,1658.2631416007678,0.9240870103617768,True,151,0.05338980001397431,0.9,0.26,0.041,0.0072,0.030408029232521123,0.04262032324645711,0.0759129896382319,1.0,0.01230388665256872,0.007897371323952093,0.07511632251591005,484.4877304885552,5.410745897231601,False,,,
Benchmark_B,Baseline_Greedy,500,20260717,18,262144,500,0.0019073486328125,777,277,0.3290366000146605,0.1964157999609597,1519.5877904698812,0.9573035231881515,True,167,0.055738900031428784,1.0,0.38,0.059,0.008,0.017260046424747738,0.023616019820624126,0.042696476811857065,0.9958289885297184,0.006110051880064462,0.004562557907808588,0.04078244706531488,501.9027495652696,5.22300386333926,True,178.0,0.00067901611328125,0.061859100009314716
Benchmark_B,Baseline_Greedy,500,20260718,18,262144,500,0.0019073486328125,763,263,0.31064690003404394,0.16207560000475496,1609.544469766815,0.9575190931590786,True,199,0.08035110001219437,1.0,0.38,0.066,0.0101,0.0171680862449756,0.023490221302050075,0.04248090684093009,0.9958289885297184,0.006059442112508138,0.004540550237196724,0.04056740569459243,502.01577031418697,5.2218279883107455,True,210.0,0.00080108642578125,0.0841447000275366
Benchmark_B,Baseline_Greedy,500,20260719,18,262144,500,0.0019073486328125,763,263,0.3289973000064492,0.18489500012947246,1519.7693111469264,0.9456897210429913,True,199,0.09210100001655519,1.0,0.28,0.057,0.0099,0.021939091763689064,0.03036457624993487,0.054310278957017344,0.9979144942648592,0.00847350084668858,0.0057158595887370316,0.05251269930812203,495.81377246618786,5.287146395633393,False,,,
Benchmark_B,Baseline_Greedy,500,20260720,18,262144,500,0.0019073486328125,766,266,0.2496207000222057,0.1460916999494657,2003.0390106089803,0.9224813035742249,True,199,0.07390140002826229,0.9,0.27,0.042,0.0096,0.031032586035171332,0.0434995028448765,0.07751869642578402,0.9854014598540145,0.012506915363920951,0.00805825560323465,0.0768386946021188,483.6458776883232,5.420164051701769,False,,,
Benchmark_B,Baseline_Greedy,500,20260721,18,262144,500,0.0019073486328125,779,279,0.2409841000335291,0.12804430007236078,2074.82568323152,0.9572568200397198,True,183,0.060310800035949796,1.0,0.38,0.061,0.0094,0.017277018982813506,0.023643114842250727,0.04274317996028898,0.9958289885297184,0.006122098590115011,0.004568049603543763,0.04082904853724441,501.8782636649846,5.223258685994562,True,194.0,0.00074005126953125,0.06429080001544207
Benchmark_B,Baseline_Greedy,500,20260722,18,262144,500,0.0019073486328125,780,280,0.26301579998107627,0.1526777998660691,1901.0264783939767,0.9535559572454906,True,183,0.05944829998770729,1.0,0.28,0.055,0.0091,0.018871859868427238,0.02582294257092457,0.04644404275451819,0.9979144942648592,0.006997605015005138,0.0049634361771224555,0.0445363658547912,499.93794571232377,5.2435307671333256,True,194.0,0.00074005126953125,0.06363480002619326
Benchmark_B,Baseline_Greedy,500,20260723,18,262144,500,0.0019073486328125,763,263,0.25728009996237233,0.14948419999564067,1943.4072051166254,0.9534610068782886,True,199,0.0644179999944754,1.0,0.28,0.054,0.0106,0.018908497040765294,0.025873808070248208,0.04653899312172016,0.9979144942648592,0.007006871654263436,0.004972039019897744,0.04463186288692317,499.88816437420417,5.244052943885372,True,210.0,0.00080108642578125,0.0681516999611631
Benchmark_B,Baseline_Greedy,500,20260724,18,262144,500,0.0019073486328125,777,277,0.2810069000115618,0.17076339985942468,1779.3157391488533,0.9533610129698435,True,167,0.06007810001028702,1.0,0.28,0.051,0.0076,0.018951952125964414,0.025930268992923236,0.046638987030165335,1.0,0.007024378213683614,0.004986211392945133,0.04473244810200734,499.8357387679333,5.24460296989107,True,178.0,0.00067901611328125,0.06407339998986572
Benchmark_B,Ablation_A_RandomOnly,500,20260715,18,262144,500,0.0019073486328125,508,0,0.1773916000383906,0.021244899893645197,2818.622752665805,2.3832583012886943e-08,False,-1,-1.0,0.0,0.0,0.0,0.0055,0.3044298149210196,0.5289094168882088,0.9999999761674259,0.7017726798748696,0.4556182023920346,0.3139599281604423,0.9995166163744456,1.249513728266047e-05,209796814.60865408,False,,,
Benchmark_B,Ablation_A_RandomOnly,500,20260716,18,262144,500,0.0019073486328125,508,0,0.1780667999992147,0.02069929998833686,2807.9349996866626,1.8207538124123694e-08,False,-1,-1.0,0.0,0.0,0.0,0.0054,0.3044298194335389,0.5289094202313749,0.9999999817924707,0.7058246379236267,0.5121073927162988,0.2820325528274068,0.9998077162084991,9.545993748020563e-06,274611535.3934289,False,,,
Benchmark_B,Ablation_A_RandomOnly,500,20260717,18,262144,500,0.0019073486328125,508,0,0.1831683000200428,0.020368700148537755,2729.7299802710872,2.2241164731249552e-08,False,-1,-1.0,0.0,0.0,0.0,0.0053,0.304429816546416,0.5289094179518841,0.9999999777588442,0.4389989572471324,0.39767042558885896,0.2870096575785355,0.9823506220850124,1.1660775774617365e-05,224808370.4436054,False,,,
Benchmark_B,Ablation_A_RandomOnly,500,20260718,18,262144,500,0.0019073486328125,508,0,0.1791541000129655,0.019981799996457994,2790.8934261834625,7.73251372908216e-05,False,-1,-1.0,0.0,0.0,0.002,0.0054,0.30439545798130346,0.5288674475710653,0.999922674862718,0.5870698644421272,0.34039146550268706,0.16557370674190533,0.9875695877681959,0.04054064157993027,64662.025509180625,False,,,
Benchmark_B,Ablation_A_RandomOnly,500,20260719,18,262144,500,0.0019073486328125,508,0,0.18475349998334423,0.023894100158941,2706.3086763989622,9.036393943562133e-07,False,-1,-1.0,0.0,0.0,0.001,0.0058,0.3044293230032886,0.5289089258728522,0.9999990963606146,0.7518248175182481,0.48490634346497496,0.2641989162850463,0.9997899646635641,0.0004737672907882304,5533180.6373516815,False,,,
Benchmark_B,Ablation_A_RandomOnly,500,20260720,18,262144,500,0.0019073486328125,508,0,0.19543280004290864,0.02332049992401153,2558.4241738859673,0.0003787101439139536,False,-1,-1.0,0.0,0.01,0.003,0.0056,0.3042794148698437,0.5287079655674753,0.9996212898560949,0.8498435870698643,0.30952663165584254,0.11729968753758385,0.92662197153333,0.1985531839323589,13202.709460922297,False,,,
Benchmark_B,Ablation_A_RandomOnly,500,20260721,18,262144,500,0.0019073486328125,508,0,0.18347729998640716,0.021452600019983947,2725.1327550440424,8.369276394808866e-07,False,-1,-1.0,0.0,0.0,0.001,0.0059,0.3044293635239276,0.5289089639440008,0.9999991630723694,0.7744320401371163,0.48367356068396505,0.25956957957075694,0.9997894107894563,0.0004387911182481551,5974232.136844356,False,,,
Benchmark_B,Ablation_A_RandomOnly,500,20260722,18,262144,500,0.0019073486328125,508,0,0.18018069997197017,0.020363800111226737,2774.9919945797888,3.7441671650366187e-07,False,-1,-1.0,0.0,0.0,0.0,0.0058,0.3044296416377136,0.5289092297874238,0.9999996255832924,0.5662148070907195,0.45883008610212556,0.23326814178130068,0.9983262409876049,0.00019630219146227188,13354104.610206684,False,,,
Benchmark_B,Ablation_A_RandomOnly,500,20260723,18,262144,500,0.0019073486328125,508,0,0.18218300002627075,0.022336500114761293,2744.49317404972,4.9251716421334807e-08,False,-1,-1.0,0.0,0.0,0.0,0.0055,0.30442979935304026,0.5289094024690888,0.9999999507482925,0.818091296091155,0.5262806357043884,0.31087047983566485,0.9999759918637352,2.582208389910878e-05,101519304.57055311,False,,,
Benchmark_B,Ablation_A_RandomOnly,500,20260724,18,262144,500,0.0019073486328125,508,0,0.18464519997360185,0.023519699927419424,2707.8960085151602,9.244002639822343e-09,False,-1,-1.0,0.0,0.0,0.0,0.0058,0.30442982375074545,0.5289094249092047,0.9999999907560062,0.6746611053180396,0.47362646524946933,0.33528625690432157,0.9999747096947306,4.8465196560271765e-06,500000000.0,False,,,
Benchmark_B,Ablation_B_RandomWings,500,20260715,18,262144,500,0.0019073486328125,500,0,0.17736390000209212,0.016830800217576325,2819.06295471684,9.642813142821878e-05,False,-1,-1.0,0.0,0.0,0.001,0.0105,0.3043869627917027,0.5288572083429963,0.9999035718685807,0.7831074035453598,0.38871336700003817,0.17568627267136397,0.987579214323585,0.05055611217023797,51852.08845120064,False,,,
Benchmark_B,Ablation_B_RandomWings,500,20260716,18,262144,500,0.0019073486328125,500,0,0.1553762999828905,0.015978399896994233,3217.993993003169,2.6096325639713074e-09,False,-1,-1.0,0.0,0.0,0.0,0.0101,0.3044298278972383,0.5289094285570146,0.9999999973903764,0.7664233576642335,0.589774652539181,0.37017784401187087,0.9999788057134031,1.3681990376993888e-06,500000000.0,False,,,
Benchmark_B,Ablation_B_RandomWings,500,20260717,18,262144,500,0.0019073486328125,500,0,0.15715790004469454,0.015996200090739876,3181.513623290994,5.335749131957445e-10,False,-1,-1.0,0.0,0.0,0.0,0.0104,0.3044298292574822,0.5289094297229249,0.9999999994664339,0.7601668404588112,0.5599263000108705,0.44549078600080527,0.9999933890233309,2.7974692408957046e-07,500000000.0,False,,,
Benchmark_B,Ablation_B_RandomWings,500,20260718,18,262144,500,0.0019073486328125,500,0,0.1581591999856755,0.016867999860551208,3161.37158031455,1.9855960552991376e-07,False,-1,-1.0,0.0,0.0,0.0,0.0107,0.30442978415511635,0.528909346171853,0.9999998014404033,0.7226277372262773,0.23523567388787037,0.07526688251873155,0.999972418561772,0.00010410241846406742,25181355.425520983,False,,,
Benchmark_B,Ablation_B_RandomWings,500,20260719,18,262144,500,0.0019073486328125,500,0,0.16163739998592064,0.018381500092800707,3093.343496267277,5.527750780359033e-09,False,-1,-1.0,0.0,0.0,0.0,0.01,0.3044298261973716,0.5289094269997885,0.9999999944722581,0.5228715653543214,0.4735982343843869,0.3224550735476688,0.9999793265566465,2.8981334011328768e-06,500000000.0,False,,,
Benchmark_B,Ablation_B_RandomWings,500,20260720,18,262144,500,0.0019073486328125,500,0,0.16216479998547584,0.021211499872151762,3083.28317886978,1.7421823434802472e-06,False,-1,-1.0,0.0,0.0,0.001,0.0099,0.30442895853270435,0.528908487641585,0.9999982578176654,0.5307612095933264,0.4105123714499898,0.22417202967412905,0.9983469414770905,0.0009134052964985718,2869963.6514578704,False,,,
Benchmark_B,Ablation_B_RandomWings,500,20260721,18,262144,500,0.0019073486328125,500,0,0.16933299996890128,0.019385999825317413,2952.761718577165,2.2231487426887237e-08,False,-1,-1.0,0.0,0.0,0.0,0.0104,0.3044298172803186,0.5289094180806081,0.9999999777685215,0.6684045881126173,0.5141301445000651,0.28798688218346835,0.996292873696476,1.1655702080067856e-05,224906228.8991466,False,,,
Benchmark_B,Ablation_B_RandomWings,500,20260722,18,262144,500,0.0019073486328125,500,0,0.16071339999325573,0.018105999915860593,3111.128257015173,1.0050609457451026e-07,False,-1,-1.0,0.0,0.0,0.0,0.0105,0.3044297737416098,0.5289093748977829,0.9999998994939143,0.6120959332638164,0.504218901610645,0.2782034145107724,0.9990826968536423,5.2694139312280835e-05,49748226.92262952,False,,,
Benchmark_B,Ablation_B_RandomWings,500,20260723,18,262144,500,0.0019073486328125,500,0,0.16332180000608787,0.019071799761150032,3061.4406648797794,1.4328038391247471e-08,False,-1,-1.0,0.0,0.0,0.0,0.0111,0.3044298207468522,0.5289094221334427,0.9999999856719705,0.6517205422314911,0.4513349064740684,0.3174833052172457,0.9999620788732271,7.5120185920703545e-06,348966122.4703541,False,,,
Benchmark_B,Ablation_B_RandomWings,500,20260724,18,262144,500,0.0019073486328125,500,0,0.1593756999936886,0.018912300060037524,3137.241122829894,6.381944644799158e-10,False,-1,-1.0,0.0,0.0,0.0,0.0103,0.3044298293636905,0.5289094297241541,0.9999999993618144,0.6517205422314911,0.3706165613417924,0.23718662418221184,0.7075461672066435,3.3459769939324607e-07,500000000.0,False,,,
Benchmark_B,Ablation_C_RandomWingsGenealogy,500,20260715,18,262144,500,0.0019073486328125,583,82,0.1108379999641329,0.00018880021525546908,4511.088256390404,0.9557301375454039,True,376,0.0779062999645248,1.0,0.37,0.056,0.0208,0.0178700748426332,0.024498599102012686,0.044269862454604736,0.9979144942648592,0.006388109888902815,0.004734262682944118,0.04235496754722127,501.0778423534047,5.231602314897666,True,414.0,0.00157928466796875,0.08473619999131188
Benchmark_B,Ablation_C_RandomWingsGenealogy,500,20260716,18,262144,500,0.0019073486328125,583,82,0.10842479998245835,0.00019619998056441545,4611.491098723661,0.9557301375454039,True,376,0.07583069999236614,1.0,0.37,0.056,0.0208,0.0178700748426332,0.024498599102012686,0.044269862454604736,0.9979144942648592,0.006388109888902815,0.004734262682944118,0.04235496754722127,501.0778423534047,5.231602314897666,True,414.0,0.00157928466796875,0.08292499999515712
Benchmark_B,Ablation_C_RandomWingsGenealogy,500,20260717,18,262144,500,0.0019073486328125,583,82,0.11402179999276996,0.0001925000688061118,4385.126353308794,0.9557301375454039,True,376,0.08130319998599589,1.0,0.37,0.056,0.0208,0.0178700748426332,0.024498599102012686,0.044269862454604736,0.9979144942648592,0.006388109888902815,0.004734262682944118,0.04235496754722127,501.0778423534047,5.231602314897666,True,414.0,0.00157928466796875,0.08829540002625436
Benchmark_B,Ablation_C_RandomWingsGenealogy,500,20260718,18,262144,500,0.0019073486328125,583,82,0.11535330000333488,0.00021379999816417694,4334.509719145833,0.9557301375454039,True,376,0.08444150001741946,1.0,0.37,0.056,0.0208,0.0178700748426332,0.024498599102012686,0.044269862454604736,0.9979144942648592,0.006388109888902815,0.004734262682944118,0.04235496754722127,501.0778423534047,5.231602314897666,True,414.0,0.00157928466796875,0.09139590000268072
Benchmark_B,Ablation_C_RandomWingsGenealogy,500,20260719,18,262144,500,0.0019073486328125,583,82,0.110026000009384,0.00018709985306486487,4544.380418786064,0.9557301375454039,True,376,0.0781074000406079,1.0,0.37,0.056,0.0208,0.0178700748426332,0.024498599102012686,0.044269862454604736,0.9979144942648592,0.006388109888902815,0.004734262682944118,0.04235496754722127,501.0778423534047,5.231602314897666,True,414.0,0.00157928466796875,0.08561579999513924
Benchmark_B,Ablation_C_RandomWingsGenealogy,500,20260720,18,262144,500,0.0019073486328125,583,82,0.10906560003058985,0.00020189984934404492,4584.396912131451,0.9557301375454039,True,376,0.07806980004534125,1.0,0.37,0.056,0.0208,0.0178700748426332,0.024498599102012686,0.044269862454604736,0.9979144942648592,0.006388109888902815,0.004734262682944118,0.04235496754722127,501.0778423534047,5.231602314897666,True,414.0,0.00157928466796875,0.08479950000764802
Benchmark_B,Ablation_C_RandomWingsGenealogy,500,20260721,18,262144,500,0.0019073486328125,583,82,0.1787631000042893,0.00018889992497861385,2796.997814358796,0.9557301375454039,True,376,0.0794457999872975,1.0,0.37,0.056,0.0208,0.0178700748426332,0.024498599102012686,0.044269862454604736,0.9979144942648592,0.006388109888902815,0.004734262682944118,0.04235496754722127,501.0778423534047,5.231602314897666,True,414.0,0.00157928466796875,0.08682019996922463
Benchmark_B,Ablation_C_RandomWingsGenealogy,500,20260722,18,262144,500,0.0019073486328125,583,82,0.11229040002217516,0.00018839997937902808,4452.740393669092,0.9557301375454039,True,376,0.07960759999696165,1.0,0.37,0.056,0.0208,0.0178700748426332,0.024498599102012686,0.044269862454604736,0.9979144942648592,0.006388109888902815,0.004734262682944118,0.04235496754722127,501.0778423534047,5.231602314897666,True,414.0,0.00157928466796875,0.08691359998192638
Benchmark_B,Ablation_C_RandomWingsGenealogy,500,20260723,18,262144,500,0.0019073486328125,583,82,0.11500710004474968,0.0002294000587426126,4347.557670834654,0.9557301375454039,True,376,0.07921850000275299,1.0,0.37,0.056,0.0208,0.0178700748426332,0.024498599102012686,0.044269862454604736,0.9979144942648592,0.006388109888902815,0.004734262682944118,0.04235496754722127,501.0778423534047,5.231602314897666,True,414.0,0.00157928466796875,0.08605420001549646
Benchmark_B,Ablation_C_RandomWingsGenealogy,500,20260724,18,262144,500,0.0019073486328125,583,82,0.1162000999902375,0.00022170011652633548,4302.922287003258,0.9557301375454039,True,376,0.07926760002737865,1.0,0.37,0.056,0.0208,0.0178700748426332,0.024498599102012686,0.044269862454604736,0.9979144942648592,0.006388109888902815,0.004734262682944118,0.04235496754722127,501.0778423534047,5.231602314897666,True,414.0,0.00157928466796875,0.08684060000814497
Benchmark_B,BFG,1000,20260715,18,262144,1000,0.003814697265625,1251,200,0.32354239997221157,0.06679249997250736,3090.7850102054263,0.9858963356623468,True,376,0.08399299997836351,1.0,0.75,0.134,0.0313,0.005980536016402098,0.007850689598234156,0.01410366433766208,1.0,0.002184414020056095,0.0017110939061465602,0.013080727251144062,258.44680901587026,10.14305423225027,True,414.0,0.00157928466796875,0.09084179997444153
Benchmark_B,BFG,1000,20260716,18,262144,1000,0.003814697265625,1216,200,0.27420760004315525,0.029282300150953233,3646.8719314950363,0.985921925555526,True,376,0.08053680002922192,1.0,0.75,0.138,0.0316,0.005969162730493021,0.00783633001895616,0.014078074444482835,1.0,0.0021796157258539683,0.0017074153746391154,0.013056654466948689,258.4535172528278,10.142790966298286,True,414.0,0.00157928466796875,0.0873839000123553
Benchmark_B,BFG,1000,20260717,18,262144,1000,0.003814697265625,1204,192,0.28115419996902347,0.034137600276153535,3556.767069850553,0.9858963357878204,True,376,0.08010989998001605,1.0,0.75,0.134,0.0316,0.005980535974478935,0.007850689543355688,0.01410366421218845,1.0,0.0021844140073579744,0.0017110938880111402,0.01308072725991978,258.4468090487624,10.143054230959379,True,414.0,0.00157928466796875,0.08695610001450405
Benchmark_B,BFG,1000,20260718,18,262144,1000,0.003814697265625,1222,204,0.2654780999873765,0.01919399993494153,3766.789049822001,0.9858963356858575,True,376,0.07880519999889657,1.0,0.75,0.134,0.0313,0.005980536007258988,0.007850689587966234,0.01410366431415122,1.0,0.0021844140190230943,0.001711093901437321,0.01308072722901495,258.44680902203345,10.143054232008389,True,414.0,0.00157928466796875,0.08533029997488484
Benchmark_B,BFG,1000,20260719,18,262144,1000,0.003814697265625,1305,197,0.2605263000004925,0.02092310000443831,3838.3840710059203,0.9859659707774693,True,376,0.07824120001168922,1.0,0.75,0.135,0.0325,0.005949587213733699,0.007811708662962532,0.01403402922253938,0.9979144942648592,0.0021740265486251864,0.0017010843461726269,0.013015224658349565,258.46506344348893,10.142337865996168,True,414.0,0.00157928466796875,0.08497450000140816
Benchmark_B,BFG,1000,20260720,18,262144,1000,0.003814697265625,1215,193,0.26126570004271343,0.016108699783217162,3827.5211780058135,0.9858963356614174,True,376,0.08144189999438822,1.0,0.75,0.134,0.0312,0.005980536016763483,0.00785068959866713,0.014103664338591337,1.0,0.0021844140202483234,0.0017110939063292455,0.013080727252004145,258.4468090156266,10.143054232259832,True,414.0,0.00157928466796875,0.08858300000429153
Benchmark_B,BFG,1000,20260721,18,262144,1000,0.003814697265625,1236,199,0.272654699976556,0.023608699964825064,3667.642626684903,0.9859028553864099,True,376,0.08072480000555515,1.0,0.75,0.135,0.0314,0.005977638361208064,0.007847096597158158,0.014097144613598789,1.0,0.002183432714282816,0.0017101566816925871,0.01307459393337986,258.448518122415,10.142987156762672,True,414.0,0.00157928466796875,0.08760229998733848
Benchmark_B,BFG,1000,20260722,18,262144,1000,0.003814697265625,1222,210,0.2626194999902509,0.018140900181606412,3807.7903584353885,0.9858963356624746,True,376,0.08172919997014105,1.0,0.75,0.134,0.0313,0.005980536016352401,0.007850689598172188,0.014103664337534294,1.0,0.002184414020021344,0.001711093906125026,0.013080727251030655,258.44680901590374,10.143054232248955,True,414.0,0.00157928466796875,0.08830010000383481
Benchmark_B,BFG,1000,20260723,18,262144,1000,0.003814697265625,1211,199,0.26339350000489503,0.019357599958311766,3796.600903140797,0.9858963356637115,True,376,0.08059299999149516,1.0,0.75,0.134,0.0315,0.005980536015743873,0.007850689597554764,0.014103664336297173,1.0,0.0021844140197860152,0.001711093905749357,0.013080727249868767,258.446809016228,10.14305423223623,True,414.0,0.00157928466796875,0.08788669999921694
Benchmark_B,BFG,1000,20260724,18,262144,1000,0.003814697265625,1206,197,0.2871179999783635,0.044250099861528724,3482.8885687256025,0.9859327135671434,True,376,0.07852059998549521,1.0,0.75,0.135,0.0315,0.0059643560501975775,0.00782991843789985,0.014067286432865367,0.9979144942648592,0.002177331802296546,0.0017058524766879334,0.013046506402137482,258.45634526534525,10.142679984539317,True,414.0,0.00157928466796875,0.08509060001233593
Benchmark_B,Baseline_Random,1000,20260715,18,262144,1000,0.003814697265625,1000,0,0.22415050002746284,0.02966439997544512,4461.288285671816,1.4615854208610531e-05,False,-1,-1.0,0.0,0.0,0.005,0.0039,0.30442283966292893,0.5289015530753062,0.9999853841458003,0.5474452554744524,0.2955807759959746,0.17791492849631735,0.9859070790817132,0.003831458485661999,684188.5432949087,False,,,
Benchmark_B,Baseline_Random,1000,20260716,18,262144,1000,0.003814697265625,1000,0,0.23782699997536838,0.033028799982275814,4204.737057203637,0.0030064469246370218,False,-1,-1.0,0.0,0.01,0.006,0.0032,0.303253986297351,0.5272772745293797,0.9969935530753719,0.8477580813347235,0.30251660958362697,0.11466079217506336,0.9143963400300807,0.7881220226120474,3326.1854443704615,False,,,
Benchmark_B,Baseline_Random,1000,20260717,18,262144,1000,0.003814697265625,1000,0,0.22057439998025075,0.02209060004679486,4533.617682240258,8.866690581851938e-05,False,-1,-1.0,0.0,0.0,0.002,0.0043,0.3043903190249518,0.5288610926480303,0.9999113330941903,0.7017726798748696,0.38111519937309063,0.16869078315959576,0.985907386794745,0.023243497358889944,112781.65069239795,False,,,
Benchmark_B,Baseline_Random,1000,20260718,18,262144,1000,0.003814697265625,1000,0,0.21093379997182637,0.009887600026559085,4740.823898936852,0.00038027685421347055,False,-1,-1.0,0.0,0.01,0.004,0.0044,0.30427860505049337,0.5287073624923138,0.9996197231457954,0.6934306569343065,0.2803446870933822,0.11952566391815544,0.9143903482144521,0.09968729567093602,26296.630702605013,False,,,
Benchmark_B,Baseline_Random,1000,20260719,18,262144,1000,0.003814697265625,1000,0,0.2215491000097245,0.01768759998958558,4513.672138393281,1.029855329140196e-05,False,-1,-1.0,0.0,0.0,0.003,0.003,0.3044250289937101,0.5289039111097361,0.9999897014467175,0.5537017726798747,0.29870163207643213,0.17304063638478862,0.9859073867369424,0.002699703954021275,971010.1717246815,False,,,
Benchmark_B,Baseline_Random,1000,20260720,18,262144,1000,0.003814697265625,1000,0,0.22029420000035316,0.009630199987441301,4539.384150823748,0.0004882571998404113,False,-1,-1.0,0.0,0.01,0.006,0.0044,0.30421255496234845,0.5286412055394402,0.9995117428001685,0.843587069864442,0.2873474176056063,0.14710369203431067,0.9859073829255488,0.12799369539496477,20481.008786493137,False,,,
Benchmark_B,Baseline_Random,1000,20260721,18,262144,1000,0.003814697265625,1000,0,0.21425379998981953,0.010391900024842471,4667.361792638058,1.785334105483286e-05,False,-1,-1.0,0.0,0.0,0.003,0.0032,0.3044208841456608,0.5288995642656575,0.999982146658954,0.6809176225234619,0.3689055165555767,0.20317752636427303,0.998137525316086,0.004680146237478105,560119.2499088579,False,,,
Benchmark_B,Baseline_Random,1000,20260722,18,262144,1000,0.003814697265625,1000,0,0.21495220001088455,0.012820800009649247,4652.197092885594,0.0002878153115833269,False,-1,-1.0,0.0,0.01,0.003,0.005,0.30431333721479537,0.5287559240129245,0.9997121846884256,0.6037539103232533,0.2930659805411342,0.1289697529248459,0.9143903482720384,0.07544905703969965,34744.50315026012,False,,,
Benchmark_B,Baseline_Random,1000,20260723,18,262144,1000,0.003814697265625,1000,0,0.21517959999619052,0.009718100016470999,4647.280690259224,0.0003231346740449193,False,-1,-1.0,0.0,0.01,0.005,0.0036,0.3043030736915027,0.528738022504266,0.999676865325964,0.6684045881126173,0.3211470937701108,0.12481566569445277,0.9266205795832683,0.08470781599283132,30946.84911038018,False,,,
Benchmark_B,Baseline_Random,1000,20260724,18,262144,1000,0.003814697265625,1000,0,0.21186679997481406,0.010832900006789714,4719.946684043353,0.00029827827124542707,False,-1,-1.0,0.0,0.01,0.007,0.0053,0.30431243105703076,0.5287512723676381,0.9997017217287635,0.7184567257559957,0.32019129378850386,0.12301479811233985,0.9266129684002379,0.07819185913736124,33525.74077302425,False,,,
Benchmark_B,Baseline_Greedy,1000,20260715,18,262144,1000,0.003814697265625,1642,642,0.476468599983491,0.2600777997286059,2098.7741900193396,0.9575926492054186,True,283,0.08495809999294579,1.0,0.38,0.063,0.01,0.01714160890129108,0.023449956132347054,0.042407350794590126,0.9916579770594368,0.00604829112150591,0.00453134593873344,0.040494051674697495,251.02716743330527,10.442853762816263,True,294.0,0.00112152099609375,0.08885330002522096
Benchmark_B,Baseline_Greedy,1000,20260716,18,262144,1000,0.003814697265625,1640,640,0.5061182999634184,0.294678800215479,1975.8226487212155,0.9532814323799268,True,283,0.07946129998890683,1.0,0.28,0.055,0.0116,0.01898831630926546,0.02598030895274991,0.04671856762008153,0.9979144942648592,0.007052068503797294,0.0049993600000000854,0.04481251594059139,249.89700780980354,10.490081585911492,True,294.0,0.00112152099609375,0.08325989998411387
Benchmark_B,Baseline_Greedy,1000,20260717,18,262144,1000,0.003814697265625,1655,655,0.4277603999944404,0.2139391002128832,2337.757305288187,0.9453316700661921,True,250,0.07337910000933334,1.0,0.28,0.053,0.0084,0.02209605023184231,0.03056386846215567,0.05466832993381676,0.9979144942648592,0.008522717150420845,0.0057687549422440025,0.05287892036469803,247.81302531783186,10.578297878563404,False,,,
Benchmark_B,Baseline_Greedy,1000,20260718,18,262144,1000,0.003814697265625,1626,626,0.46028780000051484,0.24708719976479188,2172.553780480129,0.9576963423683839,True,299,0.08470419998047873,1.0,0.38,0.066,0.0114,0.017098415710732107,0.023389454875683176,0.042303657631625025,0.9916579770594368,0.006022864052117,0.004519609628513523,0.040390663339707235,251.0543499738176,10.441723078183625,True,310.0,0.00118255615234375,0.0885370999458246
Benchmark_B,Baseline_Greedy,1000,20260719,18,262144,1000,0.003814697265625,1638,638,0.46341820002999157,0.2495723000029102,2157.8781323980843,0.924347844692642,True,267,0.07019629998831078,0.9,0.27,0.049,0.0093,0.030299152585242555,0.04247975381409597,0.07565215530736691,0.9958289885297184,0.012276574294960919,0.00786325992047059,0.07483710161309125,242.31224139910793,10.818438164179561,False,,,
Benchmark_B,Baseline_Greedy,1000,20260720,18,262144,1000,0.003814697265625,1690,690,0.47913799999514595,0.2742773000500165,2087.081383672618,0.9143912292555545,True,201,0.04840689996490255,0.9,0.14,0.015,0.006,0.03419144332797948,0.047846900290373834,0.08560877074445439,0.9979144942648592,0.013290788031573944,0.008890701893190422,0.08560867077255381,239.70217440196808,10.936237881613796,False,,,
Benchmark_B,Baseline_Greedy,1000,20260721,18,262144,1000,0.003814697265625,1640,640,0.48752610001247376,0.2731977998628281,2051.1722346237752,0.9534751219586709,True,283,0.07916680001653731,1.0,0.28,0.053,0.0103,0.018904980447550564,0.025867393105394095,0.04652487804133787,1.0,0.007008495007950637,0.0049727842591453,0.04461766295504251,249.94778237073382,10.487950623669715,True,294.0,0.00112152099609375,0.08306949998950586
Benchmark_B,Baseline_Greedy,1000,20260722,18,262144,1000,0.003814697265625,1639,639,0.4945706999860704,0.29254490009043366,2021.9556072128112,0.9532314896070294,True,283,0.07104549999348819,1.0,0.28,0.054,0.0113,0.019005964597771072,0.02600983880291576,0.046768510392979135,0.9937434827945776,0.007068841441143809,0.005002186081211547,0.04486277138839469,249.88391561154512,10.490631194026658,True,294.0,0.00112152099609375,0.07470490003470331
Benchmark_B,Baseline_Greedy,1000,20260723,18,262144,1000,0.003814697265625,1627,627,0.45284390001324937,0.2287964000715874,2208.2664688002683,0.9457542341286044,True,299,0.07799530000193045,1.0,0.28,0.055,0.0117,0.02191337774432773,0.030329843579530894,0.054245765871404616,1.0,0.00846711451777071,0.005709046975483295,0.05244674359062033,247.92379795140886,10.57357148309652,False,,,
Benchmark_B,Baseline_Greedy,1000,20260724,18,262144,1000,0.003814697265625,1659,659,0.413592700031586,0.20656370010692626,2417.837645402422,0.9231363806311604,True,267,0.06481160002294928,0.9,0.27,0.047,0.0109,0.030775325841783694,0.04314709050580778,0.07686361936884845,0.9958289885297184,0.012444581175217956,0.007989886490485517,0.07613529815388019,241.99466336417493,10.832635577814482,False,,,
Benchmark_B,Ablation_A_RandomOnly,1000,20260715,18,262144,968,0.003692626953125,968,0,0.3047439000220038,0.027397500118240714,3176.4376577516605,0.00031374433575441214,False,-1,-1.0,0.0,0.01,0.001,0.0093,0.3043077918715614,0.5287431546784052,0.9996862556642545,0.5286757038581856,0.3284673172602689,0.13250045737118635,0.9282199212344109,0.0849650776363684,30853.146644780092,False,,,
Benchmark_B,Ablation_A_RandomOnly,1000,20260716,18,262144,968,0.003692626953125,968,0,0.288661599974148,0.023350800038315356,3353.4075889785563,4.2659220465235255e-07,False,-1,-1.0,0.0,0.0,0.0,0.0093,0.3044296026752331,0.5289091993702352,0.9999995734078042,0.6392962478984249,0.38770049179566063,0.22813754467493708,0.9981376199670539,0.00011552539968634949,22691460.12147275,False,,,
Benchmark_B,Ablation_A_RandomOnly,1000,20260717,18,262144,968,0.003692626953125,968,0,0.29912209999747574,0.028718999994453043,3236.1366813357117,0.0001930910039811969,False,-1,-1.0,0.0,0.0,0.002,0.0106,0.30435441929350276,0.5288072790087146,0.9998069089960276,0.5161626694473409,0.327803561738859,0.13070343174378085,0.9266205814445854,0.05229095883021372,50131.802105822775,False,,,
Benchmark_B,Ablation_A_RandomOnly,1000,20260718,18,262144,968,0.003692626953125,968,0,0.29649080004310235,0.028791800199542195,3264.8567842890134,1.938058767035978e-06,False,-1,-1.0,0.0,0.0,0.001,0.0106,0.3044288425549523,0.528908377016567,0.9999980619412419,0.6767466110531803,0.40313513286761676,0.2111199654586164,0.998136596063097,0.0005248455345308672,4994688.5846007485,False,,,
Benchmark_B,Ablation_A_RandomOnly,1000,20260719,18,262144,968,0.003692626953125,968,0,0.3079368000035174,0.03359059995273128,3143.50217313729,6.506188799842208e-07,False,-1,-1.0,0.0,0.0,0.0,0.0102,0.30442948140421816,0.5289090777296164,0.9999993493811289,0.6600863697813004,0.3468350115141052,0.23547681612452254,0.9981338436773953,0.00017619404511837146,14878141.870452277,False,,,
Benchmark_B,Ablation_A_RandomOnly,1000,20260720,18,262144,968,0.003692626953125,968,0,0.3014324000105262,0.03340770024806261,3211.3336189679576,0.00041185477467264647,False,-1,-1.0,0.0,0.01,0.003,0.011,0.30426612408435516,0.5286904417285377,0.9995881452253362,0.8206465067778935,0.28211059249665044,0.12400221946316943,0.9160395753063615,0.1115343574915147,23503.430323695848,False,,,
Benchmark_B,Ablation_A_RandomOnly,1000,20260721,18,262144,968,0.003692626953125,968,0,0.3053294999990612,0.03287590004038066,3170.3454792379257,1.4865334434060756e-06,False,-1,-1.0,0.0,0.0,0.001,0.0105,0.30442908391285317,0.5289086239074812,0.9999985134665654,0.6016684045881125,0.4512023600556261,0.2267081484652589,0.998324176548858,0.0004025679989547957,6511794.297624637,False,,,
Benchmark_B,Ablation_A_RandomOnly,1000,20260722,18,262144,968,0.003692626953125,968,0,0.32638099999167025,0.04081019986188039,2965.858919559364,0.0003624551764081265,False,-1,-1.0,0.0,0.01,0.001,0.0105,0.30428879439440093,0.5287172345515203,0.9996375448236008,0.6287799791449425,0.32766417904671424,0.13184169067844748,0.9273105074834116,0.09815645636811149,26706.7505999701,False,,,
Benchmark_B,Ablation_A_RandomOnly,1000,20260723,18,262144,968,0.003692626953125,968,0,0.3146730000153184,0.039381799986585975,3076.2092710619513,0.0002914792411107591,False,-1,-1.0,0.0,0.01,0.003,0.0119,0.30431230204579934,0.5287540803037661,0.9997085207588982,0.5724713242961418,0.25790991890092885,0.12667292869227206,0.9160355728613306,0.07893546919601119,33209.91218143627,False,,,
Benchmark_B,Ablation_A_RandomOnly,1000,20260724,18,262144,968,0.003692626953125,968,0,0.3227965999976732,0.041218699945602566,2998.7924284424857,1.703954250926646e-06,False,-1,-1.0,0.0,0.0,0.001,0.0107,0.3044289700241592,0.5289085046002943,0.999998296045758,0.7476538060479666,0.44831491413878766,0.2230862637952498,0.9983252944137089,0.00046144770987077965,5680903.694882544,False,,,
Benchmark_B,Ablation_B_RandomWings,1000,20260715,18,262144,1000,0.003814697265625,1000,0,0.26505159999942407,0.020503400242887437,3772.850267654196,0.6220599126164722,True,455,0.10022560000652447,0.1,0.01,0.001,0.0134,0.13163532689430835,0.20407067911968457,0.377940087383537,0.6079249217935349,0.04435574424961345,0.0266519513899227,0.37793980971898644,163.0692737329325,16.075621973353954,False,,,
Benchmark_B,Ablation_B_RandomWings,1000,20260716,18,262144,1000,0.003814697265625,1000,0,0.27462000004015863,0.029280600138008595,3641.395382178161,7.331971085229366e-06,False,-1,-1.0,0.0,0.0,0.001,0.0134,0.30442654692868665,0.5289055314775084,0.9999926680289236,0.42857142857142855,0.3948647147619795,0.180158285363803,0.9858906193485704,0.0019220322281663668,1363889.721298208,False,,,
Benchmark_B,Ablation_B_RandomWings,1000,20260717,18,262144,1000,0.003814697265625,1000,0,0.27632120001362637,0.02869429998099804,3618.976755857627,5.253349952037613e-07,False,-1,-1.0,0.0,0.0,0.001,0.0149,0.30442955689398293,0.5289091469588251,0.9999994746650137,0.7411678451245153,0.41341768915560295,0.21632909838273306,0.9983256084881916,0.0001377134169826948,19035472.776987392,False,,,
Benchmark_B,Ablation_B_RandomWings,1000,20260718,18,262144,1000,0.003814697265625,1000,0,0.27983950002817437,0.030921000114176422,3573.476939100161,7.921183955758515e-06,False,-1,-1.0,0.0,0.0,0.001,0.0144,0.30442627282839263,0.5289052116232208,0.9999920788160531,0.597497393117831,0.39444445667648104,0.1771478360590969,0.9875599022461176,0.00207649084689836,1262437.5416417688,False,,,
Benchmark_B,Ablation_B_RandomWings,1000,20260719,18,262144,1000,0.003814697265625,1000,0,0.28205649997107685,0.033411100157536566,3545.388956122422,4.253255823299942e-07,False,-1,-1.0,0.0,0.0,0.0,0.0146,0.30442960417618514,0.528909200777437,0.9999995746744266,0.5145555166011712,0.3895423803176065,0.23050217374632018,0.9981320732787647,0.000111496549454314,23511400.243593562,False,,,
Benchmark_B,Ablation_B_RandomWings,1000,20260720,18,262144,1000,0.003814697265625,1000,0,0.2628464000299573,0.02549830003408715,3804.5033140496785,6.686646901814708e-05,False,-1,-1.0,0.0,0.0,0.002,0.0136,0.3043999875214825,0.5288730247831438,0.9999331335309908,0.7664233576642335,0.376088835463173,0.16543755049014022,0.9860960386829152,0.017528643654293147,149551.78801629366,False,,,
Benchmark_B,Ablation_B_RandomWings,1000,20260721,18,262144,1000,0.003814697265625,1000,0,0.2687136000022292,0.019971099973190576,3721.4342705084673,3.0250842033300955e-06,False,-1,-1.0,0.0,0.0,0.002,0.0138,0.304428281407276,0.5289077835640636,0.9999969749158055,0.6496350364963503,0.382273931084005,0.21517575771832398,0.9981548591714575,0.0007930076733977646,3305693.1073163934,False,,,
Benchmark_B,Ablation_B_RandomWings,1000,20260722,18,262144,1000,0.003814697265625,1000,0,0.2667395999887958,0.02039249980589375,3748.974655589212,8.732709530696505e-07,False,-1,-1.0,0.0,0.0,0.001,0.0144,0.304429388198243,0.5289089624748513,0.9999991267290558,0.6060320528858238,0.35810653258156344,0.22493529526035264,0.9981374752857345,0.00022892274072149047,11451199.613188574,False,,,
Benchmark_B,Ablation_B_RandomWings,1000,20260723,18,262144,1000,0.003814697265625,1000,0,0.2658559999545105,0.018569599837064743,3761.434762319097,2.258814852207585e-06,False,-1,-1.0,0.0,0.0,0.001,0.0138,0.3044286775985727,0.5289081992367944,0.9999977411851567,0.5537017726798747,0.3735259728713685,0.20894709016972207,0.9981352146749246,0.0005921347606171051,4427100.339909134,False,,,
Benchmark_B,Ablation_B_RandomWings,1000,20260724,18,262144,1000,0.003814697265625,1000,0,0.2642998999799602,0.01897980022476986,3783.58069782025,1.908071752306891e-06,False,-1,-1.0,0.0,0.0,0.001,0.0124,0.3044288705383249,0.5289083935484915,0.9999980919282566,0.7685088633993743,0.4447734147756763,0.22049654055802578,0.9983262785357317,0.0005001895614367377,5240893.05756444,False,,,
Benchmark_B,Ablation_C_RandomWingsGenealogy,1000,20260715,18,262144,1000,0.003814697265625,1190,190,0.2753427000134252,0.01710400020238012,3631.837706070442,0.9858964132878607,True,376,0.08373320003738627,1.0,0.75,0.134,0.0336,0.005980492317489826,0.00785064262448751,0.014103586712148397,1.0,0.0021843915261396405,0.0017110734153411443,0.013080654225804799,258.44682936493297,10.14305343362702,True,414.0,0.00157928466796875,0.09065710002323613
Benchmark_B,Ablation_C_RandomWingsGenealogy,1000,20260716,18,262144,1000,0.003814697265625,1190,190,0.2823713999823667,0.01840630010701716,3541.435145565192,0.9859800590491451,True,376,0.08102009998401627,1.0,0.75,0.137,0.0342,0.005943146573821403,0.007803389404723354,0.014019940950863785,0.9979144942648592,0.0021710599854102143,0.0016988778355643865,0.013001972088796858,258.4687565993791,10.142192946218156,True,414.0,0.00157928466796875,0.09006529999896884
Benchmark_B,Ablation_C_RandomWingsGenealogy,1000,20260717,18,262144,1000,0.003814697265625,1190,190,0.2888782999943942,0.030645600229036063,3461.6653449546243,0.9859053630232346,True,376,0.07768909999867901,1.0,0.75,0.135,0.033,0.0059765196761651885,0.007845687896459104,0.014094636976774488,1.0,0.002182978910590315,0.001709791967218536,0.013072234938963064,258.4491754843628,10.142961358213377,True,414.0,0.00157928466796875,0.08438389998627827
Benchmark_B,Ablation_C_RandomWingsGenealogy,1000,20260718,18,262144,1000,0.003814697265625,1190,190,0.2852085000486113,0.0281935001257807,3506.20686210109,0.9859118429973828,True,376,0.08039250003639609,1.0,0.75,0.135,0.0328,0.005972782177360322,0.00784173851260299,0.014088157002625779,1.0,0.0021818762670695207,0.00170799070994091,0.013066139126642187,258.4508741707059,10.142894692894512,True,414.0,0.00157928466796875,0.08726200001547113
Benchmark_B,Ablation_C_RandomWingsGenealogy,1000,20260719,18,262144,1000,0.003814697265625,1190,190,0.29311169998254627,0.029708700021728873,3411.6686575784806,0.9859037012801244,True,376,0.07907589996466413,1.0,0.75,0.135,0.0343,0.005977249136688026,0.007846480842557974,0.014096298719884381,1.0,0.0021827604141613356,0.0017100216196336364,0.013073798179430022,258.44873986837695,10.14297845419966,True,414.0,0.00157928466796875,0.08630969998193905
Benchmark_B,Ablation_C_RandomWingsGenealogy,1000,20260720,18,262144,1000,0.003814697265625,1190,190,0.2921830000123009,0.0300302003743127,3422.512603258574,0.9859907560584862,True,376,0.08156770002096891,1.0,0.75,0.136,0.0334,0.005938563126060349,0.007796434367490552,0.014009243941522587,1.0,0.002164889302066684,0.0016975135908327773,0.012991910813617889,258.4715607561958,10.142082913611848,True,414.0,0.00157928466796875,0.08869010000489652
Benchmark_B,Ablation_C_RandomWingsGenealogy,1000,20260721,18,262144,1000,0.003814697265625,1190,190,0.281468799978029,0.02757290005683899,3552.7916418375976,0.9858964169858871,True,376,0.08169730001827702,1.0,0.75,0.134,0.0334,0.005980490635975482,0.007850640286026823,0.014103583014121512,1.0,0.002184390008171516,0.001711072846952271,0.013080650746904197,258.4468303343484,10.143053395581157,True,414.0,0.00157928466796875,0.08860449999338016
Benchmark_B,Ablation_C_RandomWingsGenealogy,1000,20260722,18,262144,1000,0.003814697265625,1190,190,0.28008160000899807,0.02100790000986308,3570.38805822258,0.9859547925716305,True,376,0.08104400004958734,1.0,0.75,0.136,0.0338,0.00595454871246508,0.007817214955181805,0.014045207428378559,1.0,0.0021726106674122164,0.0017026844920789634,0.013025737820633028,258.4621331438975,10.142452854169266,True,414.0,0.00157928466796875,0.08806239999830723
Benchmark_B,Ablation_C_RandomWingsGenealogy,1000,20260723,18,262144,1000,0.003814697265625,1190,190,0.2832680999999866,0.019710099732037634,3530.2245469929276,0.985896488269953,True,376,0.086228400003165,1.0,0.75,0.134,0.0326,0.005980448801333501,0.007850597684865795,0.014103511730055751,1.0,0.002184372443207274,0.0017110523015883541,0.013080583687223557,258.4468490210386,10.14305266219982,True,414.0,0.00157928466796875,0.09378270001616329
Benchmark_B,Ablation_C_RandomWingsGenealogy,1000,20260724,18,262144,1000,0.003814697265625,1190,190,0.2770580999786034,0.018642300041392446,3609.3512518754287,0.9858969216550071,True,376,0.08162299997638911,1.0,0.75,0.135,0.0327,0.005980241860949801,0.007850354287961075,0.014103078345001907,1.0,0.002184289408223921,0.0017109754704909283,0.013080175985353147,258.4469626303302,10.143048203470585,True,414.0,0.00157928466796875,0.08847489999607205
Benchmark_B,BFG,2500,20260715,18,262144,2500,0.0095367431640625,2736,210,0.5972640999825671,0.03666609985521063,4185.753002855805,0.9864379816048199,True,376,0.08024949999526143,1.0,0.76,0.156,0.0456,0.005750866693743512,0.007549020542290258,0.01356201839518889,1.0,0.0020996613852153874,0.0016444874942987465,0.012571460588595165,103.43551929992556,25.343711886811075,True,414.0,0.00157928466796875,0.08732369996141642
Benchmark_B,BFG,2500,20260716,18,262144,2500,0.0095367431640625,2735,218,0.5886215000064112,0.03521499957423657,4247.211493247817,0.9863603020660243,True,376,0.08034430001862347,1.0,0.77,0.144,0.0401,0.005797449388711727,0.007598320597550779,0.01363969793398423,0.9958289885297184,0.002123804594860274,0.001667868979735323,0.012644461780412716,103.42737400991835,25.34570779829151,True,414.0,0.00157928466796875,0.08719370001927018
Benchmark_B,BFG,2500,20260717,18,262144,2500,0.0095367431640625,2723,215,0.6375168000231497,0.073631800012663,3921.4652851645938,0.986392954977895,True,376,0.08179550000932068,1.0,0.76,0.159,0.044,0.005771503069609125,0.007575871533779308,0.013607045022114073,0.9958289885297184,0.002111175170742982,0.0016515869683500271,0.01261377566465084,103.43079791589012,25.3448687704387,True,414.0,0.00157928466796875,0.08913719997508451
Benchmark_B,BFG,2500,20260718,18,262144,2500,0.0095367431640625,2761,216,0.6373121999786235,0.06767669995315373,3922.7242159868492,0.986770544700173,True,376,0.07947350002359599,1.0,0.77,0.161,0.043,0.005622428838610016,0.007367820970005792,0.01322945529983588,1.0,0.002051095405381988,0.001616373011162929,0.012259054103367787,103.47039106795286,25.335170505718903,True,414.0,0.00157928466796875,0.08668140001827851
Benchmark_B,BFG,2500,20260719,18,262144,2500,0.0095367431640625,2719,219,0.591176199959591,0.034807599848136306,4228.857657278631,0.9868461243926945,True,376,0.0773112999740988,1.0,0.77,0.164,0.0488,0.005585360765060093,0.007326457440600209,0.013153875607314292,1.0,0.002046753788027871,0.00160200227409278,0.012188085863753402,103.4783161731194,25.333230158232634,True,414.0,0.00157928466796875,0.0842055999673903
Benchmark_B,BFG,2500,20260720,18,262144,2500,0.0095367431640625,2808,231,0.5949434000067413,0.04007770033786073,4202.080399533254,0.986833646020738,True,376,0.08006890001706779,1.0,0.78,0.154,0.041,0.005608600797595868,0.007342000141709508,0.01316635397927024,0.9979144942648592,0.0020680635895786344,0.0016217234042303743,0.012199800466028969,103.47700772098413,25.333550493346916,True,414.0,0.00157928466796875,0.08662479999475181
Benchmark_B,BFG,2500,20260721,18,262144,2500,0.0095367431640625,2857,207,0.582424100022763,0.0346962001058273,4292.40479558159,0.9861804734134865,True,376,0.07854149997001514,1.0,0.76,0.144,0.0357,0.005865452856874984,0.007695009860639602,0.013819526586522413,0.9979144942648592,0.0021452206558675354,0.0016816172183772144,0.012813504817970474,103.408517609002,25.350329553237852,True,414.0,0.00157928466796875,0.08540759998140857
Benchmark_B,BFG,2500,20260722,18,262144,2500,0.0095367431640625,2820,216,0.6846397999906912,0.0520638000452891,3651.5551681833153,0.9860536369134152,True,376,0.08206290000816807,1.0,0.75,0.145,0.0453,0.005910201160696311,0.007762599625411763,0.013946363086594027,0.9979144942648592,0.002158709765316826,0.0016880556044730436,0.01293277290666871,103.39521783801213,25.353590376945423,True,414.0,0.00157928466796875,0.08887929999036714
Benchmark_B,BFG,2500,20260723,18,262144,2500,0.0095367431640625,2796,221,0.6015334000112489,0.047480700130108744,4156.045200404914,0.9859549769510216,True,376,0.08179379999637604,1.0,0.75,0.146,0.0404,0.00595110930397118,0.007816483020619637,0.014045023048987249,1.0,0.0021726186470345946,0.0016992524875922453,0.013025566142265478,103.38487259113944,25.356127393677024,True,414.0,0.00157928466796875,0.08867389999795705
Benchmark_B,BFG,2500,20260724,18,262144,2500,0.0095367431640625,2808,230,0.6155601000064053,0.055030199931934476,4061.341857560271,0.9861685308772311,True,376,0.08052999997744337,1.0,0.75,0.154,0.0437,0.005867635238676767,0.0077006816275214905,0.013831469122778106,1.0,0.0021452191773731525,0.0016801636696912774,0.01282473504024649,103.40726534331235,25.35063654663735,True,414.0,0.00157928466796875,0.0878171999938786
Benchmark_B,Baseline_Random,2500,20260715,18,262144,2500,0.0095367431640625,2500,0,0.5037980999913998,0.00989129999652505,4962.305336289829,2.2434345964900722e-05,False,-1,-1.0,0.0,0.0,0.01,0.0105,0.3044188430068372,0.5288972966849171,0.9999775656540439,0.5349322210636079,0.2639235029730591,0.18529491969940673,0.9859057336935044,0.002352411675449174,1114362.773896477,False,,,
Benchmark_B,Baseline_Random,2500,20260716,18,262144,2500,0.0095367431640625,2500,0,0.5138275999925099,0.016651300014927983,4865.4451415931,0.003013462935986183,False,-1,-1.0,0.0,0.01,0.01,0.01,0.30325041914279416,0.5272734573927693,0.9969865370640227,0.8310740354535974,0.30223769744592155,0.11422750159922652,0.9143903171600731,0.31598449115646476,8296.103363826018,False,,,
Benchmark_B,Baseline_Random,2500,20260717,18,262144,2500,0.0095367431640625,2500,0,0.5183288999833167,0.01668299996526912,4823.192378585232,0.0003765838341844873,False,-1,-1.0,0.0,0.01,0.01,0.0109,0.30427507822980476,0.5287080224325056,0.9996234161658244,0.7372262773722627,0.24289378333427908,0.1184757937084674,0.9143903482144489,0.0394876770513833,66386.280372706,False,,,
Benchmark_B,Baseline_Random,2500,20260718,18,262144,2500,0.0095367431640625,2500,0,0.5271580999833532,0.029269899998325855,4742.41029413936,0.0005004513646440453,False,-1,-1.0,0.0,0.01,0.009,0.011,0.3042242117714489,0.5286417054418371,0.9994995486353648,0.7956204379562044,0.25219179226989913,0.10990406489983132,0.9143903482144594,0.05247612901329944,49954.90424485441,False,,,
Benchmark_B,Baseline_Random,2500,20260719,18,262144,2500,0.0095367431640625,2500,0,0.5816604999708943,0.02017670002533123,4298.039836167485,0.0019052773370138527,False,-1,-1.0,0.0,0.01,0.008,0.009,0.3036861682328308,0.527877250434784,0.998094722662995,0.6329509906152241,0.3066341081819238,0.11732536920280429,0.9228348421939767,0.19978280889366376,13121.449310462373,False,,,
Benchmark_B,Baseline_Random,2500,20260720,18,262144,2500,0.0095367431640625,2500,0,0.5183252000133507,0.014623700000811368,4823.226808064911,0.0020321731853609145,False,-1,-1.0,0.0,0.02,0.01,0.0089,0.30361153465053803,0.5278108548530891,0.997967826814648,0.8415015641293012,0.2927500733831232,0.10959946368093242,0.9143903482722663,0.21308880300130062,12302.10111032441,False,,,
Benchmark_B,Baseline_Random,2500,20260721,18,262144,2500,0.0095367431640625,2500,0,0.5023519999813288,0.011455300031229854,4976.5901202601335,8.734446318308456e-05,False,-1,-1.0,0.0,0.0,0.01,0.0095,0.30438967799137695,0.5288619526442973,0.9999126555368258,0.6454640250260688,0.2762770822996729,0.1579174109783734,0.9859073672088186,0.009158730782666607,286223.0654231279,False,,,
Benchmark_B,Baseline_Random,2500,20260722,18,262144,2500,0.0095367431640625,2500,0,0.5335798000451177,0.033698500017635524,4685.334789264152,0.00035308268228906867,False,-1,-1.0,0.0,0.01,0.007,0.0101,0.3042840483412181,0.5287204850993427,0.9996469173177198,0.6037539103232533,0.25284001687871827,0.13007144368360518,0.9143903482141899,0.03702340266639425,70804.94528341808,False,,,
Benchmark_B,Baseline_Random,2500,20260723,18,262144,2500,0.0095367431640625,2500,0,0.5231860999483615,0.010239999974146485,4778.414411710766,0.0004326577429237529,False,-1,-1.0,0.0,0.01,0.01,0.0097,0.3042540365730989,0.5286785345388452,0.9995673422570851,0.7184567257559957,0.2581695612827536,0.11285586454595307,0.9143903482144815,0.04536745254440171,57782.3936099203,False,,,
Benchmark_B,Baseline_Random,2500,20260724,18,262144,2500,0.0095367431640625,2500,0,0.5279069000389427,0.01744299998972565,4735.6835074813,0.0008190283721932562,False,-1,-1.0,0.0,0.02,0.015,0.011,0.30407977214976006,0.5284640040849623,0.9991809716278156,0.8456725755995828,0.23444728580866978,0.13098316987239944,0.9143870594094261,0.08588134944009158,30523.973098823313,False,,,
Benchmark_B,Baseline_Greedy,2500,20260715,18,262144,2500,0.0095367431640625,4257,1757,1.174910000001546,0.63231740007177,2127.8225566185583,0.9532034075463738,True,551,0.12166780000552535,1.0,0.28,0.056,0.0162,0.01902088622300661,0.026021244274598187,0.04679659245363499,0.9979144942648592,0.007053833893881305,0.00500901888809896,0.04489103195789608,99.95062162713464,26.227350638991222,True,562.0,0.00214385986328125,0.12551230000099167
Benchmark_B,Baseline_Greedy,2500,20260716,18,262144,2500,0.0095367431640625,4263,1763,1.022512600000482,0.49425049987621605,2444.9576464865286,0.9220888562397194,True,551,0.11434079997707158,0.9,0.26,0.05,0.0134,0.03118373223632996,0.043712773033813414,0.07791114376028951,0.9791449426485922,0.012552197454431759,0.00809603496594551,0.07726056869334166,96.688024452042,27.112354553280323,False,,,
Benchmark_B,Baseline_Greedy,2500,20260717,18,262144,2500,0.0095367431640625,4263,1763,1.161101800040342,0.6306543999817222,2153.1273139987716,0.953098111815557,True,551,0.1140595999895595,1.0,0.29,0.056,0.0141,0.01906186768455544,0.026075425368029405,0.04690188818445207,0.9937434827945776,0.0070582933302549555,0.005018937844587153,0.04499701070709205,99.93958056951095,26.2302481665581,True,562.0,0.00214385986328125,0.11770010000327602
Benchmark_B,Baseline_Greedy,2500,20260718,18,262144,2500,0.0095367431640625,4264,1764,1.2441385999554768,0.7043601002078503,2009.4224229434453,0.9230776077711574,True,551,0.11858509999001399,0.9,0.26,0.047,0.0147,0.03079708405144943,0.043175063167643135,0.07692239222885133,0.9979144942648592,0.012439297702152517,0.007994583359895426,0.07619836552641664,96.79170256462491,27.083313244229206,False,,,
Benchmark_B,Baseline_Greedy,2500,20260719,18,262144,2500,0.0095367431640625,4242,1742,1.2047328999615274,0.665132500231266,2075.1487737072976,0.9234644236045568,True,567,0.13189459999557585,0.9,0.28,0.051,0.0153,0.03064436474829356,0.0429754419159589,0.07653557639545283,0.9916579770594368,0.012425342536476274,0.007953376099307019,0.07578343296372224,96.83226314455717,27.07196873098538,False,,,
Benchmark_B,Baseline_Greedy,2500,20260720,18,262144,2500,0.0095367431640625,4260,1760,1.0381292999954894,0.5081718998262659,2408.177863789089,0.9214137969805349,True,551,0.1188504999736324,0.9,0.27,0.048,0.0138,0.03143389915314204,0.044061775668233716,0.07858620301947405,0.9395203336809175,0.012572263786303642,0.00815043406733227,0.07798708550714112,96.61723935826615,27.132217991443998,False,,,
Benchmark_B,Baseline_Greedy,2500,20260721,18,262144,2500,0.0095367431640625,4265,1765,1.1779051999910735,0.6431301999255084,2122.4118885110156,0.9252516137773642,True,551,0.1178939999663271,0.9,0.29,0.05,0.0149,0.029950939565125876,0.04197343007673418,0.07474838622264468,0.981230448383733,0.012125597197267217,0.007776596810134265,0.07387084100665688,97.01966361682135,27.01967727236577,False,,,
Benchmark_B,Baseline_Greedy,2500,20260722,18,262144,2500,0.0095367431640625,4228,1728,1.1965988000156358,0.6593716001370922,2089.254978333033,0.9575704989883647,True,583,0.12385800003539771,1.0,0.38,0.067,0.0182,0.01714381330978199,0.02346006119586845,0.042429501011644,0.9958289885297184,0.006047177552296155,0.004534296778977768,0.04051613986150851,100.40854435472235,26.107738308992925,True,594.0,0.00226593017578125,0.1277504000463523
Benchmark_B,Baseline_Greedy,2500,20260723,18,262144,2500,0.0095367431640625,4249,1749,1.2813429000088945,0.7375443002674729,1951.0780447471525,0.9456560074480623,True,567,0.12975570000708103,1.0,0.29,0.057,0.0148,0.02197012963134605,0.03039539489636926,0.05434399255194633,0.9958289885297184,0.008507701469356647,0.005738031671844072,0.05254717019865837,99.15921936658594,26.436674438800157,False,,,
Benchmark_B,Baseline_Greedy,2500,20260724,18,262144,2500,0.0095367431640625,4242,1742,1.0538263999624178,0.5104347999440506,2372.307241580925,0.9533952060895061,True,567,0.13389379996806383,1.0,0.28,0.061,0.0143,0.018935938894743057,0.025911148960765705,0.04660479391050276,0.9979144942648592,0.007018655256623352,0.004980154836444667,0.044698049302950627,99.97073316205099,26.222074372013324,True,578.0,0.00220489501953125,0.14009010000154376
Benchmark_B,Ablation_A_RandomOnly,2500,20260715,18,262144,2385,0.009098052978515625,2385,0,0.5934735999908298,0.029524599900469184,4018.7128796240513,0.0002721131703719864,False,-1,-1.0,0.0,0.01,0.006,0.0242,0.30432285071243054,0.5287652423943305,0.9997278868296369,0.524504692387904,0.3190591806622128,0.12369484117064837,0.9143778417344729,0.029908945464987007,87647.3563091282,False,,,
Benchmark_B,Ablation_A_RandomOnly,2500,20260716,18,262144,2385,0.009098052978515625,2385,0,0.6073969999561086,0.038870900054462254,3926.591669323924,0.0021975517465746696,False,-1,-1.0,0.0,0.01,0.004,0.0245,0.3035721131693221,0.5277183914705048,0.9978024482534342,0.8394160583941604,0.30028316023414414,0.11375867653363031,0.9146607434572059,0.24154088262225165,10852.986755454138,False,,,
Benchmark_B,Ablation_A_RandomOnly,2500,20260717,18,262144,2385,0.009098052978515625,2385,0,0.5997219000128098,0.03989379986887798,3976.843266769243,1.9008659535449295e-06,False,-1,-1.0,0.0,0.0,0.002,0.0229,0.30442882540802296,0.5289083959916431,0.9999980991340554,0.8243283326560177,0.33026336890772545,0.22543807827309634,0.9960871493133379,0.00020893107108011823,12546913.134785794,False,,,
Benchmark_B,Ablation_A_RandomOnly,2500,20260718,18,262144,2385,0.009098052978515625,2385,0,0.6012993999756873,0.03524839965393767,3966.4100780683207,0.0003629530003909056,False,-1,-1.0,0.0,0.01,0.002,0.0245,0.3042858564804709,0.5287165683835299,0.999637046999618,0.5328467153284672,0.28577874069596404,0.12361212832968686,0.9143440494166564,0.03989348064338514,65710.98730224906,False,,,
Benchmark_B,Ablation_A_RandomOnly,2500,20260719,18,262144,2385,0.009098052978515625,2385,0,0.6307223999756388,0.049872700299602,3781.378305403643,1.0703990028143378e-05,False,-1,-1.0,0.0,0.0,0.002,0.024,0.30442486312781797,0.52890369975807,0.9999892960099808,0.551616266944734,0.3353640690580826,0.17439304491949675,0.9859073867328195,0.0011765143655922926,2228141.0891912812,False,,,
Benchmark_B,Ablation_A_RandomOnly,2500,20260720,18,262144,2385,0.009098052978515625,2385,0,0.6393892000196502,0.05985710024833679,3730.1224354848387,0.00013570337897772825,False,-1,-1.0,0.0,0.0,0.005,0.0236,0.30436937137657455,0.5288359020967419,0.9998642966210312,0.697601668404588,0.25581675523889347,0.15101615628842405,0.9859061124810402,0.014915650557122682,175750.96640677078,False,,,
Benchmark_B,Ablation_A_RandomOnly,2500,20260721,18,262144,2385,0.009098052978515625,2385,0,0.6198444000328891,0.04611779988044873,3847.7398519264693,2.4307933897574158e-05,False,-1,-1.0,0.0,0.0,0.006,0.026,0.3044185840820795,0.5288964046506137,0.9999756920661113,0.5828988529718456,0.28907408392083406,0.16582932665951636,0.985815329563838,0.00267177317553278,981161.1344878696,False,,,
Benchmark_B,Ablation_A_RandomOnly,2500,20260722,18,262144,2385,0.009098052978515625,2385,0,0.6026996999862604,0.03183680004440248,3957.194602974533,9.1880350373648e-05,False,-1,-1.0,0.0,0.0,0.005,0.0252,0.3043887464253664,0.5288597613519842,0.9999081196496352,0.6809176225234619,0.35147516392892864,0.16443362331070827,0.9859060053581088,0.010098902544381377,259576.7201910928,False,,,
Benchmark_B,Ablation_A_RandomOnly,2500,20260723,18,262144,2385,0.009098052978515625,2385,0,0.6140867000212893,0.03179789986461401,3883.816405594383,8.732961433794381e-05,False,-1,-1.0,0.0,0.0,0.004,0.0272,0.3043909029688467,0.5288621057566515,0.9999126703856709,0.695429576982189,0.300060307806171,0.15795329610582567,0.9859073655297085,0.009598714641931213,273103.23285874655,False,,,
Benchmark_B,Ablation_A_RandomOnly,2500,20260724,18,262144,2385,0.009098052978515625,2385,0,0.6068139999988489,0.03176550002535805,3930.3641643148053,5.4826429218695166e-05,False,-1,-1.0,0.0,0.0,0.005,0.0251,0.3044048310233271,0.5288797540858583,0.9999451735707902,0.7372262773722627,0.3362281526486142,0.15891332601814567,0.9859048826017527,0.006026171681805294,435009.17969444254,False,,,
Benchmark_B,Ablation_B_RandomWings,2500,20260715,18,262144,2500,0.0095367431640625,2509,0,0.6438128000008874,0.025294899998698384,3883.116334432236,0.6220782514024392,True,736,0.1462980000069365,0.1,0.01,0.004,0.0259,0.1316260290369774,0.20405980867965529,0.3779217485975699,0.8602711157455682,0.04434512254031092,0.02664519372444089,0.37791032986469664,65.2296324542564,40.18787016527094,False,,,
Benchmark_B,Ablation_B_RandomWings,2500,20260716,18,262144,2500,0.0095367431640625,2509,0,0.5880498000187799,0.027914200094528496,4251.340617614631,1.7540937507943122e-05,False,-1,-1.0,0.0,0.0,0.002,0.0247,0.30442191132751684,0.5289000457063898,0.9999824590625009,0.8873826903023982,0.3823546435244995,0.17237076187985834,0.9875597172000372,0.0018393006088328967,1425237.3904575605,False,,,
Benchmark_B,Ablation_B_RandomWings,2500,20260717,18,262144,2500,0.0095367431640625,2509,0,0.5960274999961257,0.033855199988465756,4194.437337230665,0.0017668858811506515,False,-1,-1.0,0.0,0.01,0.003,0.0255,0.30374198804550934,0.5279587709131716,0.9982331141188582,0.8060479666319083,0.3146013764917648,0.12327909108372448,0.9266205811813982,0.18527141297134256,14149.187713084908,False,,,
Benchmark_B,Ablation_B_RandomWings,2500,20260718,18,262144,2500,0.0095367431640625,2509,0,0.5824880999862216,0.03332700009923428,4291.9331743586445,0.0002722956770857153,False,-1,-1.0,0.0,0.01,0.004,0.024,0.30432237121921163,0.528764914452564,0.9997277043229231,0.6455332844632876,0.31201312350905863,0.12204436623832365,0.9266205742934032,0.028552271189583096,91811.9606876106,False,,,
Benchmark_B,Ablation_B_RandomWings,2500,20260719,18,262144,2500,0.0095367431640625,2509,0,0.5859575000358745,0.030878500023391098,4266.521035820756,3.873403777465862e-06,False,-1,-1.0,0.0,0.0,0.002,0.0239,0.3044279331323611,0.528907351704617,0.9999961265962314,0.714140686676777,0.3625068861064349,0.21044909569355044,0.9981369534604592,0.00040615582393600433,6454271.60097314,False,,,
Benchmark_B,Ablation_B_RandomWings,2500,20260720,18,262144,2500,0.0095367431640625,2509,0,0.5759235000004992,0.025828000158071518,4340.854297485401,0.0033318620065594384,False,-1,-1.0,0.0,0.02,0.005,0.0258,0.30313069241612095,0.5271054796573597,0.9966681379934494,0.7393117831074034,0.28831292869279085,0.11552251906135619,0.9153891182348706,0.349371053539007,7503.311947128209,False,,,
Benchmark_B,Ablation_B_RandomWings,2500,20260721,18,262144,2500,0.0095367431640625,2509,0,0.5643434000085108,0.016556200047489256,4429.926884875942,0.0005448789511580187,False,-1,-1.0,0.0,0.02,0.007,0.0256,0.3042169766150471,0.5286208557052217,0.9994551210488508,0.5641293013555787,0.22781037918224578,0.12486108647289695,0.9143903482103216,0.057134699108947064,45881.750335314064,False,,,
Benchmark_B,Ablation_B_RandomWings,2500,20260722,18,262144,2500,0.0095367431640625,2509,0,0.5829938999959268,0.02144910005154088,4288.209533611702,0.0004252972541967691,False,-1,-1.0,0.0,0.01,0.002,0.0233,0.3042407655180157,0.5286743104234805,0.9995747027458121,0.8185610010427528,0.3638105022643748,0.15657230943708147,0.9868643412469777,0.04459564936166314,58782.41571819186,False,,,
Benchmark_B,Ablation_B_RandomWings,2500,20260723,18,262144,2500,0.0095367431640625,2509,0,0.5684469999978319,0.02214410004671663,4397.947390010916,0.0023045072678013296,False,-1,-1.0,0.0,0.01,0.004,0.0253,0.30352900488076906,0.5276608188306282,0.9976954927322076,0.7497393117831074,0.2964581035107841,0.1116849645656062,0.9160432505994209,0.2416451012842047,10848.305991176956,False,,,
Benchmark_B,Ablation_B_RandomWings,2500,20260724,18,262144,2500,0.0095367431640625,2509,0,0.5769864000030793,0.02787289983825758,4332.857758842596,0.010799339734456409,False,-1,-1.0,0.0,0.01,0.005,0.0258,0.30082942528514034,0.5232217355904866,0.9892006602655524,0.6600625651720542,0.23521622889181587,0.07995966574644277,0.7073878968309265,1.1323928461397363,2314.956341287692,False,,,
Benchmark_B,Ablation_C_RandomWingsGenealogy,2500,20260715,18,262144,2500,0.0095367431640625,2690,190,0.5927384999813512,0.0320270998054184,4217.711520474299,0.9859901301443513,True,376,0.07868789997883141,1.0,0.75,0.14,0.0428,0.0059368783119544705,0.0077975940087037345,0.01400986985565833,1.0,0.0021697211980343583,0.001695612655969342,0.01299249952303035,103.38855867062433,25.355223379710647,True,414.0,0.00157928466796875,0.08564820000901818
Benchmark_B,Ablation_C_RandomWingsGenealogy,2500,20260716,18,262144,2500,0.0095367431640625,2690,190,0.5894652999704704,0.027632699930109084,4241.1317513096,0.9861415919704598,True,376,0.07985219999682158,1.0,0.76,0.135,0.042,0.005885045671216255,0.007717215345401224,0.013858408029549518,0.9979144942648592,0.0021519327509907666,0.0016895486643810414,0.012850062472665595,103.40444059420169,25.351329062235603,True,414.0,0.00157928466796875,0.08677349996287376
Benchmark_B,Ablation_C_RandomWingsGenealogy,2500,20260717,18,262144,2500,0.0095367431640625,2690,190,0.5942012000014074,0.030649600026663393,4207.329099964925,0.9862425381321173,True,376,0.07873289997223765,1.0,0.76,0.142,0.0423,0.005839112229990084,0.007660372278912822,0.013757461867892395,0.9979144942648592,0.0021360124034483967,0.0016739612483184338,0.012755155432251105,103.4150255664423,25.34873424477154,True,414.0,0.00157928466796875,0.08575979998568073
Benchmark_B,Ablation_C_RandomWingsGenealogy,2500,20260718,18,262144,2500,0.0095367431640625,2690,190,0.5911126999999397,0.02728189993649721,4229.311940007811,0.9859173653943303,True,376,0.07965860003605485,1.0,0.75,0.137,0.0423,0.0059709388073613855,0.00783891968326317,0.014082634605678823,1.0,0.002180838517993285,0.001707816632340073,0.013060944185288682,103.38092873357253,25.357094699311773,True,414.0,0.00157928466796875,0.0862808000529185
Benchmark_B,Ablation_C_RandomWingsGenealogy,2500,20260719,18,262144,2500,0.0095367431640625,2690,190,0.6008979000034742,0.026451599958818406,4160.440567333561,0.9859261308819958,True,376,0.08251839998411015,1.0,0.75,0.138,0.0431,0.005966167233202848,0.00783350557714924,0.014073869118013782,1.0,0.002178636574834452,0.0017056683319545385,0.013052698574806215,103.38184786157196,25.356869259196277,True,414.0,0.00157928466796875,0.08960349997505546
Benchmark_B,Ablation_C_RandomWingsGenealogy,2500,20260720,18,262144,2500,0.0095367431640625,2690,190,0.5963549999869429,0.0197821999900043,4192.133880079377,0.9859905357407472,True,376,0.08123499999055639,1.0,0.75,0.144,0.0434,0.005937193008302213,0.007797802273877027,0.014009464259261528,1.0,0.0021700642779558616,0.001696056352124841,0.01299211803548155,103.38860120048898,25.355212949603207,True,414.0,0.00157928466796875,0.0881412000162527
Benchmark_B,Ablation_C_RandomWingsGenealogy,2500,20260721,18,262144,2500,0.0095367431640625,2690,190,0.5856989999883808,0.020030700194183737,4268.404077947197,0.9858971925880613,True,376,0.08535860001575202,1.0,0.75,0.135,0.0428,0.005980077452009105,0.007850178711076473,0.014102807411947915,1.0,0.0021841709018294527,0.0017108919001163985,0.01307992110843119,103.3788134615219,25.35761354018358,True,414.0,0.00157928466796875,0.09263480000663549
Benchmark_B,Ablation_C_RandomWingsGenealogy,2500,20260722,18,262144,2500,0.0095367431640625,2690,190,0.5941618999931961,0.020372700062580407,4207.607387866216,0.9862001443597358,True,376,0.07943680003518239,1.0,0.76,0.142,0.0427,0.00585934806399563,0.007684452044431103,0.013799855640273417,0.9979144942648592,0.0021417248449719516,0.0016814656697269415,0.012795010731940995,103.41058025721543,25.349823910470615,True,414.0,0.00157928466796875,0.0863340999931097
Benchmark_B,Ablation_C_RandomWingsGenealogy,2500,20260723,18,262144,2500,0.0095367431640625,2690,190,0.6042974999872968,0.03554360015550628,4137.035152474657,0.985900204008506,True,376,0.07899949996499345,1.0,0.75,0.137,0.0422,0.0059785075133958025,0.007848391503747162,0.014099795991503017,1.0,0.002183405760447646,0.0017102241606885154,0.01307708816155245,103.37912923184231,25.35753608565468,True,414.0,0.00157928466796875,0.0858388000051491
Benchmark_B,Ablation_C_RandomWingsGenealogy,2500,20260724,18,262144,2500,0.0095367431640625,2690,190,0.589331499999389,0.02610159997129813,4242.094644529593,0.9859276463417701,True,376,0.07771729998057708,1.0,0.75,0.135,0.0422,0.005966565829825412,0.007832900625741535,0.014072353658239,1.0,0.0021786301558926005,0.0017065378841602014,0.013051273463398677,103.3820067690468,25.356830283399713,True,414.0,0.00157928466796875,0.08457060001092032
Benchmark_B,BFG,5000,20260715,18,262144,5000,0.019073486328125,5349,279,1.1262477000127546,0.057802500028628856,4439.520719947642,0.9865401197218917,True,376,0.07862849999219179,1.0,0.77,0.153,0.0549,0.00571989766711608,0.007496283572837294,0.013459880278116954,0.9958289885297184,0.002090130039439143,0.0016444436640151501,0.012475492179826976,51.723114628875116,50.68217602148318,True,414.0,0.00157928466796875,0.08558190002804622
Benchmark_B,BFG,5000,20260716,18,262144,5000,0.019073486328125,5448,253,1.12426479998976,0.05494250013725832,4447.350837672354,0.9862126083123169,True,376,0.07984810002380982,1.0,0.75,0.173,0.0643,0.0058349520068614645,0.007671914145372432,0.013787391687692163,1.0,0.0021323837944518726,0.0016605543697748278,0.01278329555568173,51.705943598684804,50.699007068631836,True,414.0,0.00157928466796875,0.08646160003263503
Benchmark_B,BFG,5000,20260717,18,262144,5000,0.019073486328125,5288,273,1.165720799996052,0.0399804002372548,4289.191717276499,0.9866011135156503,True,376,0.14509390003513545,1.0,0.77,0.175,0.0528,0.0056918961889507545,0.00746376442049841,0.01339888648435883,0.9979144942648592,0.0020827038957686966,0.0016347807808457376,0.012418191156538423,51.72631246028933,50.67904274081975,True,414.0,0.00157928466796875,0.1519004000001587
Benchmark_B,BFG,5000,20260718,18,262144,5000,0.019073486328125,5433,266,1.0980974999838509,0.037853899761103094,4553.329736269805,0.9875813782789987,True,376,0.07894769997801632,1.0,0.79,0.197,0.0578,0.005286456113568986,0.006917992324296459,0.012418621721010603,0.9979144942648592,0.001927294508434872,0.0015247941753407843,0.011498249059382543,51.77770656551397,50.62873915983726,True,414.0,0.00157928466796875,0.0858264000271447
Benchmark_B,BFG,5000,20260719,18,262144,5000,0.019073486328125,5480,266,1.1188862000126392,0.047405699733644724,4468.7297063307415,0.9866476299857456,True,376,0.07695780001813546,1.0,0.77,0.179,0.0571,0.005674361046644863,0.007438680942756267,0.013352370014262926,1.0,0.0020789261582876695,0.0016312838654162752,0.012374496062219085,51.72875126299666,50.676653427650116,True,414.0,0.00157928466796875,0.08396570000331849
Benchmark_B,BFG,5000,20260720,18,262144,5000,0.019073486328125,5347,271,1.1449814999941736,0.06972730020061135,4366.882783717853,0.9870165037404257,True,376,0.08014320000074804,1.0,0.78,0.193,0.0643,0.005518922133440723,0.007234523475170154,0.012983496259583838,0.9979144942648592,0.0020269453600457693,0.0015869640434914374,0.012028139098854156,51.74809087130603,50.657714243397734,True,414.0,0.00157928466796875,0.08686720003606752
Benchmark_B,BFG,5000,20260721,18,262144,5000,0.019073486328125,5526,275,1.116526200028602,0.05071060033515096,4478.175254527762,0.9864749681687001,True,376,0.07938770001055673,1.0,0.76,0.176,0.0573,0.005735371240529728,0.007528813082704211,0.013525031831308154,0.9979144942648592,0.002092595831144565,0.0016401321967902999,0.012536705118721219,51.719698811123145,50.68552331623822,True,414.0,0.00157928466796875,0.08606320002581924
Benchmark_B,BFG,5000,20260722,18,262144,5000,0.019073486328125,5270,269,1.1362167000188492,0.04645360016729683,4400.569011102418,0.9880851633880954,True,376,0.07955520000541583,1.0,0.81,0.203,0.0662,0.005100610860772297,0.006649278334390275,0.011914836611913504,0.9979144942648592,0.0018746725438063044,0.0014911472535602478,0.011026173761706067,51.804119414241775,50.60292559049512,True,414.0,0.00157928466796875,0.08649800001876429
Benchmark_B,BFG,5000,20260723,18,262144,5000,0.019073486328125,5450,267,1.1114965000306256,0.038440100266598165,4498.439716060494,0.9870733419351589,True,376,0.08108060003723949,1.0,0.78,0.162,0.0557,0.005504223648297037,0.007202810550398801,0.01292665806485005,0.9979144942648592,0.0020156557745428945,0.0015895115519379058,0.01197479343552097,51.75107082965006,50.654797243308096,True,414.0,0.00157928466796875,0.08847170002991334
Benchmark_B,BFG,5000,20260724,18,262144,5000,0.019073486328125,5389,264,1.109129499993287,0.04408650012919679,4508.0398637221915,0.9869020120529804,True,376,0.07967230002395809,1.0,0.78,0.173,0.058,0.005565880252164369,0.007296986041174576,0.0130979879470291,0.9979144942648592,0.0020423015489046794,0.0015994123619664504,0.012135613139448798,51.7420882095233,50.663591105654596,True,414.0,0.00157928466796875,0.0885559999733232
Benchmark_B,Baseline_Random,5000,20260715,18,262144,5000,0.019073486328125,5000,0,1.0003139000036754,0.011996000015642494,4998.430992493085,0.00017490447493801587,False,-1,-1.0,0.0,0.0,0.019,0.0202,0.30435040741982416,0.5288146680448733,0.9998250955250708,0.6830031282586027,0.26351483937683917,0.1496594844357658,0.9859063459128724,0.009170031735630246,285870.33017719776,False,,,
Benchmark_B,Baseline_Random,5000,20260716,18,262144,5000,0.019073486328125,5000,0,1.0174633000278845,0.03569799999240786,4914.182162504505,0.0030747228418511554,False,-1,-1.0,0.0,0.01,0.016,0.0176,0.3032225754329664,0.5272401334312286,0.9969252771581577,0.6996871741397288,0.29870960656108936,0.1110603586193327,0.9143903177787812,0.16120402893084584,16261.628306601191,False,,,
Benchmark_B,Baseline_Random,5000,20260717,18,262144,5000,0.019073486328125,5000,0,0.9962299999897368,0.013085199985653162,5018.921333478725,0.012231236913164887,False,-1,-1.0,0.0,0.03,0.02,0.0208,0.30020890039028175,0.5224434217816387,0.987768763086844,0.7601668404588112,0.19769272079242906,0.07097220874582305,0.6220598532343413,0.6412690738729392,4087.8940008253244,False,,,
Benchmark_B,Baseline_Random,5000,20260718,18,262144,5000,0.019073486328125,5000,0,1.069603499956429,0.011332999973092228,4674.6294306289,0.0029895278435172665,False,-1,-1.0,0.0,0.02,0.018,0.0198,0.3032497082003415,0.5272919355560767,0.9970104721564916,0.8289885297184566,0.2601112842625336,0.10769748886954146,0.9143903482144822,0.15673735740219807,16725.049110488813,False,,,
Benchmark_B,Baseline_Random,5000,20260719,18,262144,5000,0.019073486328125,5000,0,1.0134526999900118,0.011099600000306964,4933.629364300157,0.011443584813001437,False,-1,-1.0,0.0,0.02,0.017,0.0195,0.3004972689384238,0.522854209524568,0.9885564151870074,0.49322210636079244,0.19652734307377098,0.0707417300975495,0.6278366801911553,0.5999734194438897,4369.260228944459,False,,,
Benchmark_B,Baseline_Random,5000,20260720,18,262144,5000,0.019073486328125,5000,0,1.0090093999751844,0.031433099997229874,4955.355222778867,0.012659668588258904,False,-1,-1.0,0.0,0.04,0.019,0.0192,0.30002082532948454,0.5222100939570802,0.9873403314117499,0.7601668404588112,0.18709394739363788,0.06669105065782116,0.6228606968473477,0.6637312324801085,3949.5504681988323,False,,,
Benchmark_B,Baseline_Random,5000,20260721,18,262144,5000,0.019073486328125,5000,0,1.0073450999916531,0.013054000039119273,4963.542285599474,0.0008001609023671822,False,-1,-1.0,0.0,0.02,0.017,0.0194,0.3040840202998334,0.5284743597906285,0.9991998390976417,0.6934306569343065,0.22282307214293023,0.1350583261546482,0.9143900346065309,0.04195147591802852,62487.43203033397,False,,,
Benchmark_B,Baseline_Random,5000,20260722,18,262144,5000,0.019073486328125,5000,0,0.9932605999638326,0.01171789999352768,5033.9256386310535,0.010303973814354403,False,-1,-1.0,0.0,0.02,0.014,0.0185,0.30096187885928605,0.5234805985039153,0.9896960261856544,0.48696558915537014,0.22803168193455037,0.07520381792795966,0.673360528351528,0.5402249823180241,4852.496803742388,False,,,
Benchmark_B,Baseline_Random,5000,20260723,18,262144,5000,0.019073486328125,5000,0,0.9977001000079326,0.013598699995782226,5011.5260086274875,0.015689815322281832,False,-1,-1.0,0.1,0.03,0.019,0.0196,0.29912185103385114,0.5206269958121187,0.984310184677727,0.7393117831074034,0.22086353566623781,0.0701485337546708,0.6741627196584381,0.8225981895688498,3186.7806582141657,False,,,
Benchmark_B,Baseline_Random,5000,20260724,18,262144,5000,0.019073486328125,5000,0,1.0022096000029705,0.01791400002548471,4988.97635782493,0.0024703244099922314,False,-1,-1.0,0.0,0.03,0.023,0.019,0.30342778275148596,0.5275756619996602,0.9975296755900166,0.8915537017726799,0.24670302329036922,0.10576754522302784,0.914389257821371,0.1295161444266007,20240.25662287701,False,,,
Benchmark_B,Baseline_Greedy,5000,20260715,18,262144,5000,0.019073486328125,8613,3613,1.9133968999958597,0.8084827000275254,2613.1536013311297,0.9456980472666254,True,1051,0.21691519999876618,1.0,0.29,0.064,0.0236,0.021949471182638153,0.030370203929819675,0.05430195273338423,0.9979144942648592,0.008495539226305566,0.005729464991042811,0.05250418612113347,49.58181378053245,52.870998459303415,False,,,
Benchmark_B,Baseline_Greedy,5000,20260716,18,262144,5000,0.019073486328125,8629,3629,1.9064139000256546,0.8001760998740792,2622.725316854181,0.923990698788861,True,1035,0.20642930001486093,0.9,0.26,0.054,0.0237,0.030438219778436068,0.04266560419379751,0.07600930121114768,1.0,0.012293540478286591,0.00789913624418856,0.07521946558006447,48.44372354866143,54.11309882830908,False,,,
Benchmark_B,Baseline_Greedy,5000,20260717,18,262144,5000,0.019073486328125,8639,3639,1.8732562000514008,0.7754164995276369,2669.14904638394,0.9575890876328913,True,1051,0.21358190005412325,1.0,0.38,0.065,0.0227,0.017136683879373275,0.02344888122269428,0.04241091236711869,0.9958289885297184,0.006038319457039919,0.0045269653722416,0.040497603406911095,50.205246757687334,52.21446301523476,True,1062.0,0.00405120849609375,0.21740480000153184
Benchmark_B,Baseline_Greedy,5000,20260718,18,262144,5000,0.019073486328125,8623,3623,2.0224697000230663,0.9244812993565574,2472.224923786485,0.9203568368810707,True,1035,0.20977459999267012,0.9,0.24,0.049,0.0222,0.03185694553550454,0.044647002105678416,0.0796431631189376,0.9416058394160582,0.012730104128597297,0.008269833904913839,0.07912675957290433,48.25320452947028,54.32675457645461,False,,,
Benchmark_B,Baseline_Greedy,5000,20260719,18,262144,5000,0.019073486328125,8607,3607,1.8101427999790758,0.7057755997520871,2762.2130143863774,0.9573282638252371,True,1051,0.2141888000187464,1.0,0.39,0.066,0.0262,0.017248352595306257,0.023613184952224604,0.0426717361747726,0.989572471324296,0.006137378844341148,0.004550884208522557,0.040757762132912996,50.191572078440586,52.22868883053017,True,1062.0,0.00405120849609375,0.2180056999786757
Benchmark_B,Baseline_Greedy,5000,20260720,18,262144,5000,0.019073486328125,8559,3559,2.024280999961775,0.8406448004534468,2470.012809533072,0.9588303221593629,True,1082,0.28666349995182827,1.0,0.39,0.079,0.0258,0.016639690933452307,0.022743879012504103,0.04116967784064696,1.0,0.005789913468227478,0.0043850285676430385,0.039261472605492634,50.270323194428805,52.1468698313545,True,1093.0,0.004169464111328125,0.29067889996804297
Benchmark_B,Baseline_Greedy,5000,20260721,18,262144,5000,0.019073486328125,8613,3613,1.9255830000038259,0.8047060999670066,2596.6161936359354,0.9470992230245852,True,1051,0.22250029997667298,1.0,0.29,0.069,0.0266,0.021407978923232786,0.02955518833471076,0.05290077697542428,0.9833159541188737,0.008168732225377175,0.005599636428312824,0.05107372466627866,49.65527574411137,52.79277902934366,False,,,
Benchmark_B,Baseline_Greedy,5000,20260722,18,262144,5000,0.019073486328125,8642,3642,1.9580271000158973,0.8430110999615863,2553.590805744928,0.9269244021003348,True,1051,0.21627600002102554,0.9,0.29,0.055,0.0238,0.029293508857423038,0.04103691714990042,0.07307559789967433,0.989572471324296,0.011837989619397376,0.007602696246373586,0.07208736109058492,48.59753409283803,53.94183159565558,False,,,
Benchmark_B,Baseline_Greedy,5000,20260723,18,262144,5000,0.019073486328125,8657,3657,2.064684099983424,0.9240161996567622,2421.677970029479,0.9233662412650689,True,1035,0.21920570003567263,0.9,0.26,0.051,0.0232,0.030683644848517322,0.042995068509015584,0.07663375873493983,0.908237747653806,0.012315499040668806,0.007964391397508536,0.07588872089931185,48.41098399003805,54.149694634164774,False,,,
Benchmark_B,Baseline_Greedy,5000,20260724,18,262144,5000,0.019073486328125,8606,3606,1.8551256000064313,0.7211875997018069,2695.235298344579,0.9233629954102164,True,1051,0.22062219999497756,0.9,0.27,0.058,0.0237,0.030677669055417675,0.04302219571435889,0.07663700458979228,0.9958289885297184,0.012412191752998639,0.007956877242232825,0.07589220408699317,48.410813813763156,54.14988498405964,False,,,
Benchmark_B,Ablation_A_RandomOnly,5000,20260715,18,262144,4608,0.017578125,4608,0,1.0744198999600485,0.037685900169890374,4288.825998263198,0.01663412036280186,False,-1,-1.0,0.1,0.01,0.011,0.0414,0.29887146407515036,0.5201349849680037,0.983365879637207,0.889468196037539,0.23122651827906782,0.07744321984793619,0.700744667550022,0.9462966250838392,2770.20960501444,False,,,
Benchmark_B,Ablation_A_RandomOnly,5000,20260716,18,262144,4608,0.017578125,4608,0,1.0740330000407994,0.04440389998489991,4290.370966092248,0.013358017755943617,False,-1,-1.0,0.1,0.01,0.007,0.0426,0.2999733285885593,0.5218698545628848,0.9866419822440653,0.7038581856100103,0.23375528957138858,0.0790582624646898,0.7054195826989089,0.7599227878936813,3449.6136209653428,False,,,
Benchmark_B,Ablation_A_RandomOnly,5000,20260717,18,262144,4608,0.017578125,4608,0,1.0720017999992706,0.03741209988947958,4298.500245058483,2.2444935414569226e-05,False,-1,-1.0,0.0,0.0,0.006,0.0437,0.3044192289496938,0.5288973444779788,0.9999775550645943,0.6329509906152241,0.27521680178715063,0.1687657154159685,0.9858986391739349,0.0012768674369177159,2053024.39721386,False,,,
Benchmark_B,Ablation_A_RandomOnly,5000,20260718,18,262144,4608,0.017578125,4608,0,1.0953609999851324,0.051732299849390984,4206.832268140408,0.010079600054004507,False,-1,-1.0,0.0,0.01,0.009,0.0417,0.3010512078125134,0.5236001093839019,0.9899203999460043,0.6371220020855056,0.2317686592285348,0.07672613831990961,0.6949084289430532,0.5734172475167009,4571.609960029412,False,,,
Benchmark_B,Ablation_A_RandomOnly,5000,20260719,18,262144,4608,0.017578125,4608,0,1.0896394000155851,0.045313899929169565,4228.92197174046,8.041660175439977e-05,False,-1,-1.0,0.0,0.0,0.007,0.042,0.3043935472974725,0.528865998638753,0.9999195833982545,0.843587069864442,0.36337339328403606,0.16487033334350526,0.9859046223888174,0.004574811122028076,573016.006579498,False,,,
Benchmark_B,Ablation_A_RandomOnly,5000,20260720,18,262144,4608,0.017578125,4608,0,1.0670088999904692,0.03177940018940717,4318.614399599815,0.010050446377811358,False,-1,-1.0,0.0,0.01,0.008,0.0418,0.30106754382111434,0.5236162097873786,0.9899495536221975,0.7017726798748696,0.23302948579557867,0.07792370792690682,0.6973561704754475,0.5717587272710462,4584.870986599368,False,,,
Benchmark_B,Ablation_A_RandomOnly,5000,20260721,18,262144,4608,0.017578125,4608,0,1.135401899984572,0.03104709996841848,4058.47480091641,0.0030445704761599543,False,-1,-1.0,0.0,0.01,0.01,0.0401,0.30323633472726447,0.5272567082943552,0.996955429523849,0.8331595411887381,0.2985901616353791,0.11139058881083463,0.9144133879493267,0.17320223153265518,15135.139869752542,False,,,
Benchmark_B,Ablation_A_RandomOnly,5000,20260722,18,262144,4608,0.017578125,4608,0,1.0698698000051081,0.03972990007605404,4307.066149523988,7.101285142903569e-05,False,-1,-1.0,0.0,0.0,0.009,0.0433,0.30439698786038794,0.5288709817740357,0.9999289871485798,0.5787278415015641,0.2802074224110198,0.1623277047462032,0.9859051046797072,0.004039842214629586,648896.6302958346,False,,,
Benchmark_B,Ablation_A_RandomOnly,5000,20260723,18,262144,4608,0.017578125,4608,0,1.0805755999754183,0.041888399980962276,4264.393902754075,0.002490247536438823,False,-1,-1.0,0.0,0.01,0.007,0.0406,0.3034550336295009,0.5275590834249178,0.9975097524635701,0.816475495307612,0.30681176384341824,0.11713062730426034,0.9143895061656391,0.1416674154062975,18504.184554237796,False,,,
Benchmark_B,Ablation_A_RandomOnly,5000,20260724,18,262144,4608,0.017578125,4608,0,1.065066300041508,0.040264399896841496,4326.491223898846,0.0006110911247644158,False,-1,-1.0,0.0,0.01,0.005,0.0404,0.30418573479227584,0.5285836834337839,0.9993889088752445,0.8430394423506057,0.2681338439804812,0.11199475440065382,0.9143771261356888,0.03476429509770899,75406.10251501277,False,,,
Benchmark_B,Ablation_B_RandomWings,5000,20260715,18,262144,5000,0.019073486328125,5000,0,1.1014466999913566,0.02632779983105138,4539.484298277199,0.00022616817565466676,False,-1,-1.0,0.0,0.0,0.009,0.0454,0.30432891911380877,0.5287865995387488,0.9997738318243542,0.7059436913451511,0.25516307951702455,0.1570808789475176,0.9858879623963375,0.011857726047763393,221074.42771411105,False,,,
Benchmark_B,Ablation_B_RandomWings,5000,20260716,18,262144,5000,0.019073486328125,5000,0,1.1014029000070877,0.02569260011659935,4539.664821990049,9.671616197450675e-05,False,-1,-1.0,0.0,0.0,0.006,0.0439,0.30438578234113645,0.5288567887208075,0.9999032838380344,0.716371220020855,0.301295983635534,0.15685766986448876,0.9857029622893533,0.005070712312929019,516976.6766921481,False,,,
Benchmark_B,Ablation_B_RandomWings,5000,20260717,18,262144,5000,0.019073486328125,5000,0,1.0890903999679722,0.02622900001006201,4590.98712113066,1.559828049077834e-05,False,-1,-1.0,0.0,0.0,0.005,0.0441,0.30442226078193463,0.528901010253685,0.9999844017195181,0.49322210636079244,0.2574310869237507,0.18103402869204926,0.9859051753106378,0.0008177991281949195,3205481.5291698244,False,,,
Benchmark_B,Ablation_B_RandomWings,5000,20260718,18,262144,5000,0.019073486328125,5000,0,1.0845271999714896,0.02471769996918738,4610.303918731998,0.02482016647641109,False,-1,-1.0,0.1,0.04,0.016,0.0451,0.2953110469594943,0.5155235386709263,0.9751798335235978,0.762252346193952,0.16409122544135532,0.07851331782848117,0.6238799542667398,1.3012915441584616,2014.4909200153693,False,,,
Benchmark_B,Ablation_B_RandomWings,5000,20260719,18,262144,5000,0.019073486328125,5000,0,1.0664989000069909,0.01763099990785122,4688.237371803408,0.00012288392297759806,False,-1,-1.0,0.0,0.0,0.009,0.0439,0.3043728468987065,0.5288423107531213,0.9998771160770313,0.7518248175182481,0.28371705960971755,0.1612464678010058,0.9859070082428287,0.006442656621007893,406888.0516543656,False,,,
Benchmark_B,Ablation_B_RandomWings,5000,20260720,18,262144,5000,0.019073486328125,5000,0,1.0741836000233889,0.018065600015688688,4654.697762925381,0.6339878549180478,True,1241,0.2186379000195302,0.2,0.03,0.01,0.0426,0.1269904530775589,0.1971819320487048,0.36601214508196256,0.7831074035453598,0.03884830994762095,0.02455166582764978,0.35912567845399984,33.23922244792734,78.86586408893154,False,,,
Benchmark_B,Ablation_B_RandomWings,5000,20260721,18,262144,5000,0.019073486328125,5000,0,1.1009705000324175,0.02878010005224496,4541.447749828699,0.622356515073791,True,1278,0.23195799998939037,0.1,0.01,0.013,0.0467,0.13151187838856215,0.2039117886996278,0.3776434849262187,0.5057351407716371,0.044309193804840774,0.026585977267256092,0.3774632339000411,32.62940525750077,80.33980329437324,False,,,
Benchmark_B,Ablation_B_RandomWings,5000,20260722,18,262144,5000,0.019073486328125,5000,0,1.1043036000337452,0.02939820010215044,4527.740378503892,0.00041197287599904926,False,-1,-1.0,0.0,0.01,0.007,0.0431,0.30426744169234177,0.5286908361558561,0.9995880271240098,0.6642443941578756,0.31222572635600276,0.12247847229414452,0.9143903482103323,0.021599243521178955,121367.21350586049,False,,,
Benchmark_B,Ablation_B_RandomWings,5000,20260723,18,262144,5000,0.019073486328125,5000,0,1.1832070999662392,0.021868399810045958,4225.802904785364,0.002249800434147632,False,-1,-1.0,0.0,0.01,0.009,0.0424,0.30354744762435826,0.527689616743989,0.9977501995658613,0.8143899895724713,0.29959785033107555,0.11296239707485503,0.9143869690437422,0.11795433700183937,22224.193417823386,False,,,
Benchmark_B,Ablation_B_RandomWings,5000,20260724,18,262144,5000,0.019073486328125,5000,0,1.096916800015606,0.023010099888779223,4558.230852083644,0.0190720694467005,False,-1,-1.0,0.1,0.04,0.01,0.0441,0.2977478883171709,0.518781292435433,0.9809279305533084,0.7413972888425442,0.17106363067079622,0.0628096315667826,0.6315231103700039,0.9999257146071712,2621.634749167196,False,,,
Benchmark_B,Ablation_C_RandomWingsGenealogy,5000,20260715,18,262144,5000,0.019073486328125,5190,190,1.126944299961906,0.02449550002347678,4436.776511642159,0.9860096323701855,True,376,0.08191309997346252,1.0,0.75,0.145,0.0568,0.005929286188507977,0.0077882011382675595,0.013990367629823641,1.0,0.0021708137191264977,0.0016939005749772777,0.012974156872875758,51.69530181360998,50.70944376051298,True,414.0,0.00157928466796875,0.0884070000029169
Benchmark_B,Ablation_C_RandomWingsGenealogy,5000,20260716,18,262144,5000,0.019073486328125,5190,190,1.1053750999853946,0.029846900142729282,4523.351394532106,0.9859503070765206,True,376,0.07916999998269603,1.0,0.75,0.142,0.0565,0.005956194629460171,0.007820621794915696,0.014049692923489121,1.0,0.002175466004333193,0.0017029766098578373,0.01302995712779807,51.692191459653486,50.71249498187888,True,414.0,0.00157928466796875,0.08629280002787709
Benchmark_B,Ablation_C_RandomWingsGenealogy,5000,20260717,18,262144,5000,0.019073486328125,5190,190,1.1177653000340797,0.029261500108987093,4473.210968212696,0.9860114523770087,True,376,0.07911620003869757,1.0,0.75,0.142,0.0544,0.0059284717252817126,0.007785926755705589,0.013988547623000502,0.9979144942648592,0.00216580363969488,0.0016936333507887509,0.012972445118202364,51.69539723438371,50.70935015963905,True,414.0,0.00157928466796875,0.08601379999890924
Benchmark_B,Ablation_C_RandomWingsGenealogy,5000,20260718,18,262144,5000,0.019073486328125,5190,190,1.0965049999649636,0.019718000025022775,4559.94272726505,0.9862134842918823,True,376,0.07537909998791292,1.0,0.76,0.141,0.0559,0.0058552724439417,0.0076763796952683825,0.013786515708128055,1.0,0.0021368521179951925,0.0016814281781720479,0.012782469130312786,51.70598952524224,50.69896203650149,True,414.0,0.00157928466796875,0.08204860001569614
Benchmark_B,Ablation_C_RandomWingsGenealogy,5000,20260719,18,262144,5000,0.019073486328125,5190,190,1.1854009000235237,0.03147540020290762,4217.982287596355,0.9860551309862089,True,376,0.10949890001211315,1.0,0.75,0.141,0.0564,0.005909587734504012,0.007760954069791162,0.013944869013800543,1.0,0.0021574095426934526,0.0016878923239587672,0.01293136708287461,51.69768725144975,50.70710392226467,True,414.0,0.00157928466796875,0.11907920002704486
Benchmark_B,Ablation_C_RandomWingsGenealogy,5000,20260720,18,262144,5000,0.019073486328125,5190,190,1.1012223999714479,0.02635800006100908,4540.408912976742,0.9862733886437234,True,376,0.07874299999093637,1.0,0.76,0.147,0.0579,0.005826487363190801,0.00764253423739046,0.013726611356286944,1.0,0.0021278495106283233,0.0016706308013875357,0.012726154734745249,51.70913023852405,50.69588267889661,True,414.0,0.00157928466796875,0.08527599996887147
Benchmark_B,Ablation_C_RandomWingsGenealogy,5000,20260721,18,262144,5000,0.019073486328125,5190,190,1.1225032999645919,0.026041700155474246,4454.329889415665,0.9862943169080979,True,376,0.07990099996095523,1.0,0.76,0.142,0.0579,0.00581942745867433,0.007630856151109151,0.013705683091911669,0.9979144942648592,0.0021241118386642137,0.0016698970978137008,0.012706481934100641,51.71022748231128,50.69480695857945,True,414.0,0.00157928466796875,0.0868371999822557
Benchmark_B,Ablation_C_RandomWingsGenealogy,5000,20260722,18,262144,5000,0.019073486328125,5190,190,1.121646299958229,0.023479099734686315,4457.733244594311,0.9859769761704602,True,376,0.08257059997413307,1.0,0.75,0.138,0.0576,0.005944431762984721,0.007806035413290771,0.014023023829548897,1.0,0.002173745653272004,0.001699234728814242,0.013004871887140813,51.69358968824582,50.71112329032293,True,414.0,0.00157928466796875,0.08915279997745529
Benchmark_B,Ablation_C_RandomWingsGenealogy,5000,20260723,18,262144,5000,0.019073486328125,5190,190,1.10328630002914,0.02411640004720539,4531.915242551222,0.9866894743317313,True,376,0.07989510003244504,1.0,0.77,0.145,0.0587,0.00566258863187746,0.007415494529597374,0.013310525668278506,1.0,0.0020735014672228986,0.001632194277912066,0.012335190625408214,51.730945111843475,50.6745042900799,True,414.0,0.00157928466796875,0.08672279998427257
Benchmark_B,Ablation_C_RandomWingsGenealogy,5000,20260724,18,262144,5000,0.019073486328125,5190,190,1.1073003000346944,0.016395999933592975,4515.486900747103,0.9860132312425433,True,376,0.08523370005423203,1.0,0.75,0.14,0.0542,0.005928273625211843,0.007784301262749934,0.013986768757466295,1.0,0.002163844818786803,0.0016939785997936592,0.012970772165406028,51.69549049816905,50.709258674948565,True,414.0,0.00157928466796875,0.09211760002654046
Benchmark_B,BFG,10000,20260715,18,262144,10000,0.03814697265625,10792,321,2.284679899981711,0.0734652997343801,4376.980775328767,0.9867303574647117,True,376,0.07853790000081062,1.0,0.76,0.19,0.0952,0.005619670550510918,0.007385812336834898,0.013269642535298054,1.0,0.0020534523189742484,0.001601244585328892,0.012296795468371494,25.866544282722938,101.34480939345812,True,414.0,0.00157928466796875,0.08646560000488535
Benchmark_B,BFG,10000,20260716,18,262144,10000,0.03814697265625,10794,306,2.2085398000199348,0.06639140023617074,4527.878555736119,0.9868155291746266,True,376,0.07900640001753345,1.0,0.76,0.202,0.1008,0.005589248493367314,0.0073412265199604716,0.013184470825381878,0.9979144942648592,0.0020486934208148646,0.001596553143476707,0.01221681308458157,25.86877700799533,101.3360623577135,True,414.0,0.00157928466796875,0.08578700001817197
Benchmark_B,BFG,10000,20260717,18,262144,10000,0.03814697265625,10800,295,2.212433000036981,0.06935900013195351,4519.9108853614325,0.9886888929332789,True,376,0.07971840002574027,1.0,0.81,0.22,0.1011,0.0048395776686442115,0.0063153736569165255,0.01131110706673133,0.9979144942648592,0.0017902077442531153,0.0014121129437260813,0.01046108243894165,25.917886114910146,101.14405119219687,True,414.0,0.00157928466796875,0.08669770002597943
Benchmark_B,BFG,10000,20260718,18,262144,10000,0.03814697265625,10776,298,2.193886500026565,0.06416820007143542,4558.120941935197,0.9865566443433577,True,376,0.07924970000749454,1.0,0.76,0.186,0.087,0.005694396941696028,0.0074828456731624434,0.013443355656651557,1.0,0.002084625643563123,0.001623667054203882,0.012459967420299048,25.861990497474515,101.36265421085783,True,414.0,0.00157928466796875,0.08636209997348487
Benchmark_B,BFG,10000,20260719,18,262144,10000,0.03814697265625,10798,290,2.2167569000157528,0.06971919996431097,4511.09456338173,0.9882403941131952,True,376,0.07872170000337064,1.0,0.83,0.192,0.0933,0.005044836825834954,0.006567994891849885,0.011759605886812352,0.9979144942648592,0.0018592521706158596,0.0014822942936192985,0.010880813179795485,25.906128987440944,101.18995397849098,True,414.0,0.00157928466796875,0.0855215999763459
Benchmark_B,BFG,10000,20260720,18,262144,10000,0.03814697265625,10756,311,2.404336699983105,0.06646400026511401,4159.151253678517,0.9874814819079679,True,376,0.0843301999848336,1.0,0.78,0.202,0.0911,0.005316128918707433,0.006974718611164241,0.012518518092040076,0.9979144942648592,0.0019548062335223515,0.0015242004393529853,0.011591914140079743,25.886234559328233,101.26772180758715,True,414.0,0.00157928466796875,0.09131109999725595
Benchmark_B,BFG,10000,20260721,18,262144,10000,0.03814697265625,10806,303,2.270526800013613,0.0746998997638002,4404.264243848628,0.9878299845498203,True,376,0.08307839999906719,1.0,0.78,0.196,0.0947,0.0051708721881873814,0.006778011240564883,0.01217001545018892,1.0,0.0018932083423236312,0.0014840182102910456,0.01126523045323696,25.89537034698281,101.23199494250277,True,414.0,0.00157928466796875,0.0905000000493601
Benchmark_B,BFG,10000,20260722,18,262144,10000,0.03814697265625,10794,298,2.2159056999953464,0.07364130002679303,4512.827418613076,0.987740151563681,True,376,0.08284739998634905,1.0,0.79,0.182,0.0848,0.005236317797572533,0.006836640748465037,0.01225984843632788,0.9979144942648592,0.001917493538134812,0.0015227237412255195,0.011349417585402161,25.89301542915096,101.24120178944945,True,414.0,0.00157928466796875,0.08978300000308082
Benchmark_B,BFG,10000,20260723,18,262144,10000,0.03814697265625,10784,310,2.237878100015223,0.07629260024987161,4468.518638227871,0.9869301048012256,True,376,0.07891590002691373,1.0,0.77,0.206,0.0979,0.005541625684411398,0.007276627695607773,0.013069895198783543,0.9979144942648592,0.0020236962100649483,0.0015834564032481354,0.012109241353682364,25.87178053930125,101.32429795536603,True,414.0,0.00157928466796875,0.08582970005227253
Benchmark_B,BFG,10000,20260724,18,262144,10000,0.03814697265625,10778,305,2.2350857999990694,0.06748999998671934,4474.10117320962,0.9871777705570718,True,376,0.08079580002231523,1.0,0.78,0.239,0.0988,0.005446221045793934,0.007139520874082152,0.012822229442937427,1.0,0.001984482679094269,0.00156279145762196,0.01187679889476936,25.878272948491304,101.29887744896166,True,414.0,0.00157928466796875,0.08770960004767403
Benchmark_B,Baseline_Random,10000,20260715,18,262144,10000,0.03814697265625,10000,0,1.9789838999859057,0.015293900039978325,5053.098208667195,0.0012961000801205208,False,-1,-1.0,0.0,0.03,0.046,0.0377,0.30388146711592373,0.5282113016817552,0.9987038999198884,0.7372262773722627,0.17255073445406438,0.11943655787061859,0.914387131814853,0.03397648594031138,77154.53577527846,False,,,
Benchmark_B,Baseline_Random,10000,20260716,18,262144,10000,0.03814697265625,10000,0,2.040222299983725,0.015107299957890064,4901.4266730050795,0.006619699836053618,False,-1,-1.0,0.0,0.04,0.037,0.0382,0.30182632376530744,0.525334667946118,0.9933803001639553,0.808133472367049,0.17454375501280348,0.09612255355181536,0.9143900668678562,0.17353145938224399,15106.425136583794,False,,,
Benchmark_B,Baseline_Random,10000,20260717,18,262144,10000,0.03814697265625,10000,0,1.9913489999598823,0.016516100033186376,5021.721456259782,0.015881261532589043,False,-1,-1.0,0.0,0.06,0.032,0.0381,0.2987799306907445,0.5204691572948814,0.9841187384674198,0.8039624608967675,0.15446883590801708,0.05732154895398066,0.6220598532369113,0.4163177423199022,6296.728996924811,False,,,
Benchmark_B,Baseline_Random,10000,20260718,18,262144,10000,0.03814697265625,10000,0,1.9890070999972522,0.028776300023309886,5027.634139673918,0.0031526223768070694,False,-1,-1.0,0.0,0.02,0.04,0.0395,0.3031750943176656,0.5272036250801421,0.9968473776232019,0.8243283326560177,0.25345587499609623,0.10497356044133094,0.9143903167957124,0.08264410403457124,31719.62513990609,False,,,
Benchmark_B,Baseline_Random,10000,20260719,18,262144,10000,0.03814697265625,10000,0,1.9794594999984838,0.015348299988545477,5051.884112813452,0.10403242456556833,False,-1,-1.0,0.3,0.06,0.038,0.038,0.2695844273106631,0.47366312934948496,0.8959675754344406,0.7935349322210636,0.13100918439619633,0.059819930463280685,0.6831640358276178,2.7271475905316342,961.238771638675,False,,,
Benchmark_B,Baseline_Random,10000,20260720,18,262144,10000,0.03814697265625,10000,0,1.9895538000273518,0.02070369996363297,5026.252619990735,0.012831436537507906,False,-1,-1.0,0.0,0.04,0.038,0.0368,0.29994167361145346,0.52211657498102,0.9871685634625009,0.7559958289885297,0.18457395083747974,0.06545913506356824,0.6220579918904332,0.33636840996884726,7793.359668474173,False,,,
Benchmark_B,Baseline_Random,10000,20260721,18,262144,10000,0.03814697265625,10000,0,1.974664599983953,0.012740999984089285,5064.151147532227,0.003518871429837602,False,-1,-1.0,0.0,0.04,0.037,0.0404,0.3030153033016962,0.5270055312722681,0.9964811285701712,0.7810218978102189,0.2149681391784009,0.10112791840573111,0.9143889983562806,0.09224510321033483,28418.202254299205,False,,,
Benchmark_B,Baseline_Random,10000,20260722,18,262144,10000,0.03814697265625,10000,0,2.090094199986197,0.01413879997562617,4784.473350562879,0.010655571956989506,False,-1,-1.0,0.0,0.03,0.036,0.0382,0.3008176830065178,0.5232938401950752,0.9893444280430194,0.5161626694473409,0.22634760590673056,0.07296828847257983,0.6497147881524646,0.27932942550930573,9384.761362753985,False,,,
Benchmark_B,Baseline_Random,10000,20260723,18,262144,10000,0.03814697265625,10000,0,1.995190099987667,0.021648699999786913,5012.053738669721,0.016617989505170547,False,-1,-1.0,0.1,0.06,0.037,0.0373,0.298730477039926,0.5201254963445705,0.9833820104948383,0.7080291970802919,0.20772486824588537,0.06469584896641717,0.6490033831094203,0.4356306240843428,6017.575108522355,False,,,
Benchmark_B,Baseline_Random,10000,20260724,18,262144,10000,0.03814697265625,10000,0,1.9852789000142366,0.01723549998132512,5037.075647118543,0.01769522137935246,False,-1,-1.0,0.1,0.07,0.039,0.0379,0.2982082916222121,0.5195307571812274,0.9823047786206565,0.7017726798748696,0.18137037895078326,0.0699141314254529,0.6220595315816606,0.46386961132689714,5651.243228676657,False,,,
Benchmark_B,Baseline_Greedy,10000,20260715,18,262144,10000,0.03814697265625,17511,7511,3.606273000012152,1.0969941995572299,2772.9459195036825,0.9265895122767949,True,2018,0.39981500001158565,0.9,0.28,0.072,0.0394,0.029424055955343514,0.041189655062219284,0.07341048772321523,0.9478623566214806,0.01177092747601909,0.007636306611170702,0.07244389284655406,24.289988110628812,107.92265471932902,False,,,
Benchmark_B,Baseline_Greedy,10000,20260716,18,262144,10000,0.03814697265625,17542,7542,3.444359600020107,0.9741882003145292,2903.297321203519,0.9455100565531386,True,2051,0.411042699997779,1.0,0.28,0.079,0.0415,0.022007765253885606,0.03045786079233308,0.054489943446870526,0.9958289885297184,0.008473704342335518,0.005731729248487804,0.05269643135320548,24.785978826506597,105.76302103496442,False,,,
Benchmark_B,Baseline_Greedy,10000,20260717,18,262144,10000,0.03814697265625,17519,7519,3.409976300026756,1.0096008991240524,2932.571701428405,0.9461847409335585,True,2035,0.40026080003008246,1.0,0.31,0.071,0.0377,0.02175257454697665,0.030114508875907553,0.05381525906645157,0.9979144942648592,0.008465287486055862,0.005675013250187046,0.05200684315886438,24.803665272728676,105.68760589114387,False,,,
Benchmark_B,Baseline_Greedy,10000,20260718,18,262144,10000,0.03814697265625,17504,7504,3.5683134999708273,1.0378134995116852,2802.444348032132,0.9535765743656062,True,2051,0.40214439999544993,1.0,0.28,0.08,0.041,0.018853237674711403,0.025807565243283842,0.046423425634403714,1.0,0.0069802389602135854,0.00495038117999619,0.044515641331777635,24.997437751049745,104.86834795257826,True,2062.0,0.00786590576171875,0.40607680001994595
Benchmark_B,Baseline_Greedy,10000,20260719,18,262144,10000,0.03814697265625,17509,7509,3.375012499978766,0.9022672003484331,2962.951989085349,0.9544918021462749,True,2035,0.406968199997209,1.0,0.32,0.07,0.0413,0.01848647889628255,0.025303789227829256,0.04550819785373439,1.0,0.006858993037840841,0.004853296457341709,0.04359617838454745,25.02142989818331,104.76779347411839,True,2046.0,0.00780487060546875,0.41090020001865923
Benchmark_B,Baseline_Greedy,10000,20260720,18,262144,10000,0.03814697265625,17518,7518,3.476710000017192,1.0110532006947324,2876.2824624287186,0.9541464494578634,True,2051,0.4224781999946572,1.0,0.3,0.092,0.042,0.018630052914147346,0.025510800162340287,0.04585355054214513,0.9958289885297184,0.006948982919475845,0.004895339319117006,0.04394291521420945,25.012376684668215,104.80571410900184,True,2062.0,0.00786590576171875,0.4265057999873534
Benchmark_B,Baseline_Greedy,10000,20260721,18,262144,10000,0.03814697265625,17483,7483,3.4683237000135705,0.9882097995723598,2883.237224934014,0.9460628799389836,True,2035,0.4140074999886565,1.0,0.3,0.072,0.0435,0.0218001550690106,0.030171564466121716,0.05393712006102669,0.9979144942648592,0.008450138094610204,0.005686824624764789,0.05213132023267528,24.800470759872493,105.70121935917146,False,,,
Benchmark_B,Baseline_Greedy,10000,20260722,18,262144,10000,0.03814697265625,17547,7547,3.493958900042344,0.9963304998818785,2862.082893956998,0.9232325700493814,True,2051,0.42021370003931224,0.9,0.26,0.08,0.0428,0.030702918162304336,0.04307817322039996,0.07676742995062802,0.9854014598540145,0.012375564705045502,0.00794234344405029,0.07603209757081324,24.201987884302504,108.31506951130552,False,,,
Benchmark_B,Baseline_Greedy,10000,20260723,18,262144,10000,0.03814697265625,17544,7544,3.3688477000105195,0.9014293996733613,2968.3740229541318,0.9284849533261601,True,2035,0.41819489997578785,0.9,0.29,0.075,0.0467,0.028671628704510992,0.04016548420499389,0.07151504667384978,0.981230448383733,0.011578602871117628,0.007431808704145092,0.07042934195216541,24.33967596047329,107.70233770807462,False,,,
Benchmark_B,Baseline_Greedy,10000,20260724,18,262144,10000,0.03814697265625,17496,7496,3.531813800043892,0.9034640002646483,2831.406344206403,0.9245710642402853,True,2035,0.41855740000028163,0.9,0.31,0.079,0.0399,0.03018869209541719,0.042389191865056165,0.07542893575972387,0.9854014598540145,0.012331622177525477,0.00781538751210682,0.07459827607259217,24.237075706420537,108.15826264492651,False,,,
Benchmark_B,Ablation_A_RandomOnly,10000,20260715,18,262144,9106,0.03473663330078125,9106,0,1.9909913000301458,0.035019699949771166,4573.601100046055,0.02658018694314397,False,-1,-1.0,0.1,0.05,0.017,0.0763,0.29551455364667173,0.5149013532526051,0.9734198130568649,0.6100104275286756,0.16505076731347765,0.07424042307028124,0.6723208674392105,0.7651917994754593,3425.8600285536286,False,,,
Benchmark_B,Ablation_A_RandomOnly,10000,20260716,18,262144,9106,0.03473663330078125,9106,0,1.9865011000074446,0.03973950003273785,4583.939067522225,0.0009224358511016025,False,-1,-1.0,0.0,0.02,0.014,0.0709,0.30406278072810267,0.5284185509723495,0.9990775641489072,0.6746394550993134,0.20661208621146684,0.11173924159570942,0.9143857931227884,0.026555131095011914,98716.89168547951,False,,,
Benchmark_B,Ablation_A_RandomOnly,10000,20260717,18,262144,9106,0.03473663330078125,9106,0,1.9887943000067025,0.05099220009287819,4578.653508796416,0.0008412955921095066,False,-1,-1.0,0.0,0.02,0.011,0.076,0.30409686497202776,0.5284621921248666,0.9991587044078993,0.7330552659019811,0.21024894402744096,0.1160530441660191,0.9143853776570251,0.024219261113326875,108237.81897117944,False,,,
Benchmark_B,Ablation_A_RandomOnly,10000,20260718,18,262144,9106,0.03473663330078125,9106,0,2.04639270005282,0.046147000102791935,4449.7813150745515,0.016113491508389376,False,-1,-1.0,0.1,0.03,0.009,0.0711,0.29815993199049867,0.5200964539015843,0.9838865084916195,0.8852971845672575,0.2493896466359957,0.10496786611560016,0.9259106347471487,0.46387602876951733,5651.165047164995,False,,,
Benchmark_B,Ablation_A_RandomOnly,10000,20260719,18,262144,9106,0.03473663330078125,9106,0,1.9767436999827623,0.02998480008682236,4606.56583859577,3.920979143263808e-05,False,-1,-1.0,0.0,0.0,0.008,0.0732,0.304410963545774,0.5288881421004197,0.9999607902085762,0.6185061260155492,0.26555221191283307,0.1786194123388652,0.9857939438163719,0.0011287735081613745,2322379.096467267,False,,,
Benchmark_B,Ablation_A_RandomOnly,10000,20260720,18,262144,9106,0.03473663330078125,9106,0,1.9651431000092998,0.031112000055145472,4633.759241226202,0.0022114048894568672,False,-1,-1.0,0.0,0.03,0.016,0.0782,0.30355984262730845,0.5277244402590068,0.9977885951105521,0.6475495307612096,0.24804968306624428,0.11094437831286555,0.9143888314143906,0.06366203858354723,41177.443549184165,False,,,
Benchmark_B,Ablation_A_RandomOnly,10000,20260721,18,262144,9106,0.03473663330078125,9106,0,2.083395899971947,0.05094720015767962,4370.7487377327625,0.06373481806441024,False,-1,-1.0,0.1,0.01,0.014,0.0775,0.28316419054079967,0.49494954621214216,0.9362651819355988,0.5683003128258601,0.214317765730108,0.07027300127588691,0.7034408662986098,1.834801246065974,1428.7324066411393,False,,,
Benchmark_B,Ablation_A_RandomOnly,10000,20260722,18,262144,9106,0.03473663330078125,9106,0,1.9801929000532255,0.038693500217050314,4598.541889406451,0.0033304189131357154,False,-1,-1.0,0.0,0.03,0.022,0.0745,0.3031228525061216,0.5271209371655482,0.9966695810868732,0.8534345032920436,0.23923400486753138,0.10760627837529468,0.9143889653411607,0.09587627230013716,27341.905740699618,False,,,
Benchmark_B,Ablation_A_RandomOnly,10000,20260723,18,262144,9106,0.03473663330078125,9106,0,1.9939452999969944,0.03513509995536879,4566.825378817426,0.015015756408079712,False,-1,-1.0,0.1,0.02,0.012,0.0724,0.29929476252935294,0.5209638335533329,0.9849842435919292,0.6829555038524636,0.19969413952583126,0.06856620207275527,0.630546017186816,0.43227437380185024,6064.296564574145,False,,,
Benchmark_B,Ablation_A_RandomOnly,10000,20260724,18,262144,9106,0.03473663330078125,9106,0,1.975657900038641,0.03535529994405806,4609.097556728774,0.018610958787738992,False,-1,-1.0,0.1,0.04,0.017,0.0754,0.2978910616427075,0.5190243538381085,0.9813890412122699,0.8123044838373306,0.16989896815567154,0.06271343260379163,0.6270905691941955,0.5357732462610422,4892.816164849651,False,,,
Benchmark_B,Ablation_B_RandomWings,10000,20260715,18,262144,10000,0.03814697265625,10000,0,2.1242383000208065,0.023819999943953007,4707.569767432426,0.0031795909062173684,False,-1,-1.0,0.0,0.06,0.019,0.0813,0.3031795351604017,0.5272102739106673,0.9968204090937915,0.6517205422314911,0.17702916579039696,0.10454966115773925,0.9143882682035986,0.08335106785194459,31450.586867782305,False,,,
Benchmark_B,Ablation_B_RandomWings,10000,20260716,18,262144,10000,0.03814697265625,10000,0,2.1063498000148684,0.022757399827241898,4747.549528539567,0.013667930479527444,False,-1,-1.0,0.1,0.02,0.015,0.0817,0.2998473774338936,0.5217045855646752,0.9863320695204815,0.5933263816475495,0.22839643079397293,0.07556225026304408,0.6829319895929562,0.35829659676252423,7316.3965934554135,False,,,
Benchmark_B,Ablation_B_RandomWings,10000,20260717,18,262144,10000,0.03814697265625,10000,0,2.1791334999725223,0.0271606000023894,4588.979977649876,0.014574118088735433,False,-1,-1.0,0.0,0.03,0.016,0.0821,0.29930706216180347,0.521169565855446,0.9854258819112734,0.799791449426486,0.16408321875986095,0.0642140827603733,0.6279413561825535,0.3820517612253461,6861.47864255962,False,,,
Benchmark_B,Ablation_B_RandomWings,10000,20260718,18,262144,10000,0.03814697265625,10000,0,2.1093058999977075,0.02267569984542206,4740.896045476793,0.0038275038082005142,False,-1,-1.0,0.0,0.04,0.016,0.0821,0.3029181943018947,0.5268517497669807,0.9961724961918084,0.8143899895724713,0.25874686256494156,0.1081401798581856,0.9143901784408738,0.10033571582969156,26126.688570693965,False,,,
Benchmark_B,Ablation_B_RandomWings,10000,20260719,18,262144,10000,0.03814697265625,10000,0,2.0869128999765962,0.019097800133749843,4791.766824629885,9.801243301607727e-05,False,-1,-1.0,0.0,0.0,0.017,0.0819,0.30438414709142403,0.5288564054030573,0.9999019875669928,0.6164271138272617,0.2538339978877208,0.16448590993103984,0.9858671445187002,0.002569337124056656,1020278.7230431951,False,,,
Benchmark_B,Ablation_B_RandomWings,10000,20260720,18,262144,10000,0.03814697265625,10000,0,2.1217125999974087,0.02293059992371127,4713.173688091504,0.0005451414879555291,False,-1,-1.0,0.0,0.02,0.017,0.0855,0.3042117687688437,0.5286200218936713,0.9994548585120534,0.6204379562043795,0.25421161430959166,0.11336913775362668,0.9143842196850062,0.014290557021861423,183438.6158628926,False,,,
Benchmark_B,Ablation_B_RandomWings,10000,20260721,18,262144,10000,0.03814697265625,10000,0,2.111017399991397,0.02357779978774488,4737.052380544449,0.6224926417601129,True,1900,0.3678758000023663,0.1,0.02,0.019,0.0829,0.13145560958514463,0.2038384540941207,0.37750735823989656,0.6371220020855056,0.044284703521684406,0.026556312015086153,0.377244783105741,16.318271108156303,160.6444691735594,False,,,
Benchmark_B,Ablation_B_RandomWings,10000,20260722,18,262144,10000,0.03814697265625,10000,0,2.0984225000138395,0.02370150003116578,4765.484548480608,0.0010394280004262116,False,-1,-1.0,0.0,0.03,0.014,0.0775,0.304019260291394,0.5283577696929537,0.9989605719995827,0.5995828988529718,0.208989704842464,0.11785432859032187,0.9143849245661014,0.02724798137437288,96206.75983232658,False,,,
Benchmark_B,Ablation_B_RandomWings,10000,20260723,18,262144,10000,0.03814697265625,10000,0,2.1559732000459917,0.02392990019870922,4638.276579591378,0.00014014908056752786,False,-1,-1.0,0.0,0.0,0.012,0.0795,0.3043660206406651,0.5288334218534887,0.9998598509194414,0.6975085891704765,0.22886280461620878,0.15183859424142823,0.9859066238162874,0.0036739240576294024,713525.9082332483,False,,,
Benchmark_B,Ablation_B_RandomWings,10000,20260724,18,262144,10000,0.03814697265625,10000,0,2.121967700019013,0.02282849996117875,4712.607076870397,0.01529169008602455,False,-1,-1.0,0.1,0.02,0.018,0.0843,0.2992983501638514,0.5208462783010668,0.9847083099139844,0.6955161626694473,0.23204517122171647,0.07690013619805011,0.6792813215318829,0.400862480591082,6539.4995214683595,False,,,
Benchmark_B,Ablation_C_RandomWingsGenealogy,10000,20260715,18,262144,10000,0.03814697265625,10190,190,2.1375626999652013,0.022588800231460482,4678.2253452321165,0.9860379882899128,True,376,0.08245679998071864,1.0,0.75,0.148,0.0904,0.005916666310728573,0.0077712219509063285,0.013962011710098587,1.0,0.0021606250356235946,0.0016898078947421376,0.01294748835333674,25.84839424022709,101.4159709743335,True,414.0,0.00157928466796875,0.08929629996418953
Benchmark_B,Ablation_C_RandomWingsGenealogy,10000,20260716,18,262144,10000,0.03814697265625,10190,190,2.130210600036662,0.024088200007099658,4694.371532949791,0.9861851332324975,True,376,0.07817290001548827,1.0,0.75,0.152,0.0887,0.005850742663981046,0.007686041800144606,0.01381486676751309,1.0,0.002129527468972902,0.0016681314556077282,0.012809123748350682,25.852251556609982,101.40083908203123,True,414.0,0.00157928466796875,0.08479689998785034
Benchmark_B,Ablation_C_RandomWingsGenealogy,10000,20260717,18,262144,10000,0.03814697265625,10190,190,2.136792199977208,0.028185099945403636,4679.9122535671295,0.9860260024950991,True,376,0.07834449998335913,1.0,0.75,0.148,0.0879,0.005921063589659993,0.00777710851259591,0.013973997504912017,1.0,0.0021611323891344817,0.0016905874257510589,0.012958761089989662,25.848080039807524,101.41720375218709,True,414.0,0.00157928466796875,0.08516929997131228
Benchmark_B,Ablation_C_RandomWingsGenealogy,10000,20260718,18,262144,10000,0.03814697265625,10190,190,2.129980399971828,0.020548800064716488,4694.878882515663,0.987504620001985,True,376,0.07650279998779297,1.0,0.8,0.154,0.0906,0.005345209407655864,0.00696963575200565,0.012495379998026412,1.0,0.001957735316525879,0.00156074639805823,0.011570216471167922,25.886841110580036,101.26534901659396,True,414.0,0.00157928466796875,0.08333279995713383
Benchmark_B,Ablation_C_RandomWingsGenealogy,10000,20260719,18,262144,10000,0.03814697265625,10190,190,2.2189686999772675,0.02670439990470186,4506.598042641362,0.9863096305585983,True,376,0.08109990000957623,1.0,0.76,0.148,0.0883,0.005808875655520906,0.007622415819435514,0.013690369441412997,0.9979144942648592,0.0021234361295012242,0.00166389944986782,0.012692088371879379,25.85551517931532,101.38803972071611,True,414.0,0.00157928466796875,0.08791469997959211
Benchmark_B,Ablation_C_RandomWingsGenealogy,10000,20260720,18,262144,10000,0.03814697265625,10190,190,2.1543206000351347,0.022680299764033407,4641.834646076777,0.986300191736337,True,376,0.07961350004188716,1.0,0.76,0.153,0.0893,0.005811395124690985,0.007627439992337719,0.013699808263672564,0.9958289885297184,0.002125410563697315,0.001663556517464953,0.012700960133023137,25.85526774625303,101.38900999700154,True,414.0,0.00157928466796875,0.08638930000597611
Benchmark_B,Ablation_C_RandomWingsGenealogy,10000,20260721,18,262144,10000,0.03814697265625,10190,190,2.1293315999791957,0.025691799994092435,4696.309395914523,0.9863372715287057,True,376,0.07937350001884624,1.0,0.76,0.152,0.0874,0.005799608683251121,0.007605437764456663,0.01366272847130523,0.9979144942648592,0.0021120596640137462,0.001662988798315857,0.01266610774151387,25.8562397707621,101.38519843725653,True,414.0,0.00157928466796875,0.0859939000220038
Benchmark_B,Ablation_C_RandomWingsGenealogy,10000,20260722,18,262144,10000,0.03814697265625,10190,190,2.142096799972933,0.026550300419330597,4668.3231122544785,0.9862509889304633,True,376,0.07846349995816126,1.0,0.76,0.143,0.0888,0.005838608276542739,0.007655826443742287,0.013749011069548178,1.0,0.0021317595775453926,0.0016760443298734756,0.012747212164513832,25.853977924218736,101.39406816559412,True,414.0,0.00157928466796875,0.08590840001124889
Benchmark_B,Ablation_C_RandomWingsGenealogy,10000,20260723,18,262144,10000,0.03814697265625,10190,190,2.1203833000035957,0.021831200050655752,4716.128447145873,0.985959054270622,True,376,0.0773549999576062,1.0,0.75,0.148,0.0891,0.0059510749718424336,0.007814944246479518,0.014040945729388632,1.0,0.0021722534164636278,0.0017004697267593578,0.013021729610470241,25.846325032271793,101.42409014538286,True,414.0,0.00157928466796875,0.08384460001252592
Benchmark_B,Ablation_C_RandomWingsGenealogy,10000,20260724,18,262144,10000,0.03814697265625,10190,190,2.1462871999829076,0.024765499925706536,4659.208702395298,0.9863035686192987,True,376,0.07631039997795597,1.0,0.75,0.151,0.0859,0.005799116228186378,0.00762016752295945,0.013696431380712415,0.9979144942648592,0.0021138596744946754,0.0016521437098779203,0.012697785948675454,25.855356269213743,101.38866286369364,True,414.0,0.00157928466796875,0.08307190000778064
Benchmark_C,BFG,1000,20260715,30,1073741824,1000,9.313225746154785e-07,1074,61,0.28030260000377893,0.014963800029363483,3567.5730442261984,2.617764819012009e-12,False,-1,-1.0,0.0,0.0,0.0,0.0,0.5212234712636556,0.7031510406964754,0.9999999999973822,0.9909889614778105,0.5818264635780166,0.4144558187265625,0.9999999999973777,2.8108035715689844e-06,1000000000.0,False,,,
Benchmark_C,BFG,1000,20260716,30,1073741824,1000,9.313225746154785e-07,1074,61,0.1914095000247471,0.00028000003658235073,5224.40108704485,2.617764819012009e-12,False,-1,-1.0,0.0,0.0,0.0,0.0,0.5212234712636556,0.7031510406964754,0.9999999999973822,0.9909889614778105,0.5818264635780166,0.4144558187265625,0.9999999999973777,2.8108035715689844e-06,1000000000.0,False,,,
Benchmark_C,BFG,1000,20260717,30,1073741824,1000,9.313225746154785e-07,1074,61,0.1959583999705501,0.00029280007584020495,5103.123929110906,2.617764819012009e-12,False,-1,-1.0,0.0,0.0,0.0,0.0,0.5212234712636556,0.7031510406964754,0.9999999999973822,0.9909889614778105,0.5818264635780166,0.4144558187265625,0.9999999999973777,2.8108035715689844e-06,1000000000.0,False,,,
Benchmark_C,BFG,1000,20260718,30,1073741824,1000,9.313225746154785e-07,1074,61,0.2041373999672942,0.0002994000678882003,4898.661392572918,2.617764819012009e-12,False,-1,-1.0,0.0,0.0,0.0,0.0,0.5212234712636556,0.7031510406964754,0.9999999999973822,0.9909889614778105,0.5818264635780166,0.4144558187265625,0.9999999999973777,2.8108035715689844e-06,1000000000.0,False,,,
Benchmark_C,BFG,1000,20260719,30,1073741824,1000,9.313225746154785e-07,1074,61,0.19341890001669526,0.00030120002338662744,5170.125566393374,2.617764819012009e-12,False,-1,-1.0,0.0,0.0,0.0,0.0,0.5212234712636556,0.7031510406964754,0.9999999999973822,0.9909889614778105,0.5818264635780166,0.4144558187265625,0.9999999999973777,2.8108035715689844e-06,1000000000.0,False,,,
Benchmark_C,BFG,1000,20260720,30,1073741824,1000,9.313225746154785e-07,1074,61,0.1936936000129208,0.0003109000390395522,5162.793194681149,2.617764819012009e-12,False,-1,-1.0,0.0,0.0,0.0,0.0,0.5212234712636556,0.7031510406964754,0.9999999999973822,0.9909889614778105,0.5818264635780166,0.4144558187265625,0.9999999999973777,2.8108035715689844e-06,1000000000.0,False,,,
Benchmark_C,BFG,1000,20260721,30,1073741824,1000,9.313225746154785e-07,1074,61,0.19467850000364706,0.00030259997583925724,5136.674054819953,2.617764819012009e-12,False,-1,-1.0,0.0,0.0,0.0,0.0,0.5212234712636556,0.7031510406964754,0.9999999999973822,0.9909889614778105,0.5818264635780166,0.4144558187265625,0.9999999999973777,2.8108035715689844e-06,1000000000.0,False,,,
Benchmark_C,BFG,1000,20260722,30,1073741824,1000,9.313225746154785e-07,1074,61,0.1906803999445401,0.00028119987109676003,5244.377504404504,2.617764819012009e-12,False,-1,-1.0,0.0,0.0,0.0,0.0,0.5212234712636556,0.7031510406964754,0.9999999999973822,0.9909889614778105,0.5818264635780166,0.4144558187265625,0.9999999999973777,2.8108035715689844e-06,1000000000.0,False,,,
Benchmark_C,BFG,1000,20260723,30,1073741824,1000,9.313225746154785e-07,1074,61,0.20278890000190586,0.00038210005732253194,4931.236374331148,2.617764819012009e-12,False,-1,-1.0,0.0,0.0,0.0,0.0,0.5212234712636556,0.7031510406964754,0.9999999999973822,0.9909889614778105,0.5818264635780166,0.4144558187265625,0.9999999999973777,2.8108035715689844e-06,1000000000.0,False,,,
Benchmark_C,BFG,1000,20260724,30,1073741824,1000,9.313225746154785e-07,1074,61,0.19350960000883788,0.00027909991331398487,5167.7022739664,2.617764819012009e-12,False,-1,-1.0,0.0,0.0,0.0,0.0,0.5212234712636556,0.7031510406964754,0.9999999999973822,0.9909889614778105,0.5818264635780166,0.4144558187265625,0.9999999999973777,2.8108035715689844e-06,1000000000.0,False,,,
Benchmark_C,Baseline_Random,1000,20260715,30,1073741824,1000,9.313225746154785e-07,1000,0,0.20994400000199676,0.017479499976616353,4763.174941843964,3.6171918096282267e-34,False,-1,-1.0,0.0,0.0,0.0,0.0,0.5212234712661051,0.7031510406984047,1.0,0.4958749760833238,0.6276873388675902,0.4207934806128379,0.9999999282921845,3.883930131428073e-28,1000000000.0,False,,,
Benchmark_C,Baseline_Random,1000,20260716,30,1073741824,1000,9.313225746154785e-07,1000,0,0.22645349998492748,0.033291100000496954,4415.917616934863,8.968511902639189e-18,False,-1,-1.0,0.0,0.0,0.0,0.0,0.5212234712661051,0.7031510406984047,1.0,0.49060439998027777,0.49592045872812274,0.27273918661596713,0.8929791739301445,9.629866328905513e-12,1000000000.0,False,,,
Benchmark_C,Baseline_Random,1000,20260717,30,1073741824,1000,9.313225746154785e-07,1000,0,0.21019479999085888,0.025333199999295175,4757.491622264151,3.7999932532234414e-33,False,-1,-1.0,0.0,0.0,0.0,0.0,0.5212234712661051,0.7031510406984047,1.0,0.5140762871023644,0.6356876793655531,0.43090091092807664,0.9999919786896384,4.080211686903832e-27,1000000000.0,False,,,
Benchmark_C,Baseline_Random,1000,20260718,30,1073741824,1000,9.313225746154785e-07,1000,0,0.22394739999435842,0.03048419998958707,4465.334270570641,3.717187336089813e-33,False,-1,-1.0,0.0,0.0,0.0,0.0,0.5212234712661051,0.7031510406984047,1.0,0.4907022079663821,0.6062567394968564,0.39434948389735924,0.9999258433977745,3.991299510402777e-27,1000000000.0,False,,,
Benchmark_C,Baseline_Random,1000,20260719,30,1073741824,1000,9.313225746154785e-07,1000,0,0.22146670002257451,0.031113100005313754,4515.351517397731,1.463190518382254e-41,False,-1,-1.0,0.0,0.0,0.0,0.0,0.5212234712661051,0.7031510406984047,1.0,0.6980679757342824,0.520169341497641,0.29737842086844135,0.6687900501202702,1.571088856067267e-35,1000000000.0,False,,,
Benchmark_C,Baseline_Random,1000,20260720,30,1073741824,1000,9.313225746154785e-07,1000,0,0.24721679999493062,0.05271600000560284,4045.032538324684,1.0873330179023789e-26,False,-1,-1.0,0.0,0.0,0.0,0.0,0.5212234712661051,0.7031510406984047,1.0,0.6276351388656574,0.5535928672082218,0.3334435285580565,0.9937457293778649,1.167514937937925e-20,1000000000.0,False,,,
Benchmark_C,Baseline_Random,1000,20260721,30,1073741824,1000,9.313225746154785e-07,1000,0,0.21898950001923367,0.026451700017787516,4566.428983636982,4.284880275802814e-40,False,-1,-1.0,0.0,0.0,0.0,0.0,0.5212234712661051,0.7031510406984047,1.0,0.4484165069738279,0.5784433032648757,0.3637617176972788,0.9958474029385007,4.600855162962137e-34,1000000000.0,False,,,
Benchmark_C,Baseline_Random,1000,20260722,30,1073741824,1000,9.313225746154785e-07,1000,0,0.22038379998411983,0.02162680000765249,4537.5386034366265,2.426159139449102e-12,False,-1,-1.0,0.0,0.0,0.0,0.0,0.5212234712640854,0.7031510406966406,0.9999999999975738,0.6843152377044676,0.5471371325817644,0.32689647148822226,0.9999992021554183,2.605068539706349e-06,1000000000.0,False,,,
Benchmark_C,Baseline_Random,1000,20260723,30,1073741824,1000,9.313225746154785e-07,1000,0,0.20633250003447756,0.01727109996136278,4846.546229183007,3.197149888816017e-29,False,-1,-1.0,0.0,0.0,0.0,0.0,0.5212234712661051,0.7031510406984047,1.0,0.7193239847580468,0.43326888647281625,0.28724866802335114,0.9993980095109334,3.4329135532187074e-23,1000000000.0,False,,,
Benchmark_C,Baseline_Random,1000,20260724,30,1073741824,1000,9.313225746154785e-07,1000,0,0.2112341999891214,0.01607120002154261,4734.08188660501,4.859573995001632e-30,False,-1,-1.0,0.0,0.0,0.0,0.0,0.5212234712661051,0.7031510406984047,1.0,0.4074601796089312,0.6035032675599037,0.3910182791865922,0.9999266353643019,5.217927845256019e-24,1000000000.0,False,,,
Benchmark_C,Baseline_Greedy,1000,20260715,30,1073741824,1000,9.313225746154785e-07,1825,825,0.2285237000323832,0.023513899941463023,4375.913744868886,0.7795666819689172,True,426,0.10113730002194643,0.8,0.23,0.05,0.008,0.12079396416871492,0.15348807914373777,0.22043331803108301,0.9603304463994076,0.02709694174464616,0.015064144380564545,0.12084939266927888,837053.351026933,12.827639034987284,False,,,
Benchmark_C,Baseline_Greedy,1000,20260716,30,1073741824,1000,9.313225746154785e-07,1739,739,0.2331154000130482,0.025441099947784096,4289.720884780786,0.08163141153622537,False,-1,-1.0,0.2,0.17,0.036,0.0067,0.4789721761841469,0.6481332110678016,0.9183685884637747,0.9657436916680316,0.21028636506676945,0.06531365932098827,0.1503632827158878,87651.06071860128,122.50186309178699,False,,,
Benchmark_C,Baseline_Greedy,1000,20260717,30,1073741824,1000,9.313225746154785e-07,1711,711,0.22382730001118034,0.026640499709174037,4467.730254307894,0.8004192675613292,True,510,0.12296259996946901,0.8,0.3,0.051,0.0087,0.10893553013214334,0.13864712326247217,0.19958073243867092,0.9626439381999362,0.02577683739770713,0.013639099016315308,0.09500973249608907,859443.6443160457,12.493452375862237,False,,,
Benchmark_C,Baseline_Greedy,1000,20260718,30,1073741824,1000,9.313225746154785e-07,1625,625,0.22666190000018105,0.025486299709882587,4411.857484646521,0.8051491139131206,True,566,0.13049619999947026,0.8,0.31,0.066,0.0104,0.10616239034525256,0.1352484891842441,0.1948508860868795,0.9712530447937825,0.025238028308906,0.013375564766868546,0.08935113969587913,864522.2781650579,12.420059622743432,False,,,
Benchmark_C,Baseline_Greedy,1000,20260719,30,1073741824,1000,9.313225746154785e-07,1453,453,0.22968730004504323,0.026574399846140295,4353.7452867611455,0.8051491723541749,True,678,0.15797420003218576,0.8,0.31,0.066,0.0104,0.10616234896825937,0.13524844545942002,0.1948508276458253,0.9712530447937825,0.025238012412947694,0.013375554314369553,0.089351070478423,864522.3409156621,12.420058721244175,False,,,
Benchmark_C,Baseline_Greedy,1000,20260720,30,1073741824,1000,9.313225746154785e-07,1767,767,0.2215804000152275,0.017734800174366683,4513.0345460666995,0.8011618253081092,True,454,0.1040192999644205,0.8,0.31,0.052,0.008,0.10849574038153006,0.13811795044410735,0.1988381746918909,0.9744167108609111,0.0257303427212316,0.01360198908296702,0.0940959374308529,860240.9596254985,12.481872805352676,False,,,
Benchmark_C,Baseline_Greedy,1000,20260721,30,1073741824,1000,9.313225746154785e-07,1711,711,0.22515579999890178,0.025076299847569317,4441.369043146468,0.8036528139344663,True,510,0.12267250003060326,0.8,0.32,0.059,0.0099,0.10712574929767822,0.13638409941357302,0.1963471860655337,0.9771538364532172,0.02528997070443721,0.013490857072307107,0.09307267221683438,862915.6382967265,12.443184204187267,False,,,
Benchmark_C,Baseline_Greedy,1000,20260722,30,1073741824,1000,9.313225746154785e-07,1739,739,0.2245394000201486,0.022284300299361348,4453.561379028656,0.8047201064737928,True,482,0.11407700000563636,0.8,0.31,0.064,0.0097,0.10640707246313603,0.1355780325802791,0.19527989352620734,0.9809652754429606,0.02547377877543689,0.013407522969952557,0.08985952638888603,864061.6349346444,12.426680928626292,False,,,
Benchmark_C,Baseline_Greedy,1000,20260723,30,1073741824,1000,9.313225746154785e-07,1625,625,0.23698859999421984,0.03292369964765385,4219.612251493912,0.7978494712305018,True,566,0.14241769997170195,0.8,0.31,0.054,0.0087,0.11037636764652622,0.1404637476272259,0.20215052876949857,0.9723638666666818,0.025761954787082198,0.013786345307670814,0.09806316426490026,856684.3465164745,12.533692583110032,False,,,
Benchmark_C,Baseline_Greedy,1000,20260724,30,1073741824,1000,9.313225746154785e-07,1739,739,0.22876699996413663,0.02703660004772246,4371.25984148399,0.08605440942830783,False,-1,-1.0,0.2,0.19,0.052,0.0088,0.47665140745621654,0.645304042472771,0.9139455905716921,0.9644947316403589,0.2097289833952384,0.06363785400039827,0.14509314224629324,92400.21854279404,116.20555026097793,False,,,
Benchmark_C,Ablation_A_RandomOnly,1000,20260715,30,1073741824,1000,9.313225746154785e-07,1006,0,0.2622785000130534,0.04333069990389049,3812.7410365326577,1.9705529988281785e-07,False,-1,-1.0,0.0,0.0,0.0,0.0001,0.5212233398953151,0.703150898753993,0.9999998029447001,0.9355817327437723,0.38482290911308703,0.17488804697350138,0.9994060247809841,0.21158651712504384,50747176.07669859,False,,,
Benchmark_C,Ablation_A_RandomOnly,1000,20260716,30,1073741824,1000,9.313225746154785e-07,1006,0,0.2652803999953903,0.04837560007581487,3769.596246150777,3.080778351821456e-12,False,-1,-1.0,0.0,0.0,0.0,0.0,0.5212234712634767,0.7031510406961536,0.9999999999969192,0.8364496508222575,0.5298920077177446,0.33195146315626844,0.9999999934792136,3.307960566824484e-06,1000000000.0,False,,,
Benchmark_C,Ablation_A_RandomOnly,1000,20260717,30,1073741824,1000,9.313225746154785e-07,1006,0,0.26632599998265505,0.048893600003793836,3754.796753096306,6.508227679882243e-12,False,-1,-1.0,0.0,0.0,0.0,0.0,0.5212234712610239,0.703151040693933,0.9999999999934918,0.8314935796350531,0.48412320436764694,0.31252895566186495,0.9999992016465381,6.9881562600040476e-06,1000000000.0,False,,,
Benchmark_C,Ablation_A_RandomOnly,1000,20260718,30,1073741824,1000,9.313225746154785e-07,1006,0,0.27529179997509345,0.05222560017136857,3632.509214188266,9.75741916546252e-13,False,-1,-1.0,0.0,0.0,0.0,0.0,0.5212234712652114,0.7031510406976886,0.9999999999990242,0.9427799053840957,0.5609074435242558,0.3953177046054009,0.9999919726149228,1.0476949052256284e-06,1000000000.0,False,,,
Benchmark_C,Ablation_A_RandomOnly,1000,20260719,30,1073741824,1000,9.313225746154785e-07,1006,0,0.269646400003694,0.05198670004028827,3708.5605444252196,1.5673135904094042e-12,False,-1,-1.0,0.0,0.0,0.0,0.0,0.5212234712647021,0.7031510406972534,0.9999999999984327,0.9044829916647895,0.5362882480997084,0.3739868876777158,0.99999999348096,1.6828901533461826e-06,1000000000.0,False,,,
Benchmark_C,Ablation_A_RandomOnly,1000,20260720,30,1073741824,1000,9.313225746154785e-07,1006,0,0.27010030002566054,0.04942070005927235,3702.328356928875,9.372863458203992e-13,False,-1,-1.0,0.0,0.0,0.0,0.0,0.5212234712652746,0.7031510406977262,0.9999999999990627,0.8233836449650824,0.5415943074410927,0.3729783448006137,0.9999999278037977,1.0064035505714901e-06,1000000000.0,False,,,
Benchmark_C,Ablation_A_RandomOnly,1000,20260721,30,1073741824,1000,9.313225746154785e-07,1006,0,0.2883183999801986,0.07152620021952316,3468.38772714013,3.0656372702518414e-12,False,-1,-1.0,0.0,0.0,0.0,0.0,0.5212234712634893,0.703151040696182,0.9999999999969343,0.8774498760982204,0.49152218357259725,0.3375582949335673,0.9999919005398672,3.291702954282593e-06,1000000000.0,False,,,
Benchmark_C,Ablation_A_RandomOnly,1000,20260722,30,1073741824,1000,9.313225746154785e-07,1006,0,0.2756346999667585,0.05215419991873205,3627.990235339019,2.0791847587410978e-12,False,-1,-1.0,0.0,0.0,0.0,0.0,0.5212234712643131,0.7031510406968892,0.9999999999979208,0.863933318314936,0.532392494505674,0.3406631787105281,0.9999999676307088,2.2325076352836663e-06,1000000000.0,False,,,
Benchmark_C,Ablation_A_RandomOnly,1000,20260723,30,1073741824,1000,9.313225746154785e-07,1006,0,0.250798000022769,0.03467460029060021,3987.272625416526,1.5633445007940922e-12,False,-1,-1.0,0.0,0.0,0.0,0.0,0.5212234712647061,0.7031510406972566,0.9999999999984367,0.9396260419013293,0.5346171629152191,0.37369216738308136,0.9999991295658268,1.6786283758230181e-06,1000000000.0,False,,,
Benchmark_C,Ablation_A_RandomOnly,1000,20260724,30,1073741824,1000,9.313225746154785e-07,1006,0,0.2516235000221059,0.03445299982558936,3974.191599402071,4.568426764879879e-11,False,-1,-1.0,0.0,0.0,0.0,0.0,0.521223471229484,0.7031510406651612,0.9999999999543158,0.8489651212135559,0.47084037535850887,0.2868747326458076,0.9999999223172076,4.90531088733254e-05,1000000000.0,False,,,
Benchmark_C,Ablation_B_RandomWings,1000,20260715,30,1073741824,1000,9.313225746154785e-07,1002,0,0.24803670000983402,0.030828499817289412,4031.6614434894213,2.6548514104362298e-12,False,-1,-1.0,0.0,0.0,0.0,0.0,0.5212234712636223,0.7031510406964483,0.9999999999973451,0.9887362018472631,0.5811534572186706,0.4139574016608122,0.9999999999625807,2.85062499589077e-06,1000000000.0,False,,,
Benchmark_C,Ablation_B_RandomWings,1000,20260716,30,1073741824,1000,9.313225746154785e-07,1002,0,0.23202610004227608,0.024900700140278786,4309.859967554495,2.6177648195685854e-12,False,-1,-1.0,0.0,0.0,0.0,0.0,0.5212234712636556,0.7031510406964754,0.9999999999973822,0.9923406172561392,0.5818264635672079,0.4144558187138622,0.9999999997847733,2.810803572166604e-06,1000000000.0,False,,,
Benchmark_C,Ablation_B_RandomWings,1000,20260717,30,1073741824,1000,9.313225746154785e-07,1002,0,0.2329959999769926,0.024611499917227775,4291.919175001914,2.7395162130796588e-12,False,-1,-1.0,0.0,0.0,0.0,0.0,0.5212234712635462,0.7031510406963861,0.9999999999972605,0.9738679882856501,0.5798292730446775,0.4128439881344689,0.9999992072797069,2.9415331355097255e-06,1000000000.0,False,,,
Benchmark_C,Ablation_B_RandomWings,1000,20260718,30,1073741824,1000,9.313225746154785e-07,1002,0,0.23195129999658093,0.027279399801045656,4311.249818452151,2.617764819012146e-12,False,-1,-1.0,0.0,0.0,0.0,0.0,0.5212234712636556,0.7031510406964754,0.9999999999973822,0.9909889614778105,0.5818264635780512,0.4144558187266056,0.9999999999973516,2.810803571569132e-06,1000000000.0,False,,,
Benchmark_C,Ablation_B_RandomWings,1000,20260719,30,1073741824,1000,9.313225746154785e-07,1002,0,0.23165269999299198,0.026856800017412752,4316.807013387939,2.6177651805392304e-12,False,-1,-1.0,0.0,0.0,0.0,0.0,0.5212234712636556,0.7031510406964754,0.9999999999973822,0.9909889614778105,0.5818264624601243,0.4144558137990322,0.9999999999624706,2.810803959755883e-06,1000000000.0,False,,,
Benchmark_C,Ablation_B_RandomWings,1000,20260720,30,1073741824,1000,9.313225746154785e-07,1002,0,0.23940620000939816,0.028818000108003616,4177.001263796609,2.617764819265327e-12,False,-1,-1.0,0.0,0.0,0.0,0.0,0.5212234712636556,0.7031510406964754,0.9999999999973822,0.9909889614778105,0.5818264635777958,0.4144558187230821,0.9999999999624749,2.8108035718409828e-06,1000000000.0,False,,,
Benchmark_C,Ablation_B_RandomWings,1000,20260721,30,1073741824,1000,9.313225746154785e-07,1002,0,0.23373760003596544,0.0270835998817347,4278.301821556005,2.6177648190124732e-12,False,-1,-1.0,0.0,0.0,0.0,0.0,0.5212234712636556,0.7031510406964754,0.9999999999973822,0.9905384095517011,0.5818264635779595,0.4144558187265337,0.9999999999971753,2.810803571569483e-06,1000000000.0,False,,,
Benchmark_C,Ablation_B_RandomWings,1000,20260722,30,1073741824,1000,9.313225746154785e-07,1002,0,0.23873230000026524,0.03142039990052581,4188.7922162140985,2.617764819012009e-12,False,-1,-1.0,0.0,0.0,0.0,0.0,0.5212234712636556,0.7031510406964754,0.9999999999973822,0.9909889614778105,0.5818264635780166,0.4144558187265625,0.9999999999973777,2.8108035715689844e-06,1000000000.0,False,,,
Benchmark_C,Ablation_B_RandomWings,1000,20260723,30,1073741824,1000,9.313225746154785e-07,1002,0,0.24508219998097047,0.03981800004839897,4080.263683277062,3.2972049978140954e-12,False,-1,-1.0,0.0,0.0,0.0,0.0,0.5212234712631122,0.7031510406960086,0.9999999999967027,0.9089885109258845,0.5560083841425177,0.39557117110592804,0.9999999283637305,3.540346908454823e-06,1000000000.0,False,,,
Benchmark_C,Ablation_B_RandomWings,1000,20260724,30,1073741824,1000,9.313225746154785e-07,1002,0,0.25205529999220744,0.03485770017141476,3967.38334814192,2.617764819012009e-12,False,-1,-1.0,0.0,0.0,0.0,0.0,0.5212234712636556,0.7031510406964754,0.9999999999973822,0.9909889614778105,0.5818264635780166,0.4144558187265625,0.9999999999973777,2.8108035715689844e-06,1000000000.0,False,,,
Benchmark_C,Ablation_C_RandomWingsGenealogy,1000,20260715,30,1073741824,1000,9.313225746154785e-07,1074,61,0.19042699999408796,0.0003090000245720148,5251.35616289206,2.617764819012009e-12,False,-1,-1.0,0.0,0.0,0.0,0.0,0.5212234712636556,0.7031510406964754,0.9999999999973822,0.9909889614778105,0.5818264635780166,0.4144558187265625,0.9999999999973777,2.8108035715689844e-06,1000000000.0,False,,,
Benchmark_C,Ablation_C_RandomWingsGenealogy,1000,20260716,30,1073741824,1000,9.313225746154785e-07,1074,61,0.19991919997846708,0.00032680004369467497,5002.020816948588,2.617764819012009e-12,False,-1,-1.0,0.0,0.0,0.0,0.0,0.5212234712636556,0.7031510406964754,0.9999999999973822,0.9909889614778105,0.5818264635780166,0.4144558187265625,0.9999999999973777,2.8108035715689844e-06,1000000000.0,False,,,
Benchmark_C,Ablation_C_RandomWingsGenealogy,1000,20260717,30,1073741824,1000,9.313225746154785e-07,1074,61,0.19264650001423433,0.0003030000953003764,5190.854751714211,2.617764819012009e-12,False,-1,-1.0,0.0,0.0,0.0,0.0,0.5212234712636556,0.7031510406964754,0.9999999999973822,0.9909889614778105,0.5818264635780166,0.4144558187265625,0.9999999999973777,2.8108035715689844e-06,1000000000.0,False,,,
Benchmark_C,Ablation_C_RandomWingsGenealogy,1000,20260718,30,1073741824,1000,9.313225746154785e-07,1074,61,0.19536469999002293,0.0003527000080794096,5118.631974205519,2.617764819012009e-12,False,-1,-1.0,0.0,0.0,0.0,0.0,0.5212234712636556,0.7031510406964754,0.9999999999973822,0.9909889614778105,0.5818264635780166,0.4144558187265625,0.9999999999973777,2.8108035715689844e-06,1000000000.0,False,,,
Benchmark_C,Ablation_C_RandomWingsGenealogy,1000,20260719,30,1073741824,1000,9.313225746154785e-07,1074,61,0.1946934000006877,0.0003100999165326357,5136.2809422223245,2.617764819012009e-12,False,-1,-1.0,0.0,0.0,0.0,0.0,0.5212234712636556,0.7031510406964754,0.9999999999973822,0.9909889614778105,0.5818264635780166,0.4144558187265625,0.9999999999973777,2.8108035715689844e-06,1000000000.0,False,,,
Benchmark_C,Ablation_C_RandomWingsGenealogy,1000,20260720,30,1073741824,1000,9.313225746154785e-07,1074,61,0.18902370001887903,0.000311699986923486,5290.341898397521,2.617764819012009e-12,False,-1,-1.0,0.0,0.0,0.0,0.0,0.5212234712636556,0.7031510406964754,0.9999999999973822,0.9909889614778105,0.5818264635780166,0.4144558187265625,0.9999999999973777,2.8108035715689844e-06,1000000000.0,False,,,
Benchmark_C,Ablation_C_RandomWingsGenealogy,1000,20260721,30,1073741824,1000,9.313225746154785e-07,1074,61,0.19736229995032772,0.0003176999161951244,5066.823807037517,2.617764819012009e-12,False,-1,-1.0,0.0,0.0,0.0,0.0,0.5212234712636556,0.7031510406964754,0.9999999999973822,0.9909889614778105,0.5818264635780166,0.4144558187265625,0.9999999999973777,2.8108035715689844e-06,1000000000.0,False,,,
Benchmark_C,Ablation_C_RandomWingsGenealogy,1000,20260722,30,1073741824,1000,9.313225746154785e-07,1074,61,0.1916474000317976,0.00031540001509711146,5217.915817454778,2.617764819012009e-12,False,-1,-1.0,0.0,0.0,0.0,0.0,0.5212234712636556,0.7031510406964754,0.9999999999973822,0.9909889614778105,0.5818264635780166,0.4144558187265625,0.9999999999973777,2.8108035715689844e-06,1000000000.0,False,,,
Benchmark_C,Ablation_C_RandomWingsGenealogy,1000,20260723,30,1073741824,1000,9.313225746154785e-07,1074,61,0.19784519996028394,0.0004450000124052167,5054.45671768,2.617764819012009e-12,False,-1,-1.0,0.0,0.0,0.0,0.0,0.5212234712636556,0.7031510406964754,0.9999999999973822,0.9909889614778105,0.5818264635780166,0.4144558187265625,0.9999999999973777,2.8108035715689844e-06,1000000000.0,False,,,
Benchmark_C,Ablation_C_RandomWingsGenealogy,1000,20260724,30,1073741824,1000,9.313225746154785e-07,1074,61,0.18879079999169335,0.00031899992609396577,5296.8682798314285,2.617764819012009e-12,False,-1,-1.0,0.0,0.0,0.0,0.0,0.5212234712636556,0.7031510406964754,0.9999999999973822,0.9909889614778105,0.5818264635780166,0.4144558187265625,0.9999999999973777,2.8108035715689844e-06,1000000000.0,False,,,
Benchmark_C,BFG,5000,20260715,30,1073741824,5000,4.656612873077393e-06,5340,283,1.1496594999916852,0.14357839978765696,4349.113802857422,0.9180234324976214,True,1203,0.24406479997560382,0.9,0.89,0.173,0.0222,0.045526067794654505,0.05706339303123719,0.08197656750237692,0.9808944127638459,0.010879164650096173,0.005908794008358766,0.04181795744976445,197144.03097694737,54.464840689270254,False,,,
Benchmark_C,BFG,5000,20260716,30,1073741824,5000,4.656612873077393e-06,5328,281,1.0903779999935068,0.08329019992379472,4585.565739614863,0.9180234324976214,True,1203,0.2309203000040725,0.9,0.89,0.173,0.0222,0.045526067794654505,0.05706339303123719,0.08197656750237692,0.9808944127638459,0.010879164650096173,0.005908794008358768,0.04181795744976445,197144.03097694737,54.464840689270254,False,,,
Benchmark_C,BFG,5000,20260717,30,1073741824,5000,4.656612873077393e-06,5341,284,1.0789542000275105,0.06563089962583035,4634.1169994727425,0.9180234324976214,True,1203,0.23402299999725074,0.9,0.89,0.173,0.0222,0.045526067794654505,0.05706339303123719,0.08197656750237692,0.9808944127638459,0.010879164650096173,0.005908794008358768,0.04181795744976445,197144.03097694737,54.464840689270254,False,,,
Benchmark_C,BFG,5000,20260718,30,1073741824,5000,4.656612873077393e-06,5408,276,1.0954451999859884,0.07676830014679581,4564.354291811178,0.9180234324976214,True,1203,0.24302090000128374,0.9,0.89,0.173,0.0222,0.045526067794654505,0.05706339303123719,0.08197656750237692,0.9808944127638459,0.010879164650096173,0.005908794008358768,0.04181795744976445,197144.03097694737,54.464840689270254,False,,,
Benchmark_C,BFG,5000,20260719,30,1073741824,5000,4.656612873077393e-06,5340,282,1.099883700022474,0.07718140009092167,4545.935174689683,0.9180234324976214,True,1203,0.23924329999135807,0.9,0.89,0.173,0.0222,0.045526067794654505,0.05706339303123719,0.08197656750237692,0.9808944127638459,0.010879164650096173,0.005908794008358768,0.04181795744976445,197144.03097694737,54.464840689270254,False,,,
Benchmark_C,BFG,5000,20260720,30,1073741824,5000,4.656612873077393e-06,5528,297,1.0703914999612607,0.07542740006465465,4671.188065470399,0.9180234324976214,True,1203,0.22878949996083975,0.9,0.89,0.173,0.0222,0.045526067794654505,0.05706339303123719,0.08197656750237692,0.9808944127638459,0.010879164650096173,0.005908794008358768,0.04181795744976445,197144.03097694737,54.464840689270254,False,,,
Benchmark_C,BFG,5000,20260721,30,1073741824,5000,4.656612873077393e-06,5300,282,1.0983095000265166,0.0827628000988625,4552.450834559188,0.9180234324976214,True,1203,0.2398418000084348,0.9,0.89,0.173,0.0222,0.045526067794654505,0.05706339303123719,0.08197656750237692,0.9808944127638459,0.010879164650096173,0.005908794008358768,0.04181795744976445,197144.03097694737,54.464840689270254,False,,,
Benchmark_C,BFG,5000,20260722,30,1073741824,5000,4.656612873077393e-06,5348,277,1.141253899957519,0.06712939962744713,4381.1460361152895,0.9180234324976214,True,1203,0.2981517000007443,0.9,0.89,0.173,0.0222,0.045526067794654505,0.05706339303123719,0.08197656750237692,0.9808944127638459,0.010879164650096173,0.005908794008358768,0.04181795744976445,197144.03097694737,54.464840689270254,False,,,
Benchmark_C,BFG,5000,20260723,30,1073741824,5000,4.656612873077393e-06,5316,289,1.0791153999743983,0.07725119992392138,4633.4247478245825,0.9180234324976214,True,1203,0.22965049999766052,0.9,0.89,0.173,0.0222,0.045526067794654505,0.05706339303123719,0.08197656750237692,0.9808944127638459,0.010879164650096173,0.005908794008358768,0.04181795744976445,197144.03097694737,54.464840689270254,False,,,
Benchmark_C,BFG,5000,20260724,30,1073741824,5000,4.656612873077393e-06,5284,267,1.0824415999813937,0.06218530016485602,4619.186845817775,0.9180234324976214,True,1203,0.23651060002157465,0.9,0.89,0.173,0.0222,0.045526067794654505,0.05706339303123719,0.08197656750237692,0.9808944127638459,0.010879164650096173,0.005908794008358768,0.04181795744976445,197144.03097694737,54.464840689270254,False,,,
Benchmark_C,Baseline_Random,5000,20260715,30,1073741824,5000,4.656612873077393e-06,5000,0,0.9904122999869287,0.02169650001451373,5048.402569380438,7.431102368238836e-14,False,-1,-1.0,0.0,0.0,0.0,0.0,0.5212234712660433,0.7031510406983537,0.9999999999999257,0.6115484012173958,0.6000287327616837,0.38683656722609133,0.9999999742062462,1.5958170822406974e-08,5000000000.0,False,,,
Benchmark_C,Baseline_Random,5000,20260716,30,1073741824,5000,4.656612873077393e-06,5000,0,1.0040753000066616,0.037753299984615296,4979.706203276614,9.086317909669932e-18,False,-1,-1.0,0.0,0.0,0.0,0.0,0.5212234712661051,0.7031510406984047,1.0,0.6571784303947065,0.4943891700720609,0.2701461448228425,0.8929050174426878,1.951271913154572e-12,5000000000.0,False,,,
Benchmark_C,Baseline_Random,5000,20260717,30,1073741824,5000,4.656612873077393e-06,5000,0,0.9893838000134565,0.026725699950475246,5053.650565060794,1.139958505131692e-17,False,-1,-1.0,0.0,0.0,0.0,0.0,0.5212234712661051,0.7031510406984047,1.0,0.7751745888713676,0.5220001306182711,0.2992912161666144,0.9993658722098124,2.4480422491688327e-12,5000000000.0,False,,,
Benchmark_C,Baseline_Random,5000,20260718,30,1073741824,5000,4.656612873077393e-06,5000,0,1.144070299982559,0.18229450000217184,4370.360807440088,2.9533538204087844e-16,False,-1,-1.0,0.0,0.0,0.0,0.0,0.5212234712661049,0.7031510406984045,0.9999999999999997,0.6852788523213427,0.5520782625307925,0.33159311925783064,0.995856919560935,6.342279036086193e-11,5000000000.0,False,,,
Benchmark_C,Baseline_Random,5000,20260719,30,1073741824,5000,4.656612873077393e-06,5000,0,0.9692822000361048,0.01860170002328232,5158.4564328260185,5.260982921969535e-24,False,-1,-1.0,0.0,0.0,0.0,0.0,0.5212234712661051,0.7031510406984047,1.0,0.718509698090207,0.4611422373899877,0.30710528322711045,0.9755187705397429,1.1297874797336837e-18,5000000000.0,False,,,
Benchmark_C,Baseline_Random,5000,20260720,30,1073741824,5000,4.656612873077393e-06,5000,0,1.0691077999654226,0.028860500024165958,4676.796858241714,9.784160301228395e-21,False,-1,-1.0,0.0,0.0,0.0,0.0,0.5212234712661051,0.7031510406984047,1.0,0.760412268389091,0.4140252153152964,0.2764091647460975,0.9958575456818592,2.1011324256298733e-15,5000000000.0,False,,,
Benchmark_C,Baseline_Random,5000,20260721,30,1073741824,5000,4.656612873077393e-06,5000,0,1.0002355999895371,0.0330501000280492,4998.822277523717,8.781853488213963e-15,False,-1,-1.0,0.0,0.0,0.0,0.0,0.5212234712661002,0.7031510406983993,0.9999999999999912,0.7499724122918249,0.4244971238221442,0.20699989369934166,0.8929791739181805,1.8858886765071247e-09,5000000000.0,False,,,
Benchmark_C,Baseline_Random,5000,20260722,30,1073741824,5000,4.656612873077393e-06,5000,0,0.982892100000754,0.025628000032156706,5087.028372693365,7.304713499066433e-10,False,-1,-1.0,0.0,0.0,0.0,0.0,0.5212234707301857,0.7031510401698128,0.9999999992695286,0.8322672914939738,0.45789119068706907,0.23615089730997635,0.9999911803045937,0.0001568675279257003,5000000000.0,False,,,
Benchmark_C,Baseline_Random,5000,20260723,30,1073741824,5000,4.656612873077393e-06,5000,0,1.0668264999985695,0.03973319998476654,4686.797712661529,2.9795302239998153e-18,False,-1,-1.0,0.0,0.0,0.0,0.0,0.5212234712661051,0.7031510406984047,1.0,0.7785257872977501,0.48990867089834617,0.26681259105213007,0.9958583512210543,6.39849243476138e-13,5000000000.0,False,,,
Benchmark_C,Baseline_Random,5000,20260724,30,1073741824,5000,4.656612873077393e-06,5000,0,0.987681699974928,0.021710500004701316,5062.359665190641,3.4352926197162525e-17,False,-1,-1.0,0.0,0.0,0.0,0.0,0.5212234712661051,0.7031510406984047,1.0,0.6778972058363452,0.4966311023398799,0.2734445370232951,0.9958583512464205,7.377234726935734e-12,5000000000.0,False,,,
Benchmark_C,Baseline_Greedy,5000,20260715,30,1073741824,5000,4.656612873077393e-06,10425,5425,1.0757211999734864,0.02535210025962442,4648.044493427513,0.8047950229203437,True,1366,0.28330269997240975,0.8,0.31,0.065,0.0103,0.10636155176142435,0.13552020465881623,0.19520497707965645,0.9697387266081642,0.02543536863350933,0.013400545352880856,0.08977070909064441,172828.41517132233,62.127620792889594,False,,,
Benchmark_C,Baseline_Greedy,5000,20260716,30,1073741824,5000,4.656612873077393e-06,10625,5625,1.0817927999887615,0.02137150033377111,4621.957180757668,0.7976140918482703,True,1226,0.2523917999933474,0.8,0.31,0.052,0.0083,0.11051359546425284,0.14064565417456276,0.20238590815172997,0.9707939320333031,0.02594124673713565,0.013808360923577519,0.09834708673289957,171286.32196585304,62.686956651101234,False,,,
Benchmark_C,Baseline_Greedy,5000,20260717,30,1073741824,5000,4.656612873077393e-06,10425,5425,1.0934245999669656,0.030869099602568895,4572.789015494127,0.8038193544689417,True,1366,0.3019567999872379,0.8,0.32,0.065,0.01,0.10702739143994297,0.13626560134748314,0.1961806455310584,0.9776100240519348,0.025271314906634926,0.013479227961504688,0.0928743244785623,172618.8919667968,62.20303072079352,False,,,
Benchmark_C,Baseline_Greedy,5000,20260718,30,1073741824,5000,4.656612873077393e-06,10453,5453,1.0885817999951541,0.03592330007813871,4593.132091701567,0.8147457319299287,True,1339,0.2933373000123538,0.9,0.38,0.065,0.0101,0.10245608419653131,0.12984441643266345,0.18525426807007128,0.9757852736570642,0.02408033366576011,0.012336806004846471,0.11396550614617872,174965.31365973133,61.36883943112228,False,,,
Benchmark_C,Baseline_Greedy,5000,20260719,30,1073741824,5000,4.656612873077393e-06,10653,5653,1.0772498000296764,0.025562500464729965,4641.448993411053,0.08444411822325101,False,-1,-1.0,0.2,0.17,0.047,0.0075,0.47736396146422083,0.6461877723900863,0.915555881776749,0.9668082234408876,0.20899000595917916,0.0636491090653451,0.1343356112254627,18134.236305421036,592.1075505556396,False,,,
Benchmark_C,Baseline_Greedy,5000,20260720,30,1073741824,5000,4.656612873077393e-06,10539,5539,1.0967125000315718,0.03572539979359135,4559.079977529263,0.801633311732632,True,1282,0.28135539998766035,0.8,0.31,0.056,0.0086,0.10822291836438701,0.1377834858807722,0.19836668826736814,0.9809652754429606,0.02570071620714742,0.013569416493942724,0.0935322985183404,172149.44286379137,62.372657508370175,False,,,
Benchmark_C,Baseline_Greedy,5000,20260721,30,1073741824,5000,4.656612873077393e-06,10511,5511,1.050786700041499,0.002816400781739503,4758.339632394028,0.8036528139344663,True,1310,0.25163490005070344,0.8,0.32,0.059,0.0099,0.10712574929767822,0.13638409941357302,0.1963471860655337,0.9771538364532172,0.02528997070443721,0.013490857072307107,0.09307267221683438,172583.12765934528,62.21592102093633,False,,,
Benchmark_C,Baseline_Greedy,5000,20260722,30,1073741824,5000,4.656612873077393e-06,10539,5539,1.0557622999767773,0.0030395995709113777,4735.91451419508,0.8047201072018686,True,1282,0.24806379998335615,0.8,0.31,0.064,0.0097,0.1064070719292127,0.1355780320423528,0.19527989279813152,0.9780662116506523,0.025473778615736502,0.013407522826682833,0.08985952552554777,172812.327143282,62.13340458691585,False,,,
Benchmark_C,Baseline_Greedy,5000,20260723,30,1073741824,5000,4.656612873077393e-06,10567,5567,1.0916925000492483,0.023907900031190366,4580.04428882166,0.8046128353775555,True,1254,0.2625130999949761,0.8,0.31,0.062,0.0097,0.10647217791875829,0.1356546196723829,0.19538716462244476,0.9689574809913866,0.025481301938642613,0.013415158964903189,0.08998673058359284,172789.29069442162,62.14168827736643,False,,,
Benchmark_C,Baseline_Greedy,5000,20260724,30,1073741824,5000,4.656612873077393e-06,10539,5539,1.1618738999823108,0.030037799500860274,4303.39299305727,0.08446766018573566,False,-1,-1.0,0.2,0.17,0.05,0.0083,0.477361611185876,0.6461848241353587,0.9155323398142643,0.966202804428511,0.20912344762584723,0.06361697185828381,0.13599647180185948,18139.291903368798,591.9425243940126,False,,,
Benchmark_C,Ablation_A_RandomOnly,5000,20260715,30,1073741824,4922,4.583969712257385e-06,4922,0,1.1579440000350587,0.09256509982515126,4250.6373363918965,4.2726411880723785e-10,False,-1,-1.0,0.0,0.0,0.0,0.0,0.5212234709371969,0.703151040388403,0.9999999995727359,0.8981752646992568,0.4516256008913357,0.2546999223924015,0.9999991300129061,9.320832065376601e-05,4922000000.0,False,,,
Benchmark_C,Ablation_A_RandomOnly,5000,20260716,30,1073741824,4922,4.583969712257385e-06,4922,0,1.1340438000042923,0.08244820008985698,4340.220368897013,1.0376334309434243e-08,False,-1,-1.0,0.0,0.0,0.0,0.0,0.5212234639817704,0.7031510332465497,0.9999999896236657,0.8424900923354423,0.42129772481148325,0.20608773291042867,0.9999174769104342,0.0022636131913542678,4743486334.595907,False,,,
Benchmark_C,Ablation_A_RandomOnly,5000,20260717,30,1073741824,4922,4.583969712257385e-06,4922,0,1.1197490000049584,0.0737760000047274,4395.627948744053,2.117062264983577e-11,False,-1,-1.0,0.0,0.0,0.0,0.0,0.5212234712487182,0.7031510406830946,0.9999999999788294,0.8711421491326877,0.44271026568304783,0.3012618995545006,0.9999991262299766,4.618403693468178e-06,4922000000.0,False,,,
Benchmark_C,Ablation_A_RandomOnly,5000,20260718,30,1073741824,4922,4.583969712257385e-06,4922,0,1.1380542000406422,0.08219419978559017,4324.925824995176,2.2239803256449708e-10,False,-1,-1.0,0.0,0.0,0.0,0.0,0.5212234710969387,0.7031510405418822,0.999999999777602,0.9026807839603518,0.42080256531855614,0.27085362827815146,0.9999909747344611,4.85164707720062e-05,4922000000.0,False,,,
Benchmark_C,Ablation_A_RandomOnly,5000,20260719,30,1073741824,4922,4.583969712257385e-06,4922,0,1.1196690000360832,0.0672217002720572,4395.942014864554,1.4068248282407804e-06,False,-1,-1.0,0.0,0.0,0.0,0.0001,0.5212225802723377,0.703150035754842,0.9999985931751718,0.8452684827723869,0.35097465867502314,0.14998230296749085,0.9958582729413529,0.3069009868191268,34986587.535243526,False,,,
Benchmark_C,Ablation_A_RandomOnly,5000,20260720,30,1073741824,4922,4.583969712257385e-06,4922,0,1.137834399996791,0.0830720997764729,4325.7612882980875,8.73499455418726e-10,False,-1,-1.0,0.0,0.0,0.0,0.0,0.5212234705945453,0.7031510400645172,0.9999999991265005,0.9427799053840957,0.4286895242614283,0.25108673657548286,0.999917744074318,0.00019055524147182235,4922000000.0,False,,,
Benchmark_C,Ablation_A_RandomOnly,5000,20260721,30,1073741824,4922,4.583969712257385e-06,4922,0,1.1354340999969281,0.08152789995074272,4334.905918373701,3.541702634967714e-11,False,-1,-1.0,0.0,0.0,0.0,0.0,0.5212234712367996,0.7031510406725391,0.999999999964583,0.9113408901331841,0.46586208917284366,0.3062890383888345,0.9999991300128834,7.726278438309303e-06,4922000000.0,False,,,
Benchmark_C,Ablation_A_RandomOnly,5000,20260722,30,1073741824,4922,4.583969712257385e-06,4922,0,1.1533007000107318,0.09406740020494908,4267.75081290959,1.7299189145158408e-09,False,-1,-1.0,0.0,0.0,0.0,0.0,0.5212234701045536,0.703151039533845,0.9999999982700811,0.8115294854014412,0.4544028202515183,0.231225373313084,0.9993969826539985,0.0003773844556368019,4922000000.0,False,,,
Benchmark_C,Ablation_A_RandomOnly,5000,20260723,30,1073741824,4922,4.583969712257385e-06,4922,0,1.139398599974811,0.07701370009453967,4319.822755714121,4.761556078694579e-10,False,-1,-1.0,0.0,0.0,0.0,0.0,0.5212234708987696,0.7031510403513477,0.9999999995238444,0.9463843207929716,0.4183163138774972,0.2502375467666463,0.9999257652993455,0.00010387407373051208,4922000000.0,False,,,
Benchmark_C,Ablation_A_RandomOnly,5000,20260724,30,1073741824,4922,4.583969712257385e-06,4922,0,1.1255074000218883,0.08126009989064187,4373.138728278712,4.4004609472300815e-11,False,-1,-1.0,0.0,0.0,0.0,0.0,0.5212234712316545,0.703151040667344,0.9999999999559954,0.8215814372606446,0.43434526431438814,0.28633118287413956,0.999917744074268,9.599672823891904e-06,4922000000.0,False,,,
Benchmark_C,Ablation_B_RandomWings,5000,20260715,30,1073741824,5000,4.656612873077393e-06,5002,0,1.079903599980753,0.04187190002994612,4630.042903912085,8.62650311210587e-11,False,-1,-1.0,0.0,0.0,0.0,0.0,0.5212234711975267,0.703151040635711,0.999999999913735,0.9134940301869792,0.4443362150287286,0.2737679809402999,0.9999991207010103,1.8525274372668465e-05,5000000000.0,False,,,
Benchmark_C,Ablation_B_RandomWings,5000,20260716,30,1073741824,5000,4.656612873077393e-06,5002,0,1.1593665000400506,0.04592410003533587,4312.700082180461,1.573765795316749e-10,False,-1,-1.0,0.0,0.0,0.0,0.0,0.521223471143457,0.7031510405842,0.9999999998426234,0.8391002448609166,0.4547263252822357,0.26251798289200073,0.9999257653844723,3.379636311224433e-05,5000000000.0,False,,,
Benchmark_C,Ablation_B_RandomWings,5000,20260717,30,1073741824,5000,4.656612873077393e-06,5002,0,1.0945076999487355,0.0466837000567466,4568.263887256517,3.462657560297759e-11,False,-1,-1.0,0.0,0.0,0.0,0.0,0.5212234712376774,0.7031510406732459,0.9999999999653735,0.8797026357287681,0.45153722550400127,0.30078138797975557,0.9999911024090233,7.43600048936301e-06,5000000000.0,False,,,
Benchmark_C,Ablation_B_RandomWings,5000,20260718,30,1073741824,5000,4.656612873077393e-06,5002,0,1.0944071999983862,0.05800199997611344,4568.683393171548,1.6679854340202774e-10,False,-1,-1.0,0.0,0.0,0.0,0.0,0.5212234711455548,0.7031510405888742,0.9999999998332014,0.9369227303446725,0.5047434366906323,0.3055147553183604,0.9999257652595699,3.5819714446607287e-05,5000000000.0,False,,,
Benchmark_C,Ablation_B_RandomWings,5000,20260719,30,1073741824,5000,4.656612873077393e-06,5002,0,1.0878624999895692,0.04242069995962083,4596.169093105003,3.59823522743702e-11,False,-1,-1.0,0.0,0.0,0.0,0.0,0.5212234712368733,0.7031510406723459,0.9999999999640177,0.8576255913494033,0.4284112882533693,0.2916633600300946,0.9999204083349126,7.727151312578562e-06,5000000000.0,False,,,
Benchmark_C,Ablation_B_RandomWings,5000,20260720,30,1073741824,5000,4.656612873077393e-06,5002,0,1.0900414999923669,0.049465399875771254,4586.981321385482,4.0150782689804343e-10,False,-1,-1.0,0.0,0.0,0.0,0.0,0.5212234709559327,0.7031510404081034,0.9999999995984922,0.924307276413607,0.4063190241962375,0.25566505343226636,0.9999911087027287,8.622314928075629e-05,5000000000.0,False,,,
Benchmark_C,Ablation_B_RandomWings,5000,20260721,30,1073741824,5000,4.656612873077393e-06,5002,0,1.0826341999927536,0.04250770004000515,4618.3650950925685,2.1591690012370826e-10,False,-1,-1.0,0.0,0.0,0.0,0.0,0.521223471098803,0.7031510405424407,0.999999999784083,0.9126893600076107,0.45458299195418317,0.25384395012735195,0.9999911086988648,4.636780123425127e-05,5000000000.0,False,,,
Benchmark_C,Ablation_B_RandomWings,5000,20260722,30,1073741824,5000,4.656612873077393e-06,5002,0,1.0832370999851264,0.045352399931289256,4615.7946400364735,1.0188813672184701e-10,False,-1,-1.0,0.0,0.0,0.0,0.0,0.52122347118561,0.7031510406245824,0.9999999998981118,0.864834422167155,0.4356613552297769,0.27051367883324334,0.9998322951682692,2.1880310753535477e-05,5000000000.0,False,,,
Benchmark_C,Ablation_B_RandomWings,5000,20260723,30,1073741824,5000,4.656612873077393e-06,5002,0,1.102338399970904,0.05566839996026829,4535.812233459321,2.40386082739389e-09,False,-1,-1.0,0.0,0.0,0.0,0.0,0.5212234694994649,0.7031510389617125,0.9999999975961392,0.8638757352790543,0.43629470644195706,0.22458428306264747,0.9999910801644288,0.0005162251818896129,5000000000.0,False,,,
Benchmark_C,Ablation_B_RandomWings,5000,20260724,30,1073741824,5000,4.656612873077393e-06,5002,0,1.0983346999855712,0.05529480002587661,4552.3463840901,4.307645483044492e-11,False,-1,-1.0,0.0,0.0,0.0,0.0,0.5212234712307434,0.7031510406672699,0.9999999999569236,0.876999324172111,0.4531211633801019,0.30397636330094735,0.9999990938798355,9.250598236219109e-06,5000000000.0,False,,,
Benchmark_C,Ablation_C_RandomWingsGenealogy,5000,20260715,30,1073741824,5000,4.656612873077393e-06,5273,264,1.0897126999916509,0.045941000047605485,4588.365355417358,0.9180234326037681,True,1203,0.24114699999336153,0.9,0.89,0.173,0.0222,0.04552606771266416,0.05706339295260901,0.08197656739622994,0.9808944127638459,0.010879164629062061,0.005908793978615002,0.041817957345046654,197144.0309997422,54.464840682972756,False,,,
Benchmark_C,Ablation_C_RandomWingsGenealogy,5000,20260716,30,1073741824,5000,4.656612873077393e-06,5273,264,1.1146178000490181,0.06087419961113483,4485.8425908684685,0.9180234353379526,True,1203,0.23412280000047758,0.9,0.89,0.173,0.0222,0.04552606571709386,0.05706339093552174,0.08197656466204561,0.9808944127638459,0.010879164156832334,0.005908793348209326,0.041817954646408015,197144.03158690385,54.46484052075802,False,,,
Benchmark_C,Ablation_C_RandomWingsGenealogy,5000,20260717,30,1073741824,5000,4.656612873077393e-06,5273,264,1.1073494000011124,0.046157199947629124,4515.286683674527,0.918023432534198,True,1203,0.2359248999855481,0.9,0.89,0.173,0.0222,0.04552606776506027,0.05706339300382051,0.08197656746580051,0.9808944127638459,0.010879164642883932,0.005908793996932913,0.041817957413684874,197144.03098480214,54.46484068710023,False,,,
Benchmark_C,Ablation_C_RandomWingsGenealogy,5000,20260718,30,1073741824,5000,4.656612873077393e-06,5273,264,1.1429619999835268,0.04572940006619319,4374.598630638695,0.9180234368368775,True,1203,0.2309683000203222,0.9,0.89,0.173,0.0222,0.045526064756243295,0.05706338989921421,0.08197656316312063,0.9808944127638459,0.01087916419144343,0.005908793169815466,0.04181795316697807,197144.03190879553,54.46484043182924,False,,,
Benchmark_C,Ablation_C_RandomWingsGenealogy,5000,20260719,30,1073741824,5000,4.656612873077393e-06,5273,264,1.100070999993477,0.05232309992425144,4545.161175987411,0.9180234334482273,True,1203,0.2377794999629259,0.9,0.89,0.173,0.0222,0.045526067095364726,0.05706339232956311,0.08197656655177121,0.9808944127638459,0.010879164491312113,0.005908793788012175,0.04181795651153427,197144.03118108845,54.46484063287235,False,,,
Benchmark_C,Ablation_C_RandomWingsGenealogy,5000,20260720,30,1073741824,5000,4.656612873077393e-06,5273,264,1.1074145000311546,0.05857059976551682,4515.021249820493,0.918023432505692,True,1203,0.22931920003611594,0.9,0.89,0.173,0.0222,0.04552606778790836,0.05706339302508881,0.0819765674943067,0.9808944127638459,0.010879164647551431,0.005908794005534674,0.04181795744186042,197144.0309786805,54.46484068879145,False,,,
Benchmark_C,Ablation_C_RandomWingsGenealogy,5000,20260721,30,1073741824,5000,4.656612873077393e-06,5273,264,1.0840583000099286,0.05120880011236295,4612.298065476927,0.9180234325101702,True,1203,0.2290072999894619,0.9,0.89,0.173,0.0222,0.04552606778422983,0.05706339302165942,0.08197656748982851,0.9808944127638459,0.010879164646074534,0.005908794003985622,0.041817957437389856,197144.0309796422,54.46484068852576,False,,,
Benchmark_C,Ablation_C_RandomWingsGenealogy,5000,20260722,30,1073741824,5000,4.656612873077393e-06,5273,264,1.0966532999882475,0.04389849986182526,4559.326087883549,0.9180234325070427,True,1203,0.23728750000009313,0.9,0.89,0.173,0.0222,0.04552606778694339,0.05706339302419116,0.08197656749295568,0.9808944127638459,0.010879164647669907,0.005908794005168348,0.04181795744047848,197144.03097897058,54.46484068871131,False,,,
Benchmark_C,Ablation_C_RandomWingsGenealogy,5000,20260723,30,1073741824,5000,4.656612873077393e-06,5273,264,1.0991778000025079,0.0543720000423491,4548.85460749716,0.918023432598275,True,1203,0.23040200001560152,0.9,0.89,0.173,0.0222,0.04552606771667856,0.05706339295559035,0.08197656740172321,0.9808944127638459,0.010879164623598461,0.005908793980123017,0.04181795735043918,197144.03099856258,54.46484068329865,False,,,
Benchmark_C,Ablation_C_RandomWingsGenealogy,5000,20260724,30,1073741824,5000,4.656612873077393e-06,5273,264,1.0856679999851622,0.038130699831526726,4605.459495967768,0.9180234326706032,True,1203,0.23261160001857206,0.9,0.89,0.173,0.0222,0.045526067663784725,0.05706339290301591,0.08197656732939551,0.9808944127638459,0.01087916459723217,0.005908793958249343,0.04181795727909845,197144.03101409492,54.46484067900754,False,,,
Benchmark_C,BFG,10000,20260715,30,1073741824,10000,9.313225746154785e-06,10360,291,2.1370364000322297,0.0992069998756051,4679.377478010756,0.9180234324976214,True,1203,0.24236460000975057,0.9,0.89,0.173,0.0222,0.045526067794654505,0.05706339303123719,0.08197656750237692,0.9808944127638459,0.010879164650096173,0.005908794008358768,0.04181795744976445,98572.01548847368,108.92968137854051,False,,,
Benchmark_C,BFG,10000,20260716,30,1073741824,10000,9.313225746154785e-06,10755,292,2.1505442999769,0.11420669977087528,4649.985587419619,0.9180234324976214,True,1203,0.23411070002475753,0.9,0.89,0.173,0.0222,0.045526067794654505,0.05706339303123719,0.08197656750237692,0.9808944127638459,0.010879164650096173,0.005908794008358768,0.04181795744976445,98572.01548847368,108.92968137854051,False,,,
Benchmark_C,BFG,10000,20260717,30,1073741824,10000,9.313225746154785e-06,10607,303,2.1847017999971285,0.10291039978619665,4577.283728156009,0.9180234324976214,True,1203,0.23322039999766275,0.9,0.89,0.173,0.0222,0.045526067794654505,0.05706339303123719,0.08197656750237692,0.9808944127638459,0.010879164650096173,0.005908794008358768,0.04181795744976445,98572.01548847368,108.92968137854051,False,,,
Benchmark_C,BFG,10000,20260718,30,1073741824,10000,9.313225746154785e-06,10601,282,2.0846705000149086,0.09020930045517161,4796.921144098545,0.9180234324976214,True,1203,0.23091779998503625,0.9,0.89,0.173,0.0222,0.045526067794654505,0.05706339303123719,0.08197656750237692,0.9808944127638459,0.010879164650096173,0.005908794008358768,0.04181795744976445,98572.01548847368,108.92968137854051,False,,,
Benchmark_C,BFG,10000,20260719,30,1073741824,10000,9.313225746154785e-06,10731,294,2.1236873000161722,0.10435420012800023,4708.79116710066,0.9180234324976214,True,1203,0.22614809998776764,0.9,0.89,0.173,0.0222,0.045526067794654505,0.05706339303123719,0.08197656750237692,0.9808944127638459,0.010879164650096173,0.005908794008358768,0.04181795744976445,98572.01548847368,108.92968137854051,False,,,
Benchmark_C,BFG,10000,20260720,30,1073741824,10000,9.313225746154785e-06,10761,280,2.1196283000172116,0.08516990003408864,4717.808306257658,0.9180234324976214,True,1203,0.2410325999953784,0.9,0.89,0.173,0.0222,0.045526067794654505,0.05706339303123719,0.08197656750237692,0.9808944127638459,0.010879164650096173,0.005908794008358768,0.04181795744976445,98572.01548847368,108.92968137854051,False,,,
Benchmark_C,BFG,10000,20260721,30,1073741824,10000,9.313225746154785e-06,10305,301,2.0746192999649793,0.08234050043392926,4820.1614629579535,0.9180234324976214,True,1203,0.23639979999279603,0.9,0.89,0.173,0.0222,0.045526067794654505,0.05706339303123719,0.08197656750237692,0.9808944127638459,0.010879164650096173,0.005908794008358768,0.04181795744976445,98572.01548847368,108.92968137854051,False,,,
Benchmark_C,BFG,10000,20260722,30,1073741824,10000,9.313225746154785e-06,10341,311,2.128921600000467,0.0917669995687902,4697.213838216403,0.9180234324976214,True,1203,0.23409909999463707,0.9,0.89,0.173,0.0222,0.045526067794654505,0.05706339303123719,0.08197656750237692,0.9808944127638459,0.010879164650096173,0.005908794008358768,0.04181795744976445,98572.01548847368,108.92968137854051,False,,,
Benchmark_C,BFG,10000,20260723,30,1073741824,10000,9.313225746154785e-06,10757,299,2.220042700006161,0.11057870008517057,4504.417865463691,0.9180234324976214,True,1203,0.23706199997104704,0.9,0.89,0.173,0.0222,0.045526067794654505,0.05706339303123719,0.08197656750237692,0.9808944127638459,0.010879164650096173,0.005908794008358768,0.04181795744976445,98572.01548847368,108.92968137854051,False,,,
Benchmark_C,BFG,10000,20260724,30,1073741824,10000,9.313225746154785e-06,10966,290,2.1416537000332028,0.09419999993406236,4669.288970408693,0.9180234324976214,True,1203,0.23446650005644187,0.9,0.89,0.173,0.0222,0.045526067794654505,0.05706339303123719,0.08197656750237692,0.9808944127638459,0.010879164650096173,0.005908794008358768,0.04181795744976445,98572.01548847368,108.92968137854051,False,,,
Benchmark_C,Baseline_Random,10000,20260715,30,1073741824,10000,9.313225746154785e-06,10000,0,1.970645900000818,0.029880099988076836,5074.47837279942,4.20790983869587e-13,False,-1,-1.0,0.0,0.0,0.0,0.0,0.521223471265743,0.7031510406981011,0.9999999999995792,0.7649755800846223,0.5619608151033662,0.35446045863407244,0.9999320583110978,4.51820878542885e-08,10000000000.0,False,,,
Benchmark_C,Baseline_Random,10000,20260716,30,1073741824,10000,9.313225746154785e-06,10000,0,1.9616478999960236,0.03826140001183376,5097.7548009611055,3.821899798407284e-12,False,-1,-1.0,0.0,0.0,0.0,0.0,0.521223471263175,0.7031510406957971,0.9999999999961781,0.7467550554319645,0.5491857919442614,0.3284072503877452,0.9999968428991521,4.1037336606870694e-07,10000000000.0,False,,,
Benchmark_C,Baseline_Random,10000,20260717,30,1073741824,10000,9.313225746154785e-06,10000,0,1.9625097999814898,0.04452169995056465,5095.515956197681,3.2297691107475655e-12,False,-1,-1.0,0.0,0.0,0.0,0.0,0.5212234712635202,0.7031510406960643,0.9999999999967703,0.7673075410430958,0.5209458336531259,0.2967873442249006,0.9999317251380784,3.467938176072949e-07,10000000000.0,False,,,
Benchmark_C,Baseline_Random,10000,20260718,30,1073741824,10000,9.313225746154785e-06,10000,0,1.9551478999783285,0.030290500028058887,5114.702575754419,3.049340402705181e-14,False,-1,-1.0,0.0,0.0,0.0,0.0,0.5212234712660868,0.7031510406983856,0.9999999999999695,0.7756251407974771,0.44234229846487017,0.22528951548866247,0.9719637342858979,3.2742043259975557e-09,10000000000.0,False,,,
Benchmark_C,Baseline_Random,10000,20260719,30,1073741824,10000,9.313225746154785e-06,10000,0,2.0452102000126615,0.03773480001837015,4889.472974434653,2.8671302076542995e-14,False,-1,-1.0,0.0,0.0,0.0,0.0,0.5212234712660831,0.7031510406983853,0.9999999999999714,0.8043622800953553,0.5524463435462399,0.33220313270455354,0.9991574895519078,3.0785576188122265e-09,10000000000.0,False,,,
Benchmark_C,Baseline_Random,10000,20260720,30,1073741824,10000,9.313225746154785e-06,10000,0,1.9731228000018746,0.051267099974211305,5068.108279925861,3.8806292561314244e-16,False,-1,-1.0,0.0,0.0,0.0,0.0,0.5212234712661049,0.7031510406984045,0.9999999999999997,0.7994311046462065,0.4428401705859346,0.2978581272832731,0.9958490810543131,4.166793935746319e-11,10000000000.0,False,,,
Benchmark_C,Baseline_Random,10000,20260721,30,1073741824,10000,9.313225746154785e-06,10000,0,1.9900190000189468,0.042651600029785186,5025.0776499645435,2.3828042631589478e-09,False,-1,-1.0,0.0,0.0,0.0,0.0,0.5212234695187168,0.7031510389751348,0.9999999976171957,0.8643393163926519,0.4590205147365857,0.23750203059590738,0.9999882931778907,0.00025585165957592646,10000000000.0,False,,,
Benchmark_C,Baseline_Random,10000,20260722,30,1073741824,10000,9.313225746154785e-06,10000,0,1.9470618000486866,0.028080600022803992,5135.943810181037,7.532641730532086e-10,False,-1,-1.0,0.0,0.0,0.0,0.0,0.5212234707127111,0.7031510401534088,0.9999999992467359,0.8282527329424345,0.44736256340393304,0.22635798486291547,0.99998958332159,8.088112471280039e-05,10000000000.0,False,,,
Benchmark_C,Baseline_Random,10000,20260723,30,1073741824,10000,9.313225746154785e-06,10000,0,1.9908663000096567,0.04875820002052933,5022.939008988948,1.4902244242833618e-08,False,-1,-1.0,0.0,0.0,0.0,0.0,0.5212234608345342,0.7031510299113543,0.9999999850977558,0.8191794324276448,0.42007602927701326,0.20326595446916346,0.9999266351712063,0.0016001162914993667,6710398673.548065,False,,,
Benchmark_C,Baseline_Random,10000,20260724,30,1073741824,10000,9.313225746154785e-06,10000,0,2.297179999994114,0.29318510001758114,4353.163443885817,5.577654994457608e-10,False,-1,-1.0,0.0,0.0,0.0,0.0,0.5212234708758134,0.7031510403195677,0.9999999994422345,0.7863301318791678,0.4880796382754024,0.26510186080746706,0.9973407809897944,5.9889614473916216e-05,10000000000.0,False,,,
Benchmark_C,Baseline_Greedy,10000,20260715,30,1073741824,10000,9.313225746154785e-06,21539,11539,2.288560399960261,0.01709550031227991,4369.55913428094,0.7978494682150905,True,2282,0.45736909995321184,0.8,0.31,0.054,0.0087,0.11037636978621278,0.1404637498402861,0.20215053178490994,0.9723638666666818,0.02576195539411203,0.013786345844797772,0.09806316790194264,85668.43432787013,125.33692630480166,False,,,
Benchmark_C,Baseline_Greedy,10000,20260716,30,1073741824,10000,9.313225746154785e-06,21625,11625,2.289095400017686,0.006821300368756056,4368.537894891902,0.7976140918520922,True,2226,0.4333268000045791,0.8,0.31,0.052,0.0083,0.11051359546132268,0.14064565417186745,0.20238590814790802,0.9707939320333031,0.02594124673601482,0.01380836092206009,0.0983470867282949,85643.1609833369,125.37391330160173,False,,,
Benchmark_C,Baseline_Greedy,10000,20260717,30,1073741824,10000,9.313225746154785e-06,21539,11539,2.3112211999832653,0.03621590026887134,4326.7169754554025,0.08369378659011843,False,-1,-1.0,0.2,0.17,0.043,0.0071,0.47779783710011886,0.6467094400659655,0.9163062134098815,0.9753290860583465,0.2093806963331719,0.06407225267161308,0.13849594299170487,8986.55190707405,1194.8318277166684,False,,,
Benchmark_C,Baseline_Greedy,10000,20260718,30,1073741824,10000,9.313225746154785e-06,21453,11453,2.300878299982287,0.015278799517545849,4346.166418309471,0.8047950229473919,True,2338,0.46687419997761026,0.8,0.31,0.065,0.0103,0.10636155174053616,0.1355202046384049,0.1952049770526082,0.9640320332802531,0.025435368625422138,0.013400545346189181,0.089770709058561,86414.20758856545,124.25524158160312,False,,,
Benchmark_C,Baseline_Greedy,10000,20260719,30,1073741824,10000,9.313225746154785e-06,21539,11539,2.309280099987518,0.029795999929774553,4330.3538622508595,0.8001237954328038,True,2282,0.48025439999764785,0.8,0.32,0.059,0.01,0.10912703264597497,0.1388947155438278,0.19987620456719646,0.963106636560042,0.025475598711667515,0.013687655978542216,0.09719481392167047,85912.63835338216,124.98065995638575,False,,,
Benchmark_C,Baseline_Greedy,10000,20260720,30,1073741824,10000,9.313225746154785e-06,21625,11625,2.3847270000260323,0.02048040012596175,4193.352111118312,0.8042737833506102,True,2226,0.45036340004298836,0.8,0.31,0.064,0.0096,0.10667097472242175,0.1358667532144945,0.19572621664938994,0.9712530447937825,0.025159506801754928,0.013439122322307647,0.09038900832151232,86358.2399130265,124.33576982131545,False,,,
Benchmark_C,Baseline_Greedy,10000,20260721,30,1073741824,10000,9.313225746154785e-06,21511,11511,2.307415099989157,0.030079699645284563,4333.853930333988,0.8148360475453348,True,2311,0.47477339999750257,0.9,0.38,0.065,0.0102,0.10240327039081215,0.12978110224181574,0.18516395245466533,0.9621812398398306,0.024066079029550616,0.012328686706308016,0.11385744963964405,87492.35439522786,122.72407474024563,False,,,
Benchmark_C,Baseline_Greedy,10000,20260722,30,1073741824,10000,9.313225746154785e-06,21653,11653,2.313399499980733,0.03317790059372783,4322.642933087556,0.8012692865046481,True,2198,0.45491989998845384,0.8,0.31,0.053,0.009,0.10843346326639963,0.1380399856582638,0.19873071349535187,0.9712530447937825,0.025709042967501025,0.01359388677280917,0.09396740791029276,86035.63452066794,124.80198815085856,False,,,
Benchmark_C,Baseline_Greedy,10000,20260723,30,1073741824,10000,9.313225746154785e-06,21567,11567,2.2457174999872223,0.007340900832787156,4452.919835222773,0.8046128502797997,True,2254,0.4352880999795161,0.8,0.31,0.062,0.0097,0.10647216748718735,0.13565460850331468,0.19538714972020055,0.9689574809913866,0.02548129739287953,0.013415155415463235,0.08998671290978515,86394.6469473271,124.28337425287894,False,,,
Benchmark_C,Baseline_Greedy,10000,20260724,30,1073741824,10000,9.313225746154785e-06,21539,11539,2.2754315999918617,0.006453399721067399,4394.770644846351,0.08446766074350114,False,-1,-1.0,0.2,0.17,0.05,0.0083,0.47736161079558437,0.6461848237598843,0.9155323392564989,0.966202804428511,0.2091234476604271,0.06361697062192091,0.13599646871499163,9069.64601157401,1183.8850409704746,False,,,
Benchmark_C,Ablation_A_RandomOnly,10000,20260715,30,1073741824,9836,9.160488843917847e-06,9836,0,2.1583911999478005,0.09021350013790652,4557.097897840706,4.817596890903424e-08,False,-1,-1.0,0.0,0.0,0.0,0.0001,0.5212234390973064,0.7031510062313,0.9999999518240311,0.8311995845356385,0.3924753890335051,0.17989996126462512,0.9994051608726061,0.005259104588181549,2041681822.4397964,False,,,
Benchmark_C,Ablation_A_RandomOnly,10000,20260716,30,1073741824,9836,9.160488843917847e-06,9836,0,2.235574300051667,0.09441280021565035,4399.764302073377,7.006321600599645e-09,False,-1,-1.0,0.0,0.0,0.0,0.0,0.5212234665704313,0.703151035942419,0.9999999929936784,0.8693399414282498,0.44989985837685326,0.2273575448587741,0.9993237531515808,0.0007648414533304659,9836000000.0,False,,,
Benchmark_C,Ablation_A_RandomOnly,10000,20260717,30,1073741824,9836,9.160488843917847e-06,9836,0,2.296861800015904,0.12137599987909198,4282.364746512782,6.833075991830863e-10,False,-1,-1.0,0.0,0.0,0.0,0.0,0.5212234707510518,0.7031510402114001,0.9999999993166924,0.9202523090786214,0.3725636595670113,0.2487202145416481,0.999917744026822,7.459291865594836e-05,9836000000.0,False,,,
Benchmark_C,Ablation_A_RandomOnly,10000,20260718,30,1073741824,9836,9.160488843917847e-06,9836,0,2.1930002000299282,0.09954949980601668,4485.179709452725,2.4653113208530174e-10,False,-1,-1.0,0.0,0.0,0.0,0.0,0.5212234710712161,0.7031510405195256,0.9999999997534689,0.9040324397386801,0.4093277329026403,0.269301736241783,0.9999828319749563,2.6912442805821147e-05,9836000000.0,False,,,
Benchmark_C,Ablation_A_RandomOnly,10000,20260719,30,1073741824,9836,9.160488843917847e-06,9836,0,2.174447700032033,0.09961769997607917,4523.447494209725,9.473415769642295e-10,False,-1,-1.0,0.0,0.0,0.0,0.0,0.5212234705573892,0.7031510400347346,0.9999999990526585,0.9328677630096872,0.42473902196600144,0.2652231697783617,0.9998984078279111,0.00010341605050839856,9836000000.0,False,,,
Benchmark_C,Ablation_A_RandomOnly,10000,20260720,30,1073741824,9836,9.160488843917847e-06,9836,0,2.2018017999944277,0.11393809993751347,4467.250412832296,1.792859175364321e-09,False,-1,-1.0,0.0,0.0,0.0,0.0,0.5212234699437727,0.703151039397309,0.9999999982071408,0.9080874070736654,0.4443605561370753,0.22287849401643622,0.9999177440698637,0.0001957165393585626,9836000000.0,False,,,
Benchmark_C,Ablation_A_RandomOnly,10000,20260721,30,1073741824,9836,9.160488843917847e-06,9836,0,2.193870499962941,0.10241290024714544,4483.400456027897,2.4877471203274693e-10,False,-1,-1.0,0.0,0.0,0.0,0.0,0.5212234710735996,0.7031510405209955,0.9999999997512253,0.8846587069159724,0.4124160286528177,0.2673324826372478,0.9999911087027569,2.7157362043830463e-05,9836000000.0,False,,,
Benchmark_C,Ablation_A_RandomOnly,10000,20260722,30,1073741824,9836,9.160488843917847e-06,9836,0,2.238948000012897,0.09179159993072972,4393.134632846918,2.9961080391238745e-10,False,-1,-1.0,0.0,0.0,0.0,0.0,0.521223471031238,0.7031510404806424,0.9999999997003892,0.9049335435908992,0.4061826872895298,0.2626838341680227,0.9999911087027756,3.270685757248813e-05,9836000000.0,False,,,
Benchmark_C,Ablation_A_RandomOnly,10000,20260723,30,1073741824,9836,9.160488843917847e-06,9836,0,2.1703552999533713,0.10565719997975975,4531.976861213148,7.460292083281292e-11,False,-1,-1.0,0.0,0.0,0.0,0.0,0.5212234712053417,0.7031510406447236,0.9999999999253971,0.8851092588420818,0.4299142715679041,0.30057801585730126,0.9999911087026039,8.143989049486797e-06,9836000000.0,False,,,
Benchmark_C,Ablation_A_RandomOnly,10000,20260724,30,1073741824,9836,9.160488843917847e-06,9836,0,2.206388499995228,0.10288799996487796,4457.963772028939,3.548123451673358e-11,False,-1,-1.0,0.0,0.0,0.0,0.0,0.5212234712373764,0.7031510406731302,0.9999999999645187,0.8950214012164904,0.43378109292948785,0.3107315431671894,0.9999257652001098,3.873290511159951e-06,9836000000.0,False,,,
Benchmark_C,Ablation_B_RandomWings,10000,20260715,30,1073741824,10000,9.313225746154785e-06,10002,0,2.134046999970451,0.071153600118123,4685.932409238627,1.9255185623234132e-10,False,-1,-1.0,0.0,0.0,0.0,0.0,0.5212234711158995,0.7031510405634898,0.9999999998074481,0.9472854246451907,0.426373913732184,0.29664429387186303,0.9999177437855601,2.0675098132549993e-05,10000000000.0,False,,,
Benchmark_C,Ablation_B_RandomWings,10000,20260716,30,1073741824,10000,9.313225746154785e-06,10002,0,2.106653399998322,0.0622488998924382,4746.865336275993,1.2133605691125234e-09,False,-1,-1.0,0.0,0.0,0.0,0.0,0.5212234703734563,0.7031510398316917,0.9999999987866395,0.9207028610047309,0.41724882160393817,0.22719546656101341,0.9998857840424339,0.00013028359906485588,10000000000.0,False,,,
Benchmark_C,Ablation_B_RandomWings,10000,20260717,30,1073741824,10000,9.313225746154785e-06,10002,0,2.1340624000295065,0.06516889983322471,4685.898594090658,3.09403922628029e-10,False,-1,-1.0,0.0,0.0,0.0,0.0,0.5212234710401635,0.7031510404844997,0.999999999690596,0.8792520838026584,0.4506577952583857,0.25766067161727596,0.999925765134859,3.322199322353747e-05,10000000000.0,False,,,
Benchmark_C,Ablation_B_RandomWings,10000,20260718,30,1073741824,10000,9.313225746154785e-06,10002,0,2.2295129999984056,0.06791519990656525,4485.284454500669,5.022440984979487e-10,False,-1,-1.0,0.0,0.0,0.0,0.0,0.521223470890056,0.7031510403368856,0.9999999994977559,0.865735526019374,0.39453602951149946,0.22857658927121302,0.9999717544894279,5.39280494414423e-05,10000000000.0,False,,,
Benchmark_C,Ablation_B_RandomWings,10000,20260719,30,1073741824,10000,9.313225746154785e-06,10002,0,2.1435141999972984,0.06775710004149005,4665.2361808532005,2.9416471470800537e-09,False,-1,-1.0,0.0,0.0,0.0,0.0,0.5212234690985615,0.7031510385566769,0.9999999970583529,0.9139445821130888,0.4378377961908085,0.22091944312196082,0.999990260567469,0.00031585695732701334,10000000000.0,False,,,
Benchmark_C,Ablation_B_RandomWings,10000,20260720,30,1073741824,10000,9.313225746154785e-06,10002,0,2.135606200026814,0.06969229987589642,4682.511223218234,1.263732646080104e-10,False,-1,-1.0,0.0,0.0,0.0,0.0,0.5212234711702278,0.7031510406112119,0.9999999998736268,0.8454606893444472,0.451607585786653,0.2870473176785765,0.9999908343217421,1.3569225964503973e-05,10000000000.0,False,,,
Benchmark_C,Ablation_B_RandomWings,10000,20260721,30,1073741824,10000,9.313225746154785e-06,10002,0,2.153083199984394,0.07270229986170307,4644.502358326182,3.261791022712891e-09,False,-1,-1.0,0.0,0.0,0.0,0.0,0.5212234688598374,0.7031510383410959,0.9999999967382089,0.8923180896598334,0.4325128408225097,0.21992089214622543,0.9999898856825943,0.00035023214422345655,10000000000.0,False,,,
Benchmark_C,Ablation_B_RandomWings,10000,20260722,30,1073741824,10000,9.313225746154785e-06,10002,0,2.1562272000010125,0.07155449996935204,4637.730198373949,2.441137614663579e-09,False,-1,-1.0,0.0,0.0,0.0,0.0,0.5212234695480855,0.7031510390329924,0.9999999975588624,0.8715927010587973,0.4266297330385256,0.24325418023903647,0.9999257652483783,0.00026211515550038806,10000000000.0,False,,,
Benchmark_C,Ablation_B_RandomWings,10000,20260723,30,1073741824,10000,9.313225746154785e-06,10002,0,2.1385904000489973,0.06366829987382516,4675.977223020775,4.958548257980383e-10,False,-1,-1.0,0.0,0.0,0.0,0.0,0.5212234708936176,0.7031510403464204,0.9999999995041452,0.8644111060040415,0.4005429093835851,0.24623617140216736,0.9999905575262681,5.324200650915879e-05,10000000000.0,False,,,
Benchmark_C,Ablation_B_RandomWings,10000,20260724,30,1073741824,10000,9.313225746154785e-06,10002,0,2.2797450000070967,0.1328804000513628,4386.455502685112,6.818359881290439e-07,False,-1,-1.0,0.0,0.0,0.0,0.0001,0.5212230393089634,0.7031505556057064,0.9999993181640119,0.8704059383532858,0.35634542812156683,0.1536164850312181,0.9957760953216133,0.07321158175625218,146662836.43138248,False,,,
Benchmark_C,Ablation_C_RandomWingsGenealogy,10000,20260715,30,1073741824,10000,9.313225746154785e-06,10271,264,2.178880700026639,0.0908004998927936,4589.512404179697,0.9180234325605775,True,1203,0.24473160004708916,0.9,0.89,0.173,0.0222,0.04552606774426641,0.05706339298438531,0.0819765674394215,0.9808944127638459,0.010879164631766795,0.005908793987125682,0.041817957387683395,98572.01549523354,108.92968137107034,False,,,
Benchmark_C,Ablation_C_RandomWingsGenealogy,10000,20260716,30,1073741824,10000,9.313225746154785e-06,10271,264,2.4227146999910474,0.33753760013496503,4127.60115751019,0.9180234325896726,True,1203,0.23693329998059198,0.9,0.89,0.173,0.0222,0.0455260677243556,0.057063392963916264,0.08197656741032544,0.9808944127638459,0.01087916462149999,0.005908793978982254,0.0418179573589101,98572.0154983576,108.92968136761803,False,,,
Benchmark_C,Ablation_C_RandomWingsGenealogy,10000,20260717,30,1073741824,10000,9.313225746154785e-06,10271,264,2.187776800012216,0.05711190035799518,4570.8501890796915,0.91802343278826,True,1203,0.2341885999776423,0.9,0.89,0.173,0.0222,0.04552606756877633,0.05706339281114299,0.08197656721173796,0.9808944127638459,0.0108791645753357,0.005908793927657998,0.04181795716294114,98572.01551968078,108.92968134405429,False,,,
Benchmark_C,Ablation_C_RandomWingsGenealogy,10000,20260718,30,1073741824,10000,9.313225746154785e-06,10271,264,2.1217311000218615,0.049285300192423165,4713.132592484017,0.9180234326889704,True,1203,0.23705830000108108,0.9,0.89,0.173,0.0222,0.04552606764429602,0.05706339288654725,0.08197656731102843,0.9808944127638459,0.010879164601527132,0.00590879395327582,0.041817957260969534,98572.01550901962,108.92968135583568,False,,,
Benchmark_C,Ablation_C_RandomWingsGenealogy,10000,20260719,30,1073741824,10000,9.313225746154785e-06,10271,264,2.2255776000092737,0.04869780014269054,4493.215603876643,0.9180234341774872,True,1203,0.23922879999736324,0.9,0.89,0.173,0.0222,0.04552606655114929,0.057063391777262,0.08197656582251112,0.9808944127638459,0.010879164181759056,0.005908793575677811,0.0418179557917327,98572.0156688479,108.9296811792131,False,,,
Benchmark_C,Ablation_C_RandomWingsGenealogy,10000,20260720,30,1073741824,10000,9.313225746154785e-06,10271,264,2.124328800011426,0.05402449984103441,4707.3692170186705,0.9180234325823565,True,1203,0.23176560003776103,0.9,0.89,0.173,0.0222,0.04552606773416111,0.05706339297032642,0.0819765674176417,0.9808944127638459,0.010879164629632364,0.005908793986257126,0.041817957366126576,98572.01549757205,108.92968136848613,False,,,
Benchmark_C,Ablation_C_RandomWingsGenealogy,10000,20260721,30,1073741824,10000,9.313225746154785e-06,10271,264,2.1411744999932125,0.05051249987445772,4670.333968591397,0.9180234330840178,True,1203,0.2433117000036873,0.9,0.89,0.173,0.0222,0.04552606735759938,0.05706339260129505,0.08197656691598043,0.9808944127638459,0.010879164478493748,0.005908793839853615,0.04181795687102153,98572.01555143752,108.92968130896064,False,,,
Benchmark_C,Ablation_C_RandomWingsGenealogy,10000,20260722,30,1073741824,10000,9.313225746154785e-06,10271,264,2.1483336000237614,0.05162390001351014,4654.770562583668,0.9180234339320895,True,1203,0.23555059998761863,0.9,0.89,0.173,0.0222,0.04552606672672394,0.05706339195043038,0.0819765660679086,0.9808944127638459,0.010879164290715103,0.005908793661245357,0.0418179560339716,98572.01564249853,108.92968120833117,False,,,
Benchmark_C,Ablation_C_RandomWingsGenealogy,10000,20260723,30,1073741824,10000,9.313225746154785e-06,10271,264,2.1461476999684237,0.05383969971444458,4659.511551859702,0.9180234352727564,True,1203,0.23455870000179857,0.9,0.89,0.173,0.0222,0.04552606589958338,0.05706339102524214,0.08197656472724169,0.9808944127638459,0.010879163731923205,0.005908793350727379,0.04181795471072494,98572.01578645155,108.92968104925201,False,,,
Benchmark_C,Ablation_C_RandomWingsGenealogy,10000,20260724,30,1073741824,10000,9.313225746154785e-06,10271,264,2.1449778000242077,0.045916599861811846,4662.052912569605,0.9180234327892159,True,1203,0.23061880003660917,0.9,0.89,0.173,0.0222,0.04552606757441283,0.05706339281718316,0.0819765672107825,0.9808944127638459,0.010879164567522383,0.005908793921432101,0.041817957161958796,98572.01551978341,108.92968134394086,False,,,
Benchmark_C,BFG,25000,20260715,30,1073741824,25000,2.3283064365386963e-05,25566,312,5.490502699976787,0.13890939980046824,4553.3171307074845,0.9180234324999607,True,1203,0.2512533999979496,0.9,0.89,0.173,0.0222,0.04552606779314578,0.05706339302967066,0.08197656750003801,0.9808944127638459,0.010879164649637113,0.005908794007786493,0.0418179574474748,39428.806195489946,272.32420344565736,False,,,
Benchmark_C,BFG,25000,20260716,30,1073741824,25000,2.3283064365386963e-05,25752,305,5.416627500031609,0.133921799948439,4615.41798838006,0.9180251066743763,True,1203,0.23608870001044124,0.9,0.89,0.173,0.0228,0.045525003908836445,0.05706221959611723,0.08197489332562191,0.9808944127638459,0.010878785075031422,0.0059084679861325096,0.0418163050484623,39428.87810073358,272.32370681630505,False,,,
Benchmark_C,BFG,25000,20260717,30,1073741824,25000,2.3283064365386963e-05,25744,304,5.465748000016902,0.13002750009763986,4573.9393766274425,0.9180234385006868,True,1203,0.24500830000033602,0.9,0.89,0.173,0.0222,0.04552606359250929,0.0570633886424958,0.08197656149931154,0.9808944127638459,0.010879163792134923,0.00590879284672428,0.04181795152480083,39428.80645321917,272.32420166559064,False,,,
Benchmark_C,BFG,25000,20260718,30,1073741824,25000,2.3283064365386963e-05,25744,311,5.377941599988844,0.13360779953654855,4648.618720599692,0.9180234677264266,True,1203,0.24580609996337444,0.9,0.89,0.173,0.0223,0.045526043233867435,0.05706336758248534,0.08197653227357182,0.9871899636250054,0.01087916141749213,0.005908787246223931,0.04181792267914202,39428.80770845514,272.3241929960124,False,,,
Benchmark_C,BFG,25000,20260719,30,1073741824,25000,2.3283064365386963e-05,25744,308,5.4120907000033185,0.14693480008281767,4619.286960579702,0.9180234523047548,True,1203,0.23051309998845682,0.9,0.89,0.173,0.0222,0.04552605392966148,0.05706337819199446,0.08197654769524365,0.9808944127638459,0.010879159890919383,0.005908790186116983,0.04181793790027403,39428.80704609938,272.32419757072597,False,,,
Benchmark_C,BFG,25000,20260720,30,1073741824,25000,2.3283064365386963e-05,25648,298,5.492603000020608,0.1331602996797301,4551.57600137971,0.9180234341151376,True,1203,0.23941400001058355,0.9,0.89,0.173,0.0222,0.04552606666239329,0.05706339190690628,0.08197656588486091,0.9808944127638459,0.010879164379455028,0.005908793578732664,0.041817955853298824,39428.80626486127,272.3242029665282,False,,,
Benchmark_C,BFG,25000,20260721,30,1073741824,25000,2.3283064365386963e-05,25740,301,5.442593600018881,0.15327979990979657,4593.398265105311,0.9180234324986533,True,1203,0.24152560002403334,0.9,0.89,0.173,0.0222,0.04552606779400024,0.05706339303054007,0.08197656750134519,0.9808944127638459,0.01087916464972657,0.005908794008086414,0.04181795744874087,39428.80619543379,272.3242034460452,False,,,
Benchmark_C,BFG,25000,20260722,30,1073741824,25000,2.3283064365386963e-05,25748,301,5.4671090000192635,0.1287175000179559,4572.8007251935005,0.9180236909168703,True,1203,0.23703160003060475,0.9,0.89,0.173,0.0226,0.045525903401288925,0.05706320950695833,0.08197630908312814,0.9808944127638459,0.010879086399666591,0.005908743919823798,0.041817702391303786,39428.8172944117,272.3241267883992,False,,,
Benchmark_C,BFG,25000,20260723,30,1073741824,25000,2.3283064365386963e-05,25395,308,5.427343700022902,0.13944139989325777,4606.304922220884,0.9180234331292234,True,1203,0.2362429000204429,0.9,0.89,0.173,0.0222,0.045526067355829404,0.0570633925934387,0.08197656687077481,0.9808944127638459,0.01087916451349893,0.005908793835709631,0.04181795682636381,39428.80622251658,272.32420325899164,False,,,
Benchmark_C,BFG,25000,20260724,30,1073741824,25000,2.3283064365386963e-05,25749,295,5.44417119998252,0.13450579962227494,4592.067200252679,0.9180234324981289,True,1203,0.24185220000799745,0.9,0.89,0.173,0.0222,0.04552606779430256,0.05706339303088997,0.08197656750186955,0.9808944127638459,0.01087916465001803,0.005908794008225388,0.041817957449303396,39428.80619541127,272.3242034462007,False,,,
Benchmark_C,Baseline_Random,25000,20260715,30,1073741824,25000,2.3283064365386963e-05,25000,0,5.024358200025745,0.06396179995499551,4975.7598890683985,4.412131372502505e-13,False,-1,-1.0,0.0,0.0,0.0,0.0,0.5212234712657287,0.7031510406980873,0.9999999999995588,0.722037512073964,0.5500807314847974,0.346475237991331,0.9999167518550242,1.8949959950553854e-08,25000000000.0,False,,,
Benchmark_C,Baseline_Random,25000,20260716,30,1073741824,25000,2.3283064365386963e-05,25000,0,4.92926649999572,0.06419240002287552,5071.748504573999,1.2852221365278263e-09,False,-1,-1.0,0.0,0.0,0.0,0.0,0.5212234703287666,0.7031510397748106,0.9999999987147778,0.8113034955698062,0.44799536148668234,0.23012365641740334,0.9943483919628122,5.519987044482261e-05,25000000000.0,False,,,
Benchmark_C,Baseline_Random,25000,20260717,30,1073741824,25000,2.3283064365386963e-05,25000,0,4.972661799984053,0.0541601000004448,5027.488497222991,7.470722919343154e-10,False,-1,-1.0,0.0,0.0,0.0,0.0,0.5212234707181859,0.7031510401566261,0.9999999992529277,0.8124701133161436,0.45457891643234527,0.23330081874936268,0.99878174082177,3.2086510616056494e-05,25000000000.0,False,,,
Benchmark_C,Baseline_Random,25000,20260718,30,1073741824,25000,2.3283064365386963e-05,25000,0,4.89807799999835,0.06259499996667728,5104.042851095557,3.0549379874053167e-14,False,-1,-1.0,0.0,0.0,0.0,0.0,0.5212234712660868,0.7031510406983856,0.9999999999999695,0.7535699148252938,0.4417351098829672,0.22482291649397387,0.9719055161602151,1.3120858747213895e-09,25000000000.0,False,,,
Benchmark_C,Baseline_Random,25000,20260719,30,1073741824,25000,2.3283064365386963e-05,25000,0,4.9058473000186495,0.05757339997217059,5095.959672431093,2.6547265323628582e-05,False,-1,-1.0,0.0,0.0,0.001,0.0001,0.5212075423126042,0.7031320759363157,0.9999734527346764,0.8729149701462329,0.2995980173695162,0.11654083117480685,0.9760320371542577,1.1401963636321961,9417165.83430858,False,,,
Benchmark_C,Baseline_Random,25000,20260720,30,1073741824,25000,2.3283064365386963e-05,25000,0,4.949608199996874,0.04750359995523468,5050.904837278998,6.534023951145123e-10,False,-1,-1.0,0.0,0.0,0.0,0.0,0.521223470786667,0.7031510402282773,0.9999999993465976,0.8420916347834436,0.4601097180481615,0.23739440591876257,0.9999561458403055,2.8063419181449004e-05,25000000000.0,False,,,
Benchmark_C,Baseline_Random,25000,20260721,30,1073741824,25000,2.3283064365386963e-05,25000,0,5.03339130000677,0.11780990002444014,4966.830216432086,2.3950559579935373e-09,False,-1,-1.0,0.0,0.0,0.0,0.0,0.5212234695100972,0.7031510389668646,0.9999999976049441,0.8616065581440947,0.45758391387025493,0.2362846009347631,0.9999141555638181,0.00010286687011672193,25000000000.0,False,,,
Benchmark_C,Baseline_Random,25000,20260722,30,1073741824,25000,2.3283064365386963e-05,25000,0,5.034463600022718,0.08356580004328862,4965.77232177966,0.00010447575244211231,False,-1,-1.0,0.0,0.0,0.001,0.0001,0.5211607857132043,0.703076404574674,0.9998955242475579,0.8804420655250742,0.29961231677064043,0.11656860942624939,0.9760982098438195,4.487199399638645,2392899.7318159486,False,,,
Benchmark_C,Baseline_Random,25000,20260723,30,1073741824,25000,2.3283064365386963e-05,25000,0,4.938447400054429,0.06771849998040125,5062.319788953197,1.4902255110034687e-08,False,-1,-1.0,0.0,0.0,0.0,0.0,0.521223460834527,0.7031510299113476,0.9999999850977449,0.8858801400093707,0.4200758591243548,0.20326575230653496,0.9999259060240382,0.0006400469833424786,16775984450.276808,False,,,
Benchmark_C,Baseline_Random,25000,20260724,30,1073741824,25000,2.3283064365386963e-05,25000,0,4.9437321000150405,0.056122600042726845,5056.908322342941,5.676783179928885e-10,False,-1,-1.0,0.0,0.0,0.0,0.0,0.5212234708678998,0.7031510403123609,0.9999999994323217,0.8522189682360893,0.4845305798679756,0.26102635290097076,0.9971682607002058,2.4381598104277445e-05,25000000000.0,False,,,
Benchmark_C,Baseline_Greedy,25000,20260715,30,1073741824,25000,2.3283064365386963e-05,54539,29539,6.958242500026245,0.041043300356250256,3592.8612720677247,0.08453676911450436,False,-1,-1.0,0.2,0.17,0.049,0.0081,0.4773102125856966,0.6461253475187502,0.9154632308854956,0.9740077213566577,0.20899451040301636,0.06358940968674706,0.13382508802023962,3630.826586562991,2957.2930526996724,False,,,
Benchmark_C,Baseline_Greedy,25000,20260716,30,1073741824,25000,2.3283064365386963e-05,54625,29625,6.950047199963592,0.0179900994990021,3597.097872965663,0.7976140931334924,True,5226,1.014158099947963,0.8,0.31,0.052,0.0083,0.11051359452691421,0.14064565323215597,0.2023859068665077,0.9707939320333031,0.025941246455170576,0.01380836056908183,0.09834708518177894,34257.26444837048,313.4347827504583,False,,,
Benchmark_C,Baseline_Greedy,25000,20260717,30,1073741824,25000,2.3283064365386963e-05,54567,29567,6.767306499998085,0.03271420078817755,3694.231966589229,0.8037109660344701,True,5254,1.0400017999927513,0.8,0.32,0.063,0.0092,0.10709301339126827,0.13634303377763277,0.19628903396553,0.9684983682309072,0.025280336137342305,0.013486255637697057,0.09300340443726267,34519.12314554616,311.0570970973635,False,,,
Benchmark_C,Baseline_Greedy,25000,20260718,30,1073741824,25000,2.3283064365386963e-05,54625,29625,6.96768520004116,0.036871900025289506,3587.992178500303,0.08593098032329233,False,-1,-1.0,0.2,0.19,0.047,0.0081,0.4767229008284383,0.6453851808587991,0.9140690196767076,0.9694165937518656,0.2097685610122273,0.06364034894483546,0.14577727610341049,3690.7075020176007,2909.311624974391,False,,,
Benchmark_C,Baseline_Greedy,25000,20260719,30,1073741824,25000,2.3283064365386963e-05,54511,29511,6.72920390003128,0.026550100359600037,3715.1497222255057,0.7978760184694756,True,5310,1.0291899000294507,0.8,0.31,0.055,0.0088,0.11036043871396468,0.14044455449979878,0.20212398153052458,0.9723638666666818,0.025757492170455403,0.013783311172371825,0.09803114526602476,34268.5140558909,313.3318889312679,False,,,
Benchmark_C,Baseline_Greedy,25000,20260720,30,1073741824,25000,2.3283064365386963e-05,54625,29625,7.025919400039129,0.017420200048945844,3558.2531732232464,0.8042737840040122,True,5226,1.013910300040152,0.8,0.31,0.064,0.0096,0.10667097424298384,0.1358667527435868,0.19572621599598794,0.9712530447937825,0.025159506734275704,0.013439122192636217,0.09038900754594133,34543.295993274005,310.8394243007589,False,,,
Benchmark_C,Baseline_Greedy,25000,20260721,30,1073741824,25000,2.3283064365386963e-05,54711,29711,6.752817600034177,0.03243250004015863,3702.1583405234387,0.8032617989272487,True,5170,1.0189700999762863,0.8,0.31,0.061,0.0078,0.10725056296265187,0.13661455236946143,0.19673820107275153,0.9635693349201477,0.025567930418775354,0.013513825180151274,0.09159172497701991,34499.83156518661,311.2310336852487,False,,,
Benchmark_C,Baseline_Greedy,25000,20260722,30,1073741824,25000,2.3283064365386963e-05,54654,29654,7.110374899988528,0.017503899580333382,3515.989009249053,0.801269286739879,True,5198,1.0009816999663599,0.8,0.31,0.053,0.009,0.10843346312526098,0.1380399854961985,0.19873071326012104,0.9712530447937825,0.025709042908531744,0.013593886726276202,0.09396740762899666,34414.25381837026,312.0049702855503,False,,,
Benchmark_C,Baseline_Greedy,25000,20260723,30,1073741824,25000,2.3283064365386963e-05,54711,29711,6.809463299985509,0.03447529941331595,3671.3612951043,0.08458118265289612,False,-1,-1.0,0.2,0.18,0.038,0.0073,0.4774288087427042,0.6462410330098574,0.9154188173471038,0.9814191108699527,0.21029798884070997,0.0635124615594126,0.13490729157706893,3632.7341335119136,2955.740179537911,False,,,
Benchmark_C,Baseline_Greedy,25000,20260724,30,1073741824,25000,2.3283064365386963e-05,54625,29625,7.023963600047864,0.034497099462896585,3559.2439573333836,0.8060075881858493,True,5226,1.0395643000374548,0.9,0.33,0.053,0.0085,0.10705988380962098,0.13555629941032488,0.19399241181415083,0.9725919604660407,0.02454214377312392,0.013255704694664907,0.11273077130883641,34617.762315860586,310.1707771296503,False,,,
Benchmark_C,Ablation_A_RandomOnly,25000,20260715,30,1073741824,24232,2.2567808628082275e-05,24232,0,5.3936948999762535,0.14220670011127368,4492.6530790806655,3.766860398357608e-08,False,-1,-1.0,0.0,0.0,0.0,0.0001,0.5212234468854583,0.7031510152853374,0.999999962331396,0.8387024104528049,0.3766842566407515,0.19070481258524039,0.99518212618403,0.0016691298922440843,6432943469.464761,False,,,
Benchmark_C,Ablation_A_RandomOnly,25000,20260716,30,1073741824,24232,2.2567808628082275e-05,24232,0,5.468663300038315,0.397614500077907,4431.064534514352,1.161474007847077e-07,False,-1,-1.0,0.0,0.0,0.0,0.0001,0.5212233937793788,0.7031509575328386,0.9999998838525992,0.8750326280908884,0.39159932860412827,0.17968161612635744,0.9993971370452372,0.005146596317738159,2086314444.945414,False,,,
Benchmark_C,Ablation_A_RandomOnly,25000,20260717,30,1073741824,24232,2.2567808628082275e-05,24232,0,5.223036799987312,0.14618229994084686,4639.44653808659,6.600973841431408e-09,False,-1,-1.0,0.0,0.0,0.0,0.0,0.5212234664026467,0.7031510359114652,0.9999999933990261,0.9261094841180448,0.4380413432052002,0.21754139527063712,0.9923928361526189,0.0002924951177234585,24232000000.0,False,,,
Benchmark_C,Ablation_A_RandomOnly,25000,20260718,30,1073741824,24232,2.2567808628082275e-05,24232,0,5.276067800004967,0.10916920000454411,4592.814368302316,4.48222737301211e-09,False,-1,-1.0,0.0,0.0,0.0,0.0,0.5212234679651545,0.7031510374822055,0.9999999955177726,0.8968236089209284,0.36676384518747795,0.21911233442445827,0.9997170645768741,0.00019861154651208118,24232000000.0,False,,,
Benchmark_C,Ablation_A_RandomOnly,25000,20260719,30,1073741824,24232,2.2567808628082275e-05,24232,0,5.178642800019588,0.11849119997350499,4679.218269294098,3.5069170537282983e-09,False,-1,-1.0,0.0,0.0,0.0,0.0,0.5212234687292703,0.7031510382262306,0.9999999964930829,0.8697904933543593,0.3679067435662516,0.22511531359467693,0.9999177440736041,0.0001553946646536369,24232000000.0,False,,,
Benchmark_C,Ablation_A_RandomOnly,25000,20260720,30,1073741824,24232,2.2567808628082275e-05,24232,0,5.537387199990917,0.32113039994146675,4376.071082773433,1.3565198025913731e-09,False,-1,-1.0,0.0,0.0,0.0,0.0,0.5212234702628827,0.7031510397482403,0.9999999986434802,0.8765487722460016,0.40064614269599624,0.2510812492768231,0.9999150749393524,6.010861864999096e-05,24232000000.0,False,,,
Benchmark_C,Ablation_A_RandomOnly,25000,20260721,30,1073741824,24232,2.2567808628082275e-05,24232,0,5.43517349998001,0.326061999774538,4458.367336404095,1.7935293661166544e-09,False,-1,-1.0,0.0,0.0,0.0,0.0,0.5212234699313941,0.7031510394070032,0.9999999982064707,0.8643838702410455,0.3642927747768744,0.22295778166895266,0.9999173742067248,7.947290743527815e-05,24232000000.0,False,,,
Benchmark_C,Ablation_A_RandomOnly,25000,20260722,30,1073741824,24232,2.2567808628082275e-05,24232,0,5.20862379996106,0.13348170008976012,4652.284543986678,2.4400549964724825e-09,False,-1,-1.0,0.0,0.0,0.0,0.0,0.5212234694728565,0.7031510389469655,0.999999997559945,0.8567244874971843,0.357566889851528,0.21978058426626126,0.9999174977698243,0.00010812104252941057,24232000000.0,False,,,
Benchmark_C,Ablation_A_RandomOnly,25000,20260723,30,1073741824,24232,2.2567808628082275e-05,24232,0,5.341804499970749,0.12539670016849414,4536.294804523956,1.2404035130354684e-09,False,-1,-1.0,0.0,0.0,0.0,0.0,0.5212234703288013,0.7031510398067141,0.9999999987595964,0.8792520838026584,0.38354374300723465,0.23447348328800638,0.999917632820551,5.496340089892339e-05,24232000000.0,False,,,
Benchmark_C,Ablation_A_RandomOnly,25000,20260724,30,1073741824,24232,2.2567808628082275e-05,24232,0,5.239322500012349,0.1137706000590697,4625.025468453771,5.967355420157415e-09,False,-1,-1.0,0.0,0.0,0.0,0.0,0.5212234672953956,0.7031510366942473,0.9999999940326446,0.9326600351578244,0.3018117109772251,0.21124715935405675,0.9952554764489207,0.00026441891273093883,24232000000.0,False,,,
Benchmark_C,Ablation_B_RandomWings,25000,20260715,30,1073741824,25000,2.3283064365386963e-05,25002,0,5.258407000044826,0.08472989988513291,4754.29155631865,2.817949676291682e-10,False,-1,-1.0,0.0,0.0,0.0,0.0,0.5212234710378414,0.7031510404936575,0.9999999997182051,0.9427799053840957,0.4118941624190207,0.2894804408992622,0.999921131125611,1.2103001701446561e-05,25000000000.0,False,,,
Benchmark_C,Ablation_B_RandomWings,25000,20260716,30,1073741824,25000,2.3283064365386963e-05,25002,0,5.415556100022513,0.29679449985269457,4616.33109107596,1.471090632011333e-09,False,-1,-1.0,0.0,0.0,0.0,0.0,0.5212234701670779,0.7031510396564854,0.9999999985289094,0.8992046612633463,0.3989034412130984,0.24617476803948904,0.9999177226692957,6.318286153940646e-05,25000000000.0,False,,,
Benchmark_C,Ablation_B_RandomWings,25000,20260717,30,1073741824,25000,2.3283064365386963e-05,25002,0,5.211020300048403,0.11061620007967576,4797.524968338309,2.6580733997690275e-09,False,-1,-1.0,0.0,0.0,0.0,0.0,0.5212234692964569,0.7031510387794337,0.9999999973419266,0.9288127956747019,0.3739741936199223,0.21978243766496053,0.9998960234589256,0.00011416338322375507,25000000000.0,False,,,
Benchmark_C,Ablation_B_RandomWings,25000,20260718,30,1073741824,25000,2.3283064365386963e-05,25002,0,5.293147600023076,0.09657779999542981,4723.087638797568,3.23039708866144e-09,False,-1,-1.0,0.0,0.0,0.0,0.0,0.5212234688745433,0.7031510383671361,0.9999999967696029,0.8553728317188557,0.40498683842177685,0.22141147577084025,0.9999910886154015,0.00013874449848894497,25000000000.0,False,,,
Benchmark_C,Ablation_B_RandomWings,25000,20260719,30,1073741824,25000,2.3283064365386963e-05,25002,0,5.203096400015056,0.09806729992851615,4804.831215490772,1.703246757654981e-07,False,-1,-1.0,0.0,0.0,0.0,0.0001,0.5212233626956425,0.7031509255181725,0.9999998296753242,0.8498068370423059,0.4010990790896307,0.19475950057876462,0.9881894902898689,0.007315389121146181,1467784975.2328215,False,,,
Benchmark_C,Ablation_B_RandomWings,25000,20260720,30,1073741824,25000,2.3283064365386963e-05,25002,0,5.2960972000146285,0.08841949992347509,4720.45716984404,1.02711889672335e-07,False,-1,-1.0,0.0,0.0,0.0,0.0001,0.5212234024335938,0.7031509667834386,0.9999998972881103,0.9154848079535611,0.36473469739525244,0.16687431862615665,0.9993237747423042,0.00441144207053039,2433992800.614751,False,,,
Benchmark_C,Ablation_B_RandomWings,25000,20260721,30,1073741824,25000,2.3283064365386963e-05,25002,0,5.474310399964452,0.34063350001815706,4566.78525210451,2.2199247268314945e-10,False,-1,-1.0,0.0,0.0,0.0,0.0,0.5212234710875052,0.7031510405388269,0.9999999997780076,0.9094390628519939,0.41071106651027056,0.2918106131526558,0.9999555810571974,9.534504101323002e-06,25000000000.0,False,,,
Benchmark_C,Ablation_B_RandomWings,25000,20260722,30,1073741824,25000,2.3283064365386963e-05,25002,0,5.493629799981136,0.3034627000452019,4550.7252782278565,9.813327572627477e-07,False,-1,-1.0,0.0,0.0,0.0,0.0002,0.5212228428955581,0.7031503397343114,0.9999990186672427,0.8216690405688089,0.28463089043955847,0.14221335869460028,0.995262405284112,0.04214792098937008,254755584.3313845,False,,,
Benchmark_C,Ablation_B_RandomWings,25000,20260723,30,1073741824,25000,2.3283064365386963e-05,25002,0,5.518661300011445,0.2399064001510851,4530.084134706392,1.0007706961340362e-09,False,-1,-1.0,0.0,0.0,0.0,0.0,0.5212234705332751,0.7031510399907535,0.9999999989992293,0.8625816625366076,0.33707422956528266,0.22687260510951104,0.9958494477602159,4.298277410690839e-05,25000000000.0,False,,,
Benchmark_C,Ablation_B_RandomWings,25000,20260724,30,1073741824,25000,2.3283064365386963e-05,25002,0,5.27702280000085,0.10305809986311942,4737.519799989489,1.4902295982434934e-09,False,-1,-1.0,0.0,0.0,0.0,0.0,0.5212234701469648,0.7031510396230384,0.9999999985097704,0.9179995494480742,0.3839270606631414,0.22988801317786936,0.9999176805284408,6.400487387987023e-05,25000000000.0,False,,,
Benchmark_C,Ablation_C_RandomWingsGenealogy,25000,20260715,30,1073741824,25000,2.3283064365386963e-05,25272,264,5.479165300028399,0.22503509948728606,4562.738780644275,0.9180234330340791,True,1203,0.23012880003079772,0.9,0.89,0.173,0.0222,0.045526067377271065,0.057063392629311226,0.0819765669659186,0.9808944127638459,0.010879164510256624,0.005908793852128871,0.04181795692028815,39428.80621843016,272.3242032872155,False,,,
Benchmark_C,Ablation_C_RandomWingsGenealogy,25000,20260716,30,1073741824,25000,2.3283064365386963e-05,25272,264,5.655684299999848,0.28956530016148463,4420.331594534135,0.9180234570385953,True,1203,0.23434460000135005,0.9,0.89,0.173,0.0223,0.045526051319573775,0.05706337562244408,0.08197654296140366,0.9808944127638459,0.01087915839710384,0.005908788346376496,0.041817933227976334,39428.80724941628,272.3241961664707,False,,,
Benchmark_C,Ablation_C_RandomWingsGenealogy,25000,20260717,30,1073741824,25000,2.3283064365386963e-05,25272,264,5.410694800026249,0.09936470002867281,4620.478686005116,0.9180234328351867,True,1203,0.236088200006634,0.9,0.89,0.173,0.0222,0.0455260675324594,0.05706339278040295,0.08197656716481216,0.9808944127638459,0.010879164557444938,0.0059087939070066415,0.041817957116607664,39428.80620988779,272.3242033462153,False,,,
Benchmark_C,Ablation_C_RandomWingsGenealogy,25000,20260718,30,1073741824,25000,2.3283064365386963e-05,25272,264,5.491097799967974,0.08721309987595305,4552.823663083511,0.9180234348362643,True,1203,0.23696040001232177,0.9,0.89,0.173,0.0222,0.04552606609498611,0.057063391317279125,0.08197656516373486,0.9808944127638459,0.01087916427505253,0.005908793488565456,0.041817955141527884,39428.80629583342,272.3242027526119,False,,,
Benchmark_C,Ablation_C_RandomWingsGenealogy,25000,20260719,30,1073741824,25000,2.3283064365386963e-05,25272,264,5.3853267999948,0.15019489999394864,4642.2438096095,0.918023434522045,True,1203,0.2271086000255309,0.9,0.89,0.173,0.0222,0.04552606631151738,0.05706339155343823,0.08197656547795373,0.9808944127638459,0.01087916427343445,0.005908793513519334,0.04181795545172033,39428.806282337806,272.3242028458224,False,,,
Benchmark_C,Ablation_C_RandomWingsGenealogy,25000,20260720,30,1073741824,25000,2.3283064365386963e-05,25272,264,5.347111999988556,0.0866694996948354,4675.42104972806,0.9180235068250336,True,1203,0.23736430000280961,0.9,0.89,0.173,0.0223,0.04552602303409527,0.057063342920094164,0.08197649317496469,0.9808944127638459,0.010879138815968753,0.005908776922930579,0.04181788408898745,39428.809387727524,272.32418139772926,False,,,
Benchmark_C,Ablation_C_RandomWingsGenealogy,25000,20260721,30,1073741824,25000,2.3283064365386963e-05,25272,264,5.438361799984705,0.09255830018082634,4596.972566273599,0.9180234338059947,True,1203,0.23283200000878423,0.9,0.89,0.173,0.0222,0.04552606686941271,0.057063392075778756,0.08197656619400362,0.9808944127638459,0.010879164359174437,0.00590879370761343,0.04181795615841815,39428.80625158368,272.32420305823297,False,,,
Benchmark_C,Ablation_C_RandomWingsGenealogy,25000,20260722,30,1073741824,25000,2.3283064365386963e-05,25272,264,5.489832799998112,0.23258170008193702,4553.872751827451,0.9180451769917164,True,1203,0.2424561000079848,0.9,0.89,0.174,0.0223,0.045513021016353176,0.057047648856777065,0.08195482300828139,0.9804353000033668,0.010875909041757609,0.0059069664128164725,0.04179649624827524,39429.74011429954,272.3177532713684,False,,,
Benchmark_C,Ablation_C_RandomWingsGenealogy,25000,20260723,30,1073741824,25000,2.3283064365386963e-05,25272,264,5.41964590002317,0.10017920040991157,4612.847492470518,0.9186742423704827,True,1203,0.23060650000115857,0.9,0.9,0.174,0.0223,0.045178967767493236,0.056611736979058094,0.0813257576295161,0.9808944127638459,0.010713411077543537,0.0058541350349854745,0.041884478877019564,39456.758266588,272.13128274383473,False,,,
Benchmark_C,Ablation_C_RandomWingsGenealogy,25000,20260724,30,1073741824,25000,2.3283064365386963e-05,25272,264,5.426254399993923,0.09305139991920441,4607.22962049623,0.9180234327096408,True,1203,0.24045069998828694,0.9,0.89,0.173,0.0222,0.04552606762766027,0.05706339287404053,0.08197656729035707,0.9808944127638459,0.010879164590613862,0.005908793940393984,0.04181795724057054,39428.80620449564,272.3242033834574,False,,,
Benchmark_C,BFG,50000,20260715,30,1073741824,50000,4.6566128730773926e-05,51456,318,11.04128900001524,0.21733920014230534,4528.456777096495,0.9180236244216979,True,1203,0.23254070000257343,0.9,0.89,0.173,0.0225,0.04552593231970176,0.057063251687645505,0.08197637557830018,0.9871899636250054,0.010879126461804436,0.005908754200342923,0.04181776802172588,19714.407219232897,544.648293027286,False,,,
Benchmark_C,BFG,50000,20260716,30,1073741824,50000,4.6566128730773926e-05,51455,328,11.269503000017721,0.5310062994249165,4436.752889627996,0.9180263629413811,True,1203,0.22621170000638813,0.9,0.89,0.173,0.0224,0.04552420150162322,0.05706129933947932,0.08197363705861738,0.9808944127638459,0.010878955014130097,0.005908429491104697,0.04181506512528902,19714.46602849529,544.6466683135184,False,,,
Benchmark_C,BFG,50000,20260717,30,1073741824,50000,4.6566128730773926e-05,51444,308,11.13683019997552,0.2189582998980768,4489.607823966815,0.9180234899384668,True,1203,0.24163170001702383,0.9,0.89,0.173,0.0223,0.04552602775972529,0.057063351941194426,0.08197651006153239,0.9808944127638459,0.010879154136055717,0.00590878066660912,0.04181790075596384,19714.4043312275,544.6483728139832,False,,,
Benchmark_C,BFG,50000,20260718,30,1073741824,50000,4.6566128730773926e-05,51459,327,11.142746799974702,0.27030359936179593,4487.223922212207,0.918027803466286,True,1203,0.242484999995213,0.9,0.89,0.173,0.0224,0.04552343057901441,0.05706040731198356,0.08197219653371213,0.9808944127638459,0.01087862652105001,0.005908103433819413,0.041813643345493846,19714.49696353207,544.6458136802631,False,,,
Benchmark_C,BFG,50000,20260719,30,1073741824,50000,4.6566128730773926e-05,51441,314,11.142784800031222,0.24904220056487247,4487.208619505951,0.9180235976429394,True,1203,0.22881310002412647,0.9,0.89,0.173,0.0225,0.04552595577393578,0.05706327466577802,0.08197640235705883,0.9808944127638459,0.010879124023948476,0.005908756939416778,0.0418177944522143,19714.40664416344,544.6483089146826,False,,,
Benchmark_C,BFG,50000,20260720,30,1073741824,50000,4.6566128730773926e-05,51446,317,10.905039599980228,0.24944920022971928,4585.036078190001,0.9180243936759257,True,1203,0.2337407000013627,0.9,0.89,0.173,0.0228,0.045525453124591,0.05706270965674287,0.08197560632407264,0.9871899636250054,0.010878888176620914,0.005908606306411908,0.041817008772496445,19714.42373884165,544.6478366418075,False,,,
Benchmark_C,BFG,50000,20260721,30,1073741824,50000,4.6566128730773926e-05,51451,321,11.020830800000113,0.26399609964573756,4536.863046658832,0.9180236267460633,True,1203,0.22946439997758716,0.9,0.89,0.173,0.0223,0.04552593336588155,0.0570632503410484,0.08197637325393548,0.9808944127638459,0.010879131014504235,0.005908758176033361,0.0418177657275451,19714.407269148265,544.6482916482782,False,,,
Benchmark_C,BFG,50000,20260722,30,1073741824,50000,4.6566128730773926e-05,51445,327,11.018131099990569,0.24245940014952794,4537.9746842949435,0.9180236078593136,True,1203,0.23312910000095144,0.9,0.89,0.173,0.0223,0.04552595433543088,0.057063271506500986,0.08197639214068508,0.9808944127638459,0.010879139157876567,0.005908759193620215,0.04181778436864833,19714.4068635584,544.6483028534759,False,,,
Benchmark_C,BFG,50000,20260723,30,1073741824,50000,4.6566128730773926e-05,51449,318,11.021329900017008,0.3248522001085803,4536.657595189383,0.9180238200440991,True,1203,0.23015270003816113,0.9,0.89,0.173,0.0225,0.045525803070008905,0.05706310847678879,0.08197617995589956,0.9808944127638459,0.0108791008379448,0.005908726165828834,0.04181757494350929,19714.411420191973,544.6481769677627,False,,,
Benchmark_C,BFG,50000,20260724,30,1073741824,50000,4.6566128730773926e-05,51449,319,11.232834700029343,0.4412208996945992,4451.236160349567,0.9180247764415609,True,1203,0.23735100001795217,0.9,0.89,0.173,0.0238,0.045525171951274326,0.05706241583892307,0.08197522355843712,0.9808944127638459,0.010878941894997359,0.005908573635787275,0.041816630985638294,19714.431958671077,544.6476095537371,False,,,
Benchmark_C,Baseline_Random,50000,20260715,30,1073741824,50000,4.6566128730773926e-05,50000,0,9.919006499985699,0.10881459998199716,5040.827425616879,1.4680924472219517e-10,False,-1,-1.0,0.0,0.0,0.0,0.0,0.5212234711808158,0.7031510406117447,0.9999999998531908,0.7826027869521557,0.47077243501367233,0.2507103448475825,0.8929051845555771,3.1527045241614443e-06,50000000000.0,False,,,
Benchmark_C,Baseline_Random,50000,20260716,30,1073741824,50000,4.6566128730773926e-05,50000,0,9.918276300013531,0.2069593999767676,5041.198539703092,1.371350113083091e-09,False,-1,-1.0,0.0,0.0,0.0,0.0,0.5212234702769626,0.7031510397166161,0.9999999986286499,0.8632811568458661,0.4225954194765743,0.21771440432638461,0.9713578849269614,2.944951943528889e-05,50000000000.0,False,,,
Benchmark_C,Baseline_Random,50000,20260717,30,1073741824,50000,4.6566128730773926e-05,50000,0,9.981268299976364,0.33445510000456125,5009.383426765355,7.70801661159972e-10,False,-1,-1.0,0.0,0.0,0.0,0.0,0.5212234707016673,0.7031510401408005,0.9999999992291984,0.8463319194732379,0.44890625033492754,0.22675258078903643,0.9902271251958509,1.6552839631922766e-05,50000000000.0,False,,,
Benchmark_C,Baseline_Random,50000,20260718,30,1073741824,50000,4.6566128730773926e-05,50000,0,9.967139400017913,0.20735330000752583,5016.484468945036,8.488622830985325e-07,False,-1,-1.0,0.0,0.0,0.0,0.0002,0.5212229053565102,0.703150429203043,0.9999991511377169,0.8537550910000913,0.3435002246637288,0.17085961552876305,0.9994046808448592,0.018229178723580455,589023696.7236793,False,,,
Benchmark_C,Baseline_Random,50000,20260719,30,1073741824,50000,4.6566128730773926e-05,50000,0,10.176268699986394,0.28067700000246987,4913.392273148885,2.6547872380967007e-05,False,-1,-1.0,0.0,0.0,0.001,0.0001,0.5212075418659923,0.7031320755174602,0.999973452127619,0.883407284916739,0.2995940704556918,0.11653457789075192,0.9760232249688344,0.5701112182731748,18833900.993077904,False,,,
Benchmark_C,Baseline_Random,50000,20260720,30,1073741824,50000,4.6566128730773926e-05,50000,0,10.119191500009038,0.1269754000240937,4941.1062138665275,2.6303424105430277e-08,False,-1,-1.0,0.0,0.0,0.0,0.0001,0.5212234535517649,0.7031510227274511,0.9999999736965759,0.8946937434431373,0.42847951816368407,0.22244161330222692,0.9993963004785001,0.0005648617315282055,19008931992.879826,False,,,
Benchmark_C,Baseline_Random,50000,20260721,30,1073741824,50000,4.6566128730773926e-05,50000,0,10.13890259998152,0.13015819998690858,4931.500180314498,2.395485744098182e-09,False,-1,-1.0,0.0,0.0,0.0,0.0,0.5212234695098215,0.703151038966576,0.9999999976045143,0.8499477567793985,0.457523838459212,0.23623262009965337,0.9997589631455297,5.1442664644679584e-05,50000000000.0,False,,,
Benchmark_C,Baseline_Random,50000,20260722,30,1073741824,50000,4.6566128730773926e-05,50000,0,9.970380800019484,0.20698119996814057,5014.853595150778,0.00010447575307005637,False,-1,-1.0,0.0,0.0,0.001,0.0001,0.5211607857127853,0.7030764045742525,0.99989552424693,0.8779446335158027,0.2996123153751108,0.11656860782342003,0.9760982038334504,2.2435997133043184,4785799.434867191,False,,,
Benchmark_C,Baseline_Random,50000,20260723,30,1073741824,50000,4.6566128730773926e-05,50000,0,10.058675200038124,0.2006184000056237,4970.833534798946,1.490848328423497e-08,False,-1,-1.0,0.0,0.0,0.0,0.0,0.5212234608298104,0.7031510299071052,0.9999999850915167,0.8791004450603193,0.41994235812049413,0.20310450673391245,0.9998959102953393,0.00032015724069375936,33537952216.01964,False,,,
Benchmark_C,Baseline_Random,50000,20260724,30,1073741824,50000,4.6566128730773926e-05,50000,0,10.384316999989096,0.29468479997012764,4814.95316447413,1.6319663535267882e-07,False,-1,-1.0,0.0,0.0,0.0,0.0001,0.5212233624427896,0.7031509234092805,0.9999998368033647,0.8729443568371257,0.38621617442834666,0.17560288433244614,0.9993149367204831,0.003504621058284965,3063788655.442967,False,,,
Benchmark_C,Baseline_Greedy,50000,20260715,30,1073741824,50000,4.6566128730773926e-05,109511,59511,20.1654678999912,0.05722769955173135,2479.486231014844,0.8047202636316557,True,10310,1.8672506000148132,0.8,0.31,0.064,0.0097,0.10640696640922813,0.1355779203685292,0.1952797363683444,0.9717121575542615,0.025473769529776424,0.013407502103716194,0.0898593400528191,17281.2360736323,621.3339250878673,False,,,
Benchmark_C,Baseline_Greedy,50000,20260716,30,1073741824,50000,4.6566128730773926e-05,109539,59539,22.899912299995776,0.0631455005495809,2183.414475347542,0.8151074639402305,True,10283,2.0756298000342213,0.9,0.38,0.066,0.0105,0.10224111581599461,0.12958853601093895,0.1848925360597694,0.9621812398398306,0.024042807763383477,0.012301801529208995,0.1135318166476893,17504.299501743946,613.4160489501586,False,,,
Benchmark_C,Baseline_Greedy,50000,20260717,30,1073741824,50000,4.6566128730773926e-05,109567,59567,20.417228000005707,0.05748759937705472,2448.9122617421926,0.7978491437345457,True,10254,2.009266899956856,0.8,0.31,0.054,0.0087,0.11037657879774902,0.1404639810050624,0.2021508562654547,0.9723638666666818,0.025761971763274126,0.013786369882112478,0.09806355927565823,17133.679897407386,626.6848863929548,False,,,
Benchmark_C,Baseline_Greedy,50000,20260718,30,1073741824,50000,4.6566128730773926e-05,109653,59653,23.00314280000748,0.05869469919707626,2173.616033022398,0.800430239811518,True,10198,2.2928983999881893,0.8,0.3,0.051,0.0086,0.10892887736808182,0.13863933877471232,0.19956976018848216,0.9626439381999362,0.025776275965477876,0.013637844157639538,0.09499658279670202,17189.108513599534,624.6640558179536,False,,,
Benchmark_C,Baseline_Greedy,50000,20260719,30,1073741824,50000,4.6566128730773926e-05,109541,59541,20.821115099999588,0.1011998996254988,2401.408366452044,0.7980943750353283,True,10282,2.059096099983435,0.8,0.31,0.054,0.0091,0.1102330431724152,0.14030389428407863,0.2019056249646719,0.9773345920270256,0.025904959489595238,0.013768144515492482,0.09776786315169445,17138.94619949147,626.4923242666221,False,,,
Benchmark_C,Baseline_Greedy,50000,20260720,30,1073741824,50000,4.6566128730773926e-05,109568,59568,18.895111199992243,0.05987439979799092,2646.1871259069662,0.7977384433806658,True,10254,2.004433900001459,0.8,0.31,0.054,0.0088,0.11044207891997955,0.14054293555261266,0.20226155661933454,0.9798909620455231,0.02577766349504006,0.013791298040862458,0.09819703447467153,17131.302625409535,626.7718500328176,False,,,
Benchmark_C,Baseline_Greedy,50000,20260721,30,1073741824,50000,4.6566128730773926e-05,109653,59653,17.902728999964893,0.0485245994059369,2792.87029369087,0.8001694396848645,True,10198,1.9720355999888852,0.8,0.32,0.06,0.0097,0.1090993940730271,0.13886550225277183,0.19983056031513569,0.9707939320333031,0.02550082290297908,0.013685852652328237,0.09713996906854687,17183.50787352569,624.8676532771833,False,,,
Benchmark_C,Baseline_Greedy,50000,20260722,30,1073741824,50000,4.6566128730773926e-05,109654,59654,19.026072499982547,0.037069099955260754,2627.9727463482473,0.8012692867405069,True,10198,1.972526099998504,0.8,0.31,0.053,0.009,0.10843346312484219,0.13803998549576776,0.19873071325949332,0.9712530447937825,0.02570904290840563,0.013593886726127928,0.09396740762829228,17207.126909198618,624.0099405706115,False,,,
Benchmark_C,Baseline_Greedy,50000,20260723,30,1073741824,50000,4.6566128730773926e-05,109711,59711,18.266662600042764,0.05063559877453372,2737.2268867484827,0.7999620564206367,True,10170,1.973265100037679,0.8,0.32,0.056,0.0092,0.10922320551691675,0.13899223516843826,0.20003794357936344,0.9654201283605705,0.025298384048149304,0.01369985110624959,0.09738920536334567,17179.054351837705,625.0296448274162,False,,,
Benchmark_C,Baseline_Greedy,50000,20260724,30,1073741824,50000,4.6566128730773926e-05,109712,59712,18.821144499990623,0.05648170009953901,2656.5865853707733,0.08365157149369742,False,-1,-1.0,0.2,0.17,0.041,0.0071,0.47782224647886334,0.6467377463854075,0.9163484285063025,0.966345525080782,0.20937605902051842,0.0640987656992824,0.13873311685281445,1796.4038191221816,5977.174021622194,False,,,
Benchmark_C,Ablation_A_RandomOnly,50000,20260715,30,1073741824,48282,4.4966116547584534e-05,48282,0,10.601376899983734,0.315208800137043,4554.314072172463,1.329692862896669e-08,False,-1,-1.0,0.0,0.0,0.0,0.0,0.5212234618105599,0.7031510311549881,0.9999999867030713,0.8544717278666369,0.3566721660422642,0.19443092653719526,0.9999052136237374,0.0002957099622978442,36310640860.94295,False,,,
Benchmark_C,Ablation_A_RandomOnly,50000,20260716,30,1073741824,48282,4.4966116547584534e-05,48282,0,10.629408000037074,0.30512770009227097,4542.303767042492,4.000970175096831e-08,False,-1,-1.0,0.0,0.0,0.0,0.0001,0.5212234433119043,0.7031510121473667,0.9999999599902982,0.8963730569948188,0.3384948717514833,0.18894780838881792,0.9993237749290589,0.0008897744529178723,12067573085.278368,False,,,
Benchmark_C,Ablation_A_RandomOnly,50000,20260717,30,1073741824,48282,4.4966116547584534e-05,48282,0,10.654130700044334,0.3163236999535002,4531.763440803208,3.24507859224635e-08,False,-1,-1.0,0.0,0.0,0.0,0.0,0.5212234482491149,0.7031510172218793,0.999999967549214,0.937373282270782,0.3523613648561583,0.18959685353403105,0.9993236341728625,0.0007216719702294744,14878530250.503922,False,,,
Benchmark_C,Ablation_A_RandomOnly,50000,20260718,30,1073741824,48282,4.4966116547584534e-05,48282,0,10.572810100042261,0.3073452999233268,4566.619426921043,2.857476914436302e-09,False,-1,-1.0,0.0,0.0,0.0,0.0,0.5212234691498475,0.7031510386726813,0.9999999971425231,0.9004280243298042,0.3611825887081776,0.23823804681878283,0.9993219868782184,6.354733594599907e-05,48282000000.0,False,,,
Benchmark_C,Ablation_A_RandomOnly,50000,20260719,30,1073741824,48282,4.4966116547584534e-05,48282,0,10.615458400046919,0.3304141000844538,4548.272734014633,2.4073815125380697e-08,False,-1,-1.0,0.0,0.0,0.0,0.0,0.5212234543300572,0.7031510233417568,0.9999999759261848,0.9116918224825414,0.33290165171156044,0.18790950608135398,0.9996416751776153,0.0005353767897635777,20055815726.979206,False,,,
Benchmark_C,Ablation_A_RandomOnly,50000,20260720,30,1073741824,48282,4.4966116547584534e-05,48282,0,10.738295099989045,0.3139079000102356,4496.24447367341,7.197703153542601e-09,False,-1,-1.0,0.0,0.0,0.0,0.0,0.5212234660943058,0.7031510355456252,0.9999999928022969,0.8806037395809869,0.3032792971686827,0.20357739469265043,0.9993132314444519,0.00016006948578549737,48282000000.0,False,,,
Benchmark_C,Ablation_A_RandomOnly,50000,20260721,30,1073741824,48282,4.4966116547584534e-05,48282,0,10.541361600044183,0.3166449998388998,4580.243220173534,1.6689769442351126e-09,False,-1,-1.0,0.0,0.0,0.0,0.0,0.5212234699769966,0.7031510395024977,0.999999998331023,0.941878801531877,0.3793380593762653,0.25986881978233284,0.9994662087232125,3.711632385396123e-05,48282000000.0,False,,,
Benchmark_C,Ablation_A_RandomOnly,50000,20260722,30,1073741824,48282,4.4966116547584534e-05,48282,0,10.832371299969964,0.3116622999077663,4457.195812714976,7.540835923260647e-09,False,-1,-1.0,0.0,0.0,0.0,0.0,0.5212234657419601,0.7031510352890866,0.999999992459164,0.8897653721423616,0.3549544692655138,0.21827431612067308,0.9999114362080862,0.00016770040426508038,48282000000.0,False,,,
Benchmark_C,Ablation_A_RandomOnly,50000,20260723,30,1073741824,48282,4.4966116547584534e-05,48282,0,10.568793499958701,0.30639270006213337,4568.3549404374935,3.501939894746139e-08,False,-1,-1.0,0.0,0.0,0.0,0.0001,0.5212234466355784,0.7031510153677359,0.9999999649806011,0.8963730569948188,0.4030005016839764,0.19019524365333282,0.9999177437342678,0.000778795271555256,13787215500.881702,False,,,
Benchmark_C,Ablation_A_RandomOnly,50000,20260724,30,1073741824,48282,4.4966116547584534e-05,48282,0,10.607783500046935,0.3118705997476354,4551.563481644056,5.694943629104196e-07,False,-1,-1.0,0.0,0.0,0.0,0.0001,0.5212230912845223,0.7031506308381512,0.9999994305056371,0.8897219671471663,0.38472356073821345,0.17417237331568217,0.9993236526354284,0.012664966571168383,847804704.3916863,False,,,
Benchmark_C,Ablation_B_RandomWings,50000,20260715,30,1073741824,50000,4.6566128730773926e-05,50002,0,10.994058100041002,0.28647889994317666,4547.911203035531,8.424683222767958e-08,False,-1,-1.0,0.0,0.0,0.0,0.0001,0.5212234173425772,0.7031509838299579,0.9999999157531678,0.9107907186303225,0.4020551346810498,0.18612059650637156,0.9957760952813086,0.001809186946047413,5934941252.731439,False,,,
Benchmark_C,Ablation_B_RandomWings,50000,20260716,30,1073741824,50000,4.6566128730773926e-05,50002,0,11.03287450002972,0.2849615002050996,4531.910518864808,5.767921209574372e-09,False,-1,-1.0,0.0,0.0,0.0,0.0,0.5212234670827776,0.7031510365861184,0.9999999942320787,0.861230006758279,0.34257647867556057,0.21027308699497665,0.9957656964368231,0.00012386516480513346,50000000000.0,False,,,
Benchmark_C,Ablation_B_RandomWings,50000,20260717,30,1073741824,50000,4.6566128730773926e-05,50002,0,10.925009099999443,0.30686390009941533,4576.655226767963,1.3514867207775518e-09,False,-1,-1.0,0.0,0.0,0.0,0.0,0.521223470212254,0.7031510397163272,0.9999999986485133,0.9517909439062855,0.38876857522213626,0.2589735421854448,0.9957759153739443,2.9022956333589343e-05,50000000000.0,False,,,
Benchmark_C,Ablation_B_RandomWings,50000,20260718,30,1073741824,50000,4.6566128730773926e-05,50002,0,11.009163099981379,0.29732139996485785,4541.6712919880865,3.480990963974841e-09,False,-1,-1.0,0.0,0.0,0.0,0.0,0.5212234686476829,0.7031510381772558,0.9999999965190091,0.9279116918224829,0.3928811190307673,0.23098818754970124,0.9999057300989104,7.475371173971729e-05,50000000000.0,False,,,
Benchmark_C,Ablation_B_RandomWings,50000,20260719,30,1073741824,50000,4.6566128730773926e-05,50002,0,10.90990209998563,0.30018060002475977,4582.9925458328225,3.9612510078602594e-08,False,-1,-1.0,0.0,0.0,0.0,0.0001,0.5212234448710343,0.7031510126105339,0.99999996038749,0.8688893895021403,0.37476136078927014,0.1637739405423177,0.9650846046728528,0.0008506721765003427,12622275109.753368,False,,,
Benchmark_C,Ablation_B_RandomWings,50000,20260720,30,1073741824,50000,4.6566128730773926e-05,50002,0,10.89813560002949,0.2866577997338027,4587.94071160802,3.3764392918700667e-09,False,-1,-1.0,0.0,0.0,0.0,0.0,0.5212234687457119,0.7031510382850594,0.9999999966235608,0.8815048434332058,0.3352337782238923,0.23328289657381088,0.9998352910930765,7.250848167755668e-05,50000000000.0,False,,,
Benchmark_C,Ablation_B_RandomWings,50000,20260721,30,1073741824,50000,4.6566128730773926e-05,50002,0,10.939159100002144,0.43760369991650805,4570.735240516815,7.64081121911826e-09,False,-1,-1.0,0.0,0.0,0.0,0.0,0.5212234657397563,0.7031510351780724,0.9999999923591888,0.9053840955170086,0.3553776064943483,0.20204382727711906,0.9999149394270362,0.00016408517150511408,50000000000.0,False,,,
Benchmark_C,Ablation_B_RandomWings,50000,20260722,30,1073741824,50000,4.6566128730773926e-05,50002,0,11.017133300018031,0.28881480009295046,4538.385679686581,1.757493693974318e-08,False,-1,-1.0,0.0,0.0,0.0,0.0,0.5212234593519308,0.7031510289339186,0.999999982425063,0.9161973417436361,0.37746791901746973,0.23027490289244656,0.9957724789879442,0.00037741889692729646,28449604212.765182,False,,,
Benchmark_C,Ablation_B_RandomWings,50000,20260723,30,1073741824,50000,4.6566128730773926e-05,50002,0,10.962828400020953,0.2815754999755882,4560.866792360303,1.3284798327115687e-08,False,-1,-1.0,0.0,0.0,0.0,0.0,0.5212234616161006,0.7031510311035426,0.9999999867152016,0.9031313358864612,0.3293235429247583,0.2051710460712518,0.9998911773753674,0.0002852888717445869,37637003414.60561,False,,,
Benchmark_C,Ablation_B_RandomWings,50000,20260724,30,1073741824,50000,4.6566128730773926e-05,50002,0,10.850608700013254,0.2807578000356443,4608.036413656584,8.656939935558293e-08,False,-1,-1.0,0.0,0.0,0.0,0.0001,0.5212234138042781,0.7031509795643404,0.9999999134306007,0.9225050687091689,0.3465194634842194,0.16817888091157615,0.9951818898520775,0.0018590636953329607,5775712939.236821,False,,,
Benchmark_C,Ablation_C_RandomWingsGenealogy,50000,20260715,30,1073741824,50000,4.6566128730773926e-05,50268,264,10.898979099991266,0.28631709999172017,4587.585639102664,0.9180234339022552,True,1203,0.2313661999651231,0.9,0.89,0.173,0.0222,0.04552606671124391,0.057063391978812425,0.08197656609774362,0.9808944127638459,0.010879164324346527,0.005908793623445591,0.041817956063424463,19714.40312785902,544.6484060593561,False,,,
Benchmark_C,Ablation_C_RandomWingsGenealogy,50000,20260716,30,1073741824,50000,4.6566128730773926e-05,50268,264,10.878729299991392,0.29052659997250885,4596.125027216144,0.9180271044897156,True,1203,0.23178039997583255,0.9,0.89,0.173,0.0223,0.045523864296645865,0.05706089933290549,0.08197289551028308,0.9808944127638459,0.010878757409047762,0.005908218558441451,0.041814333225928556,19714.481953124516,544.6462283680878,False,,,
Benchmark_C,Ablation_C_RandomWingsGenealogy,50000,20260717,30,1073741824,50000,4.6566128730773926e-05,50268,264,10.641628199955449,0.27058239973848686,4698.529121719299,0.9180234610491381,True,1203,0.22242359997471794,0.9,0.89,0.173,0.0223,0.04552604859460816,0.05706337317488313,0.08197653895086199,0.9871899636250054,0.010879160249262406,0.005908787403602068,0.041817929269555354,19714.40371083389,544.6483899535516,False,,,
Benchmark_C,Ablation_C_RandomWingsGenealogy,50000,20260718,30,1073741824,50000,4.6566128730773926e-05,50268,264,10.936122499988414,0.2767800998990424,4572.004382728245,0.9180234476786182,True,1203,0.2313962999614887,0.9,0.89,0.173,0.0222,0.04552605700384339,0.05706338175931589,0.08197655232138046,0.9808944127638459,0.010879160902106125,0.005908790695777852,0.04181794246626733,19714.403423704163,544.6483978860637,False,,,
Benchmark_C,Ablation_C_RandomWingsGenealogy,50000,20260719,30,1073741824,50000,4.6566128730773926e-05,50268,264,10.969861900026444,0.2828882999601774,4557.942520669241,0.9180234341876459,True,1203,0.22464600001694635,0.9,0.89,0.173,0.0222,0.04552606651761301,0.05706339177508955,0.08197656581235269,0.9808944127638459,0.010879164248785824,0.005908793559334579,0.041817955781767786,19714.403133987737,544.6484058900385,False,,,
Benchmark_C,Ablation_C_RandomWingsGenealogy,50000,20260720,30,1073741824,50000,4.6566128730773926e-05,50268,264,10.77700260002166,0.27160079998429865,4639.508948425001,0.9180234894734677,True,1203,0.2370014000334777,0.9,0.89,0.173,0.0223,0.04552602780507941,0.057063350355365604,0.08197651052653232,0.9808944127638459,0.01087915218699276,0.005908782893960342,0.0418179012149428,19714.40432124172,544.6483730898595,False,,,
Benchmark_C,Ablation_C_RandomWingsGenealogy,50000,20260721,30,1073741824,50000,4.6566128730773926e-05,50268,264,10.948205899971072,0.29692120011895895,4566.958317812795,0.9180240476159637,True,1203,0.22631180001189932,0.9,0.89,0.173,0.0224,0.04552571176629739,0.05706298135845978,0.0819759523840361,0.9808944127638459,0.010879126865248997,0.005908716896004151,0.04181735033140389,19714.416307260555,544.6480419532154,False,,,
Benchmark_C,Ablation_C_RandomWingsGenealogy,50000,20260722,30,1073741824,50000,4.6566128730773926e-05,50268,264,11.001404000038747,0.29494020011043176,4544.87445419002,0.9180234515589698,True,1203,0.22971300000790507,0.9,0.89,0.173,0.0222,0.04552605409955641,0.05706337896119997,0.08197654844102975,0.9808944127638459,0.010879161012552768,0.005908789824510093,0.0418179386363704,19714.403507034076,544.6483955839141,False,,,
Benchmark_C,Ablation_C_RandomWingsGenealogy,50000,20260723,30,1073741824,50000,4.6566128730773926e-05,50268,264,10.754845299990848,0.2773348995251581,4649.067337123161,0.9180244394468403,True,1203,0.22921690001385286,0.9,0.89,0.173,0.0224,0.04552545558148049,0.05706267492738691,0.08197556055315858,0.9808944127638459,0.010878862175225058,0.0059086358772693,0.041816963596928866,19714.424721764557,544.6478094867248,False,,,
Benchmark_C,Ablation_C_RandomWingsGenealogy,50000,20260724,30,1073741824,50000,4.6566128730773926e-05,50268,264,10.960373700014316,0.27974539989372715,4561.888250209452,0.9180234378928769,True,1203,0.23461340001085773,0.9,0.89,0.173,0.0222,0.04552606406556046,0.05706338920551922,0.08197656210712301,0.9808944127638459,0.010879163745013135,0.005908792791754865,0.041817952630473616,19714.403213556965,544.6484036917851,False,,,
