individual_id,period,y,x1,x2,x3,x4,x5,x6,x7,x8,w1,w2
1,1,5.9949312195910816,2.1701427354462086,-1.0118440127334583,-0.38578759378971411,0.55383472898307895,-0.15312885286025932,-0.80761231977219938,0.08112708888195895,1.4761248319471869,0.85954697134297098,-0.071925759602866679
1,2,1.2002687201106117,-0.85998903207009281,-1.0464385260216513,1.2996530972344231,0.24803973366074114,-0.96614778838219684,-1.1677300212893742,1.6949993774297645,0.065318235744612554,-0.89102562834261778,0.31053396495297453
1,3,0.99671057817869158,-0.30168476479060002,-1.6267735650567599,-0.024994750738640714,-2.7152775262374953,0.908154716774214,-0.96198302251850887,1.5856435429771067,-0.83830894750166995,-0.31815703897806868,-0.25186885598802089
1,4,-1.2933624442919465,0.077998234724711582,-0.44758186841249192,-0.83178806401819849,-0.54737228563306273,0.051057980147388105,0.56996401951979936,-1.0105033738858371,-0.4221736479278258,-0.82199525988545796,0.76891530490977067
1,5,3.7658258833768983,1.460228860082055,-2.5302547658176455,-0.13821468984318527,-2.0064917385789789,-0.14236840842022705,0.60102057753452476,-0.80520595316706878,0.056436097557624056,-1.8497472888536048,-0.72892877811774837
1,6,-4.5848193468937231,-0.93064124448483421,-1.001739545049795,-2.5003629864127355,-0.78885204776221163,0.078478715751265346,-1.4463621036411953,0.38115580346967737,-2.0166575183228468,-0.879491574585341,1.2892398139125101
1,7,1.3377130968840683,-0.47342879837442242,-0.52395105465214264,-0.75877789275803187,-0.7542457151530324,1.1415773062116845,-1.5347931268977306,-0.97529727008603739,1.2249497671126814,-0.56972613278421524,-1.9386208689093214
1,8,0.98868345709216365,0.53069226604175568,-0.80721590626860451,0.56948086705881462,-0.91612592321962349,-0.37151950972695486,0.20951990348166333,-1.8008522955315962,-0.86693833277715249,-1.324042536337112,-2.8170980549544367
1,9,1.6866737929472724,0.61776645311775724,-0.72452001715673697,-0.72494179966793548,0.17789114567061343,-0.033738936777764135,-0.85336185074525628,-0.60949776053515081,0.50098511849363803,2.2068254727720218,0.15089339231825394
1,10,2.2030486815463766,0.54795868761605626,-1.9244921266280608,-0.48357611469529649,0.11295685272701136,-1.3410360426741355,-0.53268915973289699,0.82136974198604495,1.4983615264421479,1.3471197943553876,0.579490193358842
2,1,0.80395159941817318,0.8141881284955661,0.41327326492690541,-0.29706717131811744,-0.076117363417558481,-0.71511395663748478,-2.2040173940794996,0.57863176291725982,-0.77303386779126049,-0.62492304760256956,0.60221113448886088
2,2,0.12469132761310053,-0.67571320594953188,-0.27553233259047516,0.23196519705112123,-0.44433228348127124,1.4874825187484568,-1.3246641889399666,-0.31208644587331502,1.376599639407436,0.18594504915686946,-0.77695477483573805
2,3,-0.34913243280656703,-0.060504153079307038,1.0957632285459962,-0.44178938586332112,0.42735229341013131,0.18048805508134919,1.0204912660162213,-0.31384308281106948,-0.66295137788620262,1.1213957068928577,1.4661010798663439
2,4,-3.8769042293108895,-1.1887670983577887,-1.52610081459625,0.28074781841575824,-1.6094023894043135,-1.4550063432087639,-0.75253521345519025,-1.197186799526311,1.3483051659451424,-1.5273076159122696,0.43523647355396028
2,5,0.45824662812582528,0.32204680963808718,-1.2241238005908017,0.096800552229835274,-1.7582375459177093,0.61228240080346863,-0.6159219244517794,1.9798083756863212,0.06770561299892168,-1.033726368210647,-0.34599752449828641
2,6,0.34131172758190964,0.87686351680069563,-1.1767814544251145,-1.3556181532068439,-1.8038512495037686,0.85257228859657586,-0.057964954326055085,0.8719712410934265,-0.94476903462435358,-0.085128191287118682,-0.2455490053299676
2,7,-0.78622117416592863,-0.83754509872327387,-0.85135566824306697,0.13303535890486209,0.56026432698900308,0.99009370139748976,0.153414251318718,0.18218348307771792,-0.29256342409937747,1.5955541057718208,-0.027650112071141028
2,8,5.247311753937594,1.3831129143553529,-1.9580151644120478,1.0049526947519716,-1.0082100651222956,0.093012290526212585,-0.73422323254173094,0.081893756047600949,0.70106677054710353,0.684002791703472,-0.7376940182490912
2,9,-4.2352418265254572,-0.3156542390888093,1.4783232153045296,-1.0986590447338054,-0.41029783383616159,-1.2023508628333752,0.88588116418232421,0.27680632875049377,0.34081490563410299,-0.49324697440129933,-0.26852031297305051
2,10,3.3881521227564573,1.8533113916667792,0.16477301228260754,-0.40149213458914812,1.0112781015796393,-0.36156180258621101,1.8120998806372135,1.4582045238639416,0.48565789425148492,-0.88204620277275536,-1.3313936876041383
3,1,-2.6095153024611166,-0.23823956096584248,1.0560578055490377,-0.32574902004635398,-1.379992498084359,-0.55849044204144682,0.54528265773575224,-0.055463541050521509,1.3030073288420936,0.65782514586107843,-0.49258783106394055
3,2,0.42339150791933161,-0.14324219608567898,0.24189938614245457,-0.99115665972160416,-0.062397003554657014,0.33159955977702221,0.17593018874216537,-0.024948836147412803,-0.88162492937095427,0.50448771844393669,-0.08276759972839165
3,3,0.076460069692926957,0.66488382533585866,0.89275986180964273,0.27267271578809288,-0.048889670954925794,0.76876781664805049,-0.030844485753795881,0.94137335119496224,0.16342574700519039,-0.094858520555624576,-1.1522195988920463
3,4,-0.18032707881250598,0.43365453697795064,-0.33703776711817862,-1.0547487195608587,0.49782644616415828,1.9994612268121899,1.0082038594738487,-0.39912162596420597,-0.22040509725205837,-0.070937651212730823,-0.75241573560428898
3,5,-0.1470062812017281,-0.31944783066666743,-0.74461857392673669,-0.79867794773678413,0.50508546837447998,0.8828503966247464,-0.23385672898204732,-0.66158358163019992,-1.222469605551449,1.1923919117825643,-0.51983509552056717
3,6,3.2000324869351688,0.22935147237994616,-1.0421106790765648,-1.4424938516351791,0.87233378383383975,0.23752958575180452,1.371116716668314,0.41050200222193367,0.89670611007032119,0.092606342289408575,0.079798561326053938
3,7,-0.87137808352352553,0.66003713970039102,0.12849598141473437,-0.73465089175596066,0.081543474908633187,0.36259671044469777,-0.88418631110158097,0.35143819962209499,-2.0551602034687173,-1.4108145996388637,-0.8050903425233551
3,8,3.7777374742406713,0.36583318718296837,-0.44841028211871631,0.073678003670536535,0.51011545671153047,0.38397650708652264,-0.67571123448025405,-1.0018350812881256,-0.34287700116156189,1.2417941749138071,-0.21792627182604879
3,9,1.7260814246880511,0.80344669497665311,0.060887683555721217,-0.34655417864178112,1.3919733218468731,-1.389562865245753,1.1637627819833629,-1.9680914450677822,-0.4718717757331774,1.4288198552329185,-0.38884607835947094
3,10,4.1161768626823996,1.304831813325106,-1.2188020954527268,0.6126887951973381,-0.53673890099541266,0.65302245038088069,0.3724200268663887,0.48409817635447999,0.54029242320871596,1.490886840993505,0.6009780353954588
4,1,-3.0967866426645831,0.037060269479582943,-0.64171410168258558,-1.0793214064215138,-1.0772965258771174,-0.98029583006881804,0.60163827718703322,-1.387437747759235,0.93818562078257994,0.14978404637750231,1.7069302973702893
4,2,-0.58492132416591347,-0.88116885416489776,-0.55511713137087471,0.88080542922554061,-0.57677047393414738,-0.096368185073214596,-0.47795262449352716,0.50857393472369339,0.24684926238340141,0.47854033147354819,-0.38075182910808736
4,3,1.6548233689092129,1.4065654442068787,-0.51473715969274914,-0.69242201498379907,-1.668949949673175,1.270901534069597,1.9038685170856002,-0.21604269898360251,0.41446156528670819,0.87405140830872852,-0.56008365216771694
4,4,4.1525059495526877,0.76074562474492158,0.3967211221125313,1.234831641816275,1.2114286075677936,1.82155195521263,-0.12875048819913126,0.16304130438463504,-0.58011867853942323,0.26907826356510617,-0.74879229158575022
4,5,-6.6946307082158558,-1.2278127493942204,0.30267911953833998,-0.072492897462413067,-1.4356904349296258,-0.4414088502412602,-0.24458951010130478,-0.19971060534781063,-1.1926919845070443,-0.65738977257893905,1.0769567195518692
4,6,-4.771087223388502,-0.10968864049834463,-0.340503695673889,-0.63209011643746205,-0.28883020349965199,1.0274946464322905,0.66078777084599549,0.27428934084263795,-0.31159058898673386,-1.4715073469347941,1.5109802408501147
4,7,-2.8671878665733672,-1.1926469937026474,-0.17805163391315051,-0.15218516844169347,0.63854949347095602,0.77554052941706231,0.80920476625277371,0.19225794448772449,0.76021250093445081,0.96285003350976384,0.16141018956374031
4,8,0.15725943115442864,-0.1455747984508062,-1.5910562700005368,-0.53174425861245023,-2.3134340625184144,-1.2907021711368525,-0.22834624375694598,0.92983431754259283,-1.3555526205970136,0.64992078695048083,-1.1000007419004898
4,9,-0.14242319303532486,-0.18220968199085125,-1.1266863159217682,-0.37620387231806579,0.42412180517752029,-0.33974536329492006,-0.41573074327577897,2.3628508878956764,-0.50930497661247554,0.24612997779873264,-1.2229145014950877
4,10,1.9103290730039708,2.3046240481916334,0.74312238279057929,-0.44396061417975052,-0.064300352453628459,0.27760579084352105,0.96389615910831505,0.15593683157607513,-0.34645210929363363,0.5763232145074122,-0.38036125938435067
5,1,-2.5687350544377079,-0.68469387512637536,0.051296928796452965,-0.95133536216907699,0.042239450804660399,-0.0080420882580345202,0.49730317734916168,1.0837240663096164,1.3864850847717165,0.29302272779980398,1.042464799502147
5,2,0.73353934107470753,1.708161787350605,0.83105923912286095,0.4435825423957816,0.9311379362509582,0.33556641743754012,-0.58080645091430505,0.42402984945754585,1.1914871431113432,-1.432400787342339,0.27986421953579288
5,3,-1.6495043273553411,-1.1276095471615024,0.31794586648527362,-0.83760048867880776,0.11110022216775896,-1.2361916937384485,-0.65649691018094136,0.43220973813888786,1.8401344666095349,-0.53097419343632168,-0.91186286461508714
5,4,0.050073998993110526,-0.39555485204772789,-1.3057496077628359,-0.34950368150431643,0.2736554885087048,1.0304344679405542,0.84646162719338924,-0.13531038501611561,0.75113603472365398,0.37468006343365329,1.0861797703111902
5,5,2.0918415465868794,-0.94266990313682675,-2.4267757567585169,-0.50227950489576978,0.072199472055973005,1.0609212979246105,-0.36758371355876418,-0.12690382375110859,0.99431737706684009,0.46138874253368883,0.31524916776405837
5,6,0.47469776717097889,0.080836828703746963,-0.41415182645496307,1.5663647649505688,-1.8538606734543452,-0.20630923293659287,-0.11457983048566336,-0.50911328811186751,1.8507731077688854,-0.17085368351877503,-0.26681539149381611
5,7,0.4506456328843127,-0.46240916906489232,0.23042656725429572,-1.4608802300141124,0.51071732309084983,0.95324448043660781,2.3226910722488117,-0.061386692684897236,1.3090685249002336,-0.06159477143422732,-0.591391462486344
5,8,1.5589888003753192,-0.50293967208045331,-1.7480798279963545,0.89299481971998818,-1.112066531204152,-0.3300968518114975,0.48394950537738396,0.90506391277324072,-0.21173395451520849,0.28414107753696899,-0.30418758332010898
5,9,0.54420417281759004,-0.33723277061761453,-0.59637882947752852,0.37708771076441971,-0.7501926745607459,0.20035457266733311,-0.23608956267381531,-1.9827504991784919,0.54785713526852842,0.45183936536621844,-0.67807323157281296
5,10,-2.0744812549749545,-1.2639888312743059,-0.36531659514868781,-0.2191537190309443,-1.1496169073797442,0.43828150304546959,0.48534570867120025,0.70605508422187746,-0.78399294132107311,0.24084198937184348,-0.55877448802295615
6,1,-2.9440735179197008,0.32682777150374187,0.22770077561228477,-1.9193048181375296,-1.5088041762382807,1.1055465347540647,0.55946351941172778,-0.73369321091031869,-0.77900105991268487,-2.2539053500411592,0.18348027736600464
6,2,2.6422274378379029,1.549202057750201,0.51112375149868416,0.071822981119806922,0.61409569461503655,-0.22277959595484101,-0.14609814176783278,-0.20233994387094545,-1.2846631719381092,-0.59298923184329944,-1.1675790903842116
6,3,2.5704652042223781,-0.35824057135326554,-1.6825327654977598,-0.18394944905707472,-0.14843155873041614,0.26067321819174288,1.0174832293142209,-1.1078833093954246,1.6069626529911418,0.30278944461389917,-0.99751140904404023
6,4,-4.631220095054597,0.0095345282345563904,1.99632376218005,-1.9636510937303386,-0.32673380949651243,-2.7191721437540002,1.072062299666128,-0.82025083645435282,0.62893530402778297,-0.84925987149219528,0.32983740465210898
6,5,5.7741351094020468,1.4108017865835698,-0.44686056003530467,0.14612542271088771,0.51916164824297473,0.59723375238632781,-0.91979623386797571,-0.43985940425894909,1.2243630321244614,2.5197352049408419,-1.1007522689157707
6,6,3.2692729910225617,0.41704289340453093,-0.032082887858193909,0.16220810744041686,-0.68869445714797672,2.1403143199783834,-0.28671235737672873,1.199503126320645,-0.77540494204506105,1.9451676627982408,0.52492379652052357
6,7,3.8992030570939997,0.91152493648125998,-1.2409371868376817,-0.35633077507234084,-0.70966252858034273,-1.6498762015402562,-1.4490524997974867,-1.4126693541679782,1.4996041676749665,0.06026571482695172,-1.1409335255124184
6,8,1.0027173074774574,0.43988055433813433,-0.61700099126214381,-1.6337698408656738,-0.41163553335700648,0.23506894180541682,1.9877909967460858,1.3248713785430246,0.51673627833266333,0.86678507241827008,0.64937869313889274
6,9,-5.7153411592271537,-1.6994307975745708,1.2492130811114155,-0.01039962295079308,0.34896371865616937,-0.74368855301626224,0.91675497919819737,-0.45047647297584931,1.110051151486096,-1.1429774404225019,1.5025713680709267
6,10,1.3777459618031898,0.19084637514477881,-0.44735242741314452,-1.2931048663865865,-0.80016126606439564,-0.1209777596128553,-0.24197891567273125,-1.1069456337737704,0.0088762468983220252,0.97007650465971929,-0.8453933944213371
7,1,3.7123327504317016,1.0509574238853903,0.34069184587026696,0.30942418590757409,-0.6597475128436272,1.2433738182565821,2.089067043067772,0.83842978604423912,0.1001548086270401,0.8527045952354888,-0.44988217143644266
7,2,-2.9419282206401807,-1.9601779571321449,0.072913499862074599,0.16212608769863404,0.17715927794340863,-0.24286144213359404,0.27417636337121709,-0.59468546169729775,0.68088509944768005,0.15027375617360067,-1.8769873211421242
7,3,-0.71922366323130493,0.85915886635953731,0.85493264289978044,-0.58739738877729264,0.17836185981671326,1.6432625404559285,-0.67008244967782249,-0.80500165753925035,-0.77416278656709836,0.52892771220505919,1.0432657666853629
7,4,3.5114790892456331,0.35147815000152194,0.47326475733786366,0.6088321996565611,-0.56835511290159091,1.3242573414994749,0.39188921626358814,-0.58271469425655642,0.62740781171523052,1.9803250045366039,-1.5924564285537484
7,5,3.6371545736615194,0.77193580053123012,-0.45573173198620859,0.99854456240244693,0.45799999589861146,-0.23658299137347524,-0.61243086234413224,0.17450652875274328,-0.35569891267277065,-0.33964349705693087,-0.89629504251037162
7,6,-2.5648300405686277,-0.16237609046281243,1.3326061969242351,-0.36877682710436738,0.64286624219443511,0.050466456180316324,-0.18145373791486777,0.7296172699892719,-0.035404711453206394,0.19162279619037703,2.3830143246106297
7,7,-1.4330622104569948,-0.78247290737947073,1.6850723391853009,0.7038393943301402,0.91661665096619471,2.3902446382221809,-0.78872829675413936,0.78873537328073751,0.60502428297380051,0.2154629629024834,1.1590304330673851
7,8,2.2468908680468811,1.8295289848489886,-0.82238796557923832,-0.53294737969255457,-0.068433284344198653,0.56587044183256496,-2.0501450220585253,0.30564631873341613,1.2218567799468292,-1.123409194101064,1.2588241718575617
7,9,0.64933065520632072,-0.2218641479129842,-0.44431427425481301,0.90289876549498038,-0.0014358116227073121,-1.2263753796530326,-0.021714410934234891,0.64160331199003373,-1.5314058589150377,0.42953908339884156,1.2816428093078396
7,10,1.9611513613856231,-0.50796976486959045,-1.863841306813663,1.3268345795411371,-1.0088880356533023,-1.6489900150171297,0.46952971930482157,0.41827570372174028,-0.42985800307734312,0.10741941570831003,-0.087321416021705553
8,1,-1.9368216427865774,-0.070163735806064026,-0.29691347795041129,-0.43824399436284189,-0.29825779754552167,1.3906700686093794,-0.55423396038980099,-2.1644916652400221,0.8110431629611109,0.57503350175449019,0.64198166608742724
8,2,-1.4638678447516313,-1.2064264283055868,-1.1107052416511642,-0.91622752477721181,0.032291167215940934,-0.39555462746024089,1.1750032895951834,0.67047652526082768,-0.57978948910116934,1.2090490259430324,0.45979948853534541
8,3,-3.6881294342737148,-0.57593258088426802,0.81444739259886034,-0.11049932437127838,1.0548924040108634,-0.99175577517210478,-0.12456670364427701,1.3440839938335936,0.2077108292153759,0.22218763523879584,2.3059598531853891
8,4,-3.5716657486563879,-0.54998368330912029,1.0851530254825692,-0.49801807780420537,-0.40192292855981931,-0.15869386101669472,-1.0021974848214787,0.24071898214562423,0.43190392457682619,1.9382683174568152,1.3436567126444201
8,5,1.418623922446232,-0.65703574492969552,-1.7351178672321508,0.80713993107589388,0.68248686590552921,0.081070637831071365,0.98817391472989291,0.93228245941508148,0.071505996155105292,1.0021319798741173,-1.3928256248024027
8,6,-0.47076445930066613,-0.98433070756833907,-0.18085498624430682,-0.46361585843763026,1.2376383656528465,1.7926611327861657,-1.1321049972806443,2.1667554435160916,0.83374027701225284,0.67589414637336709,0.61392047483927237
8,7,-2.2642043712433217,-1.771411740385503,2.1625228476383889,1.7572968044693347,2.5798057272714772,1.4498587872684419,-0.57714911852153916,-0.72933602609624826,-0.93610695214764594,-0.70133406453091407,-1.5497138245394853
8,8,3.3939403234540859,1.089654287976342,-0.78617275711209467,-1.0931196406388417,1.1462550457127876,-0.38486143579432736,-0.58599157931899937,-0.62471121863846579,-0.38093742673965159,1.793025543743775,-0.2718888397049547
8,9,4.4234486591489253,1.9476394573961038,-0.17498710033203685,0.85956587667229267,1.6675425704836127,0.46684801957653965,0.70329733312794085,0.098412801939797026,-1.9180100988605522,-0.096291212249679001,-1.9864576031690107
8,10,1.2996629637138295,0.64345615210194429,0.91227485747874237,2.1860758234511133,0.36503508447208888,-1.4449881700750757,-0.53560148513340344,-0.32610123048012152,0.77170328436773672,0.30059756330957399,-1.2213319820431199
9,1,-1.7302041854199985,-1.7881609882551863,-0.62360323555883956,0.7736817185368785,-0.27618504517695969,-2.0767864037395953,0.85719981058213379,-0.19202750681314151,1.6938840035626614,0.87410474978585617,-1.6660237742633701
9,2,-0.080666306227050066,0.4712546907824397,2.1126095415364823,0.4155556744915393,0.41458758789630151,1.016830047898019,-0.75525851026181734,-2.0987610128609946,0.36138047902705411,-0.13623937383140361,0.15159183900164169
9,3,-1.7485148060821607,0.28324833009758249,0.99898278591106504,-0.95961186849949964,-1.2392767651180601,1.1388116395976771,0.25924775883657025,-0.078079585903747778,0.46250860446339848,1.2736069410588946,-0.83061206140909227
9,4,-0.66689191575384776,0.38701149594751144,-0.80287510180108013,-0.27739305568871386,-0.73080687859618743,-0.83241224267405312,-0.7202207076406677,-0.34052857103396256,-1.4608948407021822,0.65447070286034337,-0.27948560810486262
9,5,0.75141765483202905,-0.71062996203666118,0.5375536190859459,0.3810439597649033,0.6135507691946045,0.26864437077882314,1.9481382151339943,-0.94602684544344806,-0.895980468574473,1.7284716772758706,0.18668662020240426
9,6,-3.411662690157419,-0.67746333674605119,0.44305989298387111,0.31545976213926807,-1.977344737470341,0.94600721551340394,0.89956695207788462,-0.1120034233884295,1.8407435532345666,-0.1167532085845642,0.29653321415326489
9,7,0.44923468813327661,-1.5176312616318783,-1.299926498451156,0.93598732908091431,-1.1912283120248672,-0.64998997413139459,1.6128409752604316,0.14011352810873356,-1.6110688223414604,0.63650016505617435,-0.47855256353790082
9,8,-0.46126265203861516,0.099703154875236191,0.26712507645587857,0.49114009529383573,0.94082865221311851,0.96721601292651205,-1.3218574665985199,-1.5126004393487933,0.70888366035997386,-0.26267122452383712,0.09371590870951263
9,9,1.6968931803385821,0.86223634548189576,-0.23934179931068117,0.76325691709135024,0.82721830362347615,0.41974124554363434,1.0322506444704378,0.088661430849232087,-1.1410849516183486,-0.61132293065301069,-0.21110976686565122
9,10,-1.9590692746793477,0.3498929551870385,0.73716550874190312,1.8299872691765915,0.78305542300897113,-0.88832199574503623,-0.16047349700815003,0.22724738602130973,-0.65304871521372221,-0.53417471043060605,0.019379094815064241
10,1,-2.9497457611387907,-0.98292906642181488,0.36121073020981664,1.582917623354184,-1.3094176454215458,-1.9144473116923069,-1.3939521839369482,-0.85606586036926913,2.8502942293474542,1.0116771131035327,0.91856004224822674
10,2,-1.5706777912425984,-0.22071182830075903,0.72205709256187567,0.31629489387859477,-0.059000826562554808,0.10013536769594829,0.26488292522189694,0.7051300167832496,-0.30968826481040496,-0.54571170122610124,-0.672536788795292
10,3,-1.5415975047384138,0.076790196785868875,0.4553863960313882,-0.55220260842443958,1.5426815086337364,-0.78781883406244135,0.97244832876907161,0.53384433254399577,1.0098372150279233,-1.607811581982989,-0.4334797567963351
10,4,-0.1899320713852064,0.32656679082567203,0.10011589804105343,-0.091484330974463443,-0.85826450625856743,-0.35421505759979866,-1.1726914760756186,1.1869691430385929,0.32914748082980216,1.0934269511059438,0.24690763868396889
10,5,-3.4556870344711745,-1.6857160316080801,0.94531354783502997,-1.8088076833763918,0.70921703142347803,-0.4144803881140845,-1.1623645332064816,-0.79844892678023038,-2.2008131488533222,0.7225021446501162,0.38101121510641422
10,6,-3.080401263225113,-0.11671459657954689,-0.70011760416952085,-1.4829942475858511,-0.98463331441225499,-0.38784009641141443,-1.0003149443933461,0.22126409282181195,-1.3039653320951541,0.36848115339669046,0.14078170259129683
10,7,-0.55997367724941793,-0.53612478443503164,0.10960258197486064,-1.0090105834653491,-0.18399218296500425,-0.96941249032374488,1.4148668877422885,0.075443946711940851,0.1373324236590015,0.20672172623831653,-1.0104381416959782
10,8,-1.6658171596295139,-2.1059575938593489,-1.84456710174529,-1.7123781818807013,1.0525938945034325,0.025942326974513288,0.27759342749665394,-0.71943206772996227,1.2851928764497047,1.9767466222257588,-1.3964503328774642
10,9,1.0767085217811327,2.1462711127262364,0.62377931905373918,-0.53029522363585324,-0.27324539058948344,-0.80464542084957613,-0.31112321793560166,-2.344885396641808,-1.0312362241621522,0.29440618840560806,-0.097717514914184289
10,10,-1.6446755534449626,0.86919370555813302,-0.48211849176410104,-1.9875160089665913,0.33680438222818238,-0.67278783916853069,0.41232811652436607,-0.82526184560842952,-0.91093987096397822,0.70725133849572686,0.6202247266706713
11,1,2.7357201747010818,-0.19399843338131351,-0.21017783214807609,0.56494354558373516,0.25953884388760784,-0.013343464502171587,0.67243628630865726,1.4465690083075704,0.99323544301299904,-0.038213917951983825,-0.46071085684747498
11,2,5.9492578718990261,0.90180389065165956,-0.68526401712251594,0.0065109911192199194,0.7998853053945767,0.30137825960372927,-0.27912100703340287,-0.57976519634416324,-1.8754149967865736,-0.46439354982267833,-1.6870479896476007
11,3,3.5194392643420627,-2.3183183555350158,0.91105755235899133,2.7483101747944598,0.90016478324540083,0.27740920496043098,1.1888658965758465,-1.0946262555758601,-0.77181548272885681,-0.61319330148696782,-1.0019798863093492
11,4,1.7828707695927382,-0.88154200795196702,-0.75063580455359524,-0.47485237718656731,1.5682403308161548,0.40305975887955392,0.35245300649968136,0.25243159192354908,-0.081226774645606015,1.2355390478346584,-0.10174773755069072
11,5,3.3819110960110423,0.4748442851448757,-0.27842368792858796,1.3171321393318967,-0.65923404186817369,-0.45296474851207708,-0.60483725927326948,0.7063121352896895,-0.21903600126097109,0.37395591918691268,0.045912789726785079
11,6,-0.44747429778814718,0.34059568371485405,0.97895518729037545,-0.21125696874908212,-1.2897925832895643,-0.87192044971049332,1.2246279977069496,0.63783626514110969,-1.7441166587601189,-0.28832441070689652,0.84468163036106292
11,7,1.363624746489041,1.2252627833891117,0.27583245266042372,-0.59366854372060918,-1.4740057792746242,0.72884865038733893,3.2603731661738329,0.16781379166460128,-1.253687390517763,-1.8602176672708699,-0.18708501223830404
11,8,-0.2920947681998679,-0.74241708551490482,0.90276393624957096,-0.089790885249448879,-0.96533406166664559,-0.035081268703036045,-0.1403039717275982,-1.431398389478121,0.56084617225007227,-0.18901110847970523,-0.2530756461530736
11,9,-0.1699506180817647,-0.62927453002280176,0.065370193357437545,-0.13563947628252809,-0.59802825771808243,2.3408410166581222,0.85569746748499365,2.1835085738785756,-1.3968467181953419,1.1387926147742322,1.1733856884828506
11,10,0.69289550300407809,0.63621419017388581,0.32136459534907325,-0.48110433490109183,0.89061830998907499,-1.2608177684372248,0.32544686803306644,2.3186781265870309,-0.2406147836467632,-0.10324430123168574,1.0630535271087651
12,1,-2.8322141198356166,-0.98540517926313953,0.75324072563758704,-0.35659865482680647,-0.88548140089794758,1.8506618602245857,-0.58591174179715355,-0.2967901048894489,0.61378433077693983,-1.5589478442186213,-1.3653093525631435
12,2,3.9434047618560228,1.4240179444889589,0.499373509655548,0.58393275058652516,0.4330685021985376,0.30976458339352597,-0.52961106518425904,-0.573470861154175,0.41522088294042508,1.3604741714058297,0.97514530623590789
12,3,2.5336408132327297,0.71161581137772389,-0.53731874927358336,0.69227532536912872,-0.28212565516772919,1.7023660805573684,-0.54572274912199703,0.74998997079611796,-2.1948222493237717,-0.73443502409469841,0.20841252716859177
12,4,-1.3420366528603507,-0.71782547075816983,-1.0123402959335064,0.71476791799829298,1.6633471242320035,-2.1055484485615983,-0.33113976053168503,-1.68856167432254,-0.45239007668739634,-1.1250489549111136,-0.36135641240609312
12,5,3.0165033538581607,1.8959205181276262,0.44598715935269051,0.1960965902578051,-0.55637514826900314,1.7916780163029926,0.2224961156345017,-1.2378637164249315,1.3810515984273368,-0.26886823254497438,1.69525172607408
12,6,4.9650255370914858,2.1455449893352161,0.46183740497215209,1.007023585386285,-0.16889374417183983,-1.0983515096169409,-0.071558333061299759,0.11831004289795842,0.62077341755506077,0.70651109425854564,1.2301762105814216
12,7,0.50548389514659575,-0.52929888815130766,0.8718023996881753,1.2873355259327555,-0.24838683549939147,0.39881095087668578,-0.2028046371128962,-1.7878322193210234,-0.64617676308574334,-1.9591200957107817,-1.7902924662245241
12,8,-0.75032644695017503,1.1065826538739665,2.1335416913726508,1.4906100039636361,-0.41313504262709289,0.32710841071047381,2.161812698276361,-1.4065230920086775,1.204458177167941,0.38653405929354945,0.57233127430882591
12,9,-0.44178395566307549,0.81501751846771009,-0.58112401182475382,-2.0865134602969913,-0.796650287667927,-0.79801867776655644,0.56625827561352482,-0.29642335582468721,0.032322020557058781,1.2312475279265884,-1.0467222211930614
12,10,1.7749033317618035,-0.19823090540153887,0.18490836529606011,1.2028471304426436,0.097027280380692693,1.0248130992313449,-1.3487321042919032,0.9156322530779285,0.040488563325397894,0.12716530896957573,-0.7060024088882193
13,1,-3.4676561657162996,-1.3093674883897213,0.074523128247855314,0.46999362071616596,-1.9169575070725859,-1.0629199093088593,-1.1093572718874034,-1.3629381172476522,3.6822527649805488,-0.44161099993801012,-1.6887740465527465
13,2,-5.2908398214166574,-1.1451222719399075,0.82796807439810327,-0.53958394191866199,-0.97288777006803484,0.65890396012491903,-2.8943500915071705,-0.64849841355654214,1.8814199282126221,0.016798697543522589,0.60481930399985495
13,3,-1.3948353256478592,-0.25667898171574172,0.42649107784514478,0.37434654634005493,-0.66459488308695436,0.28130885659294153,-1.30844612017019,-0.21093177549670639,-0.10335750437042805,1.4154919498480407,-0.4046219135039632
13,4,-3.4521145053629589,-2.0912654071126497,0.00011758941168149522,1.0560490528459028,-0.76987267125808678,-0.077805417660551962,0.77629184639972404,-0.56377123737295687,-0.11688197118795807,1.6054974832931241,-0.19416741384970945
13,5,-1.5085706360368059,1.26157308933849,0.19167792000831843,-1.0859395711355821,2.52488862111958,-0.2202796542402205,-1.6244425323970551,0.46323602779113493,0.76510931092543266,-0.26207974333783629,0.99181455454668555
13,6,-3.5363616669550559,-1.412255359780096,-0.05353330905139829,0.010094489996217921,-2.428564488758755,-0.94222961907871372,-1.2272071094777059,1.2068163485343533,1.1225730285912567,0.50044644408294026,0.3014014458064912
13,7,-3.2180428872163485,-0.65975973311555014,1.3019989175097202,-1.1329810827329629,0.34993655709400906,-0.012986000330543588,-0.69509773437148725,0.21515596435334125,-0.37810149803929721,-0.084014118749404676,-1.8093128921014778
13,8,-3.5746352580733567,-1.6905700571068849,-0.67110674450207486,-0.67192179337685576,0.5580553342570429,0.10272549525790786,-0.52971267555354296,0.64026991716041126,-1.337953328872344,0.81307162534492494,-0.45327323338907549
13,9,-4.8424043645909727,0.42729508022368945,0.30188779615960959,-0.35994775686528679,-0.5063635986465933,-1.2058940170813575,-0.16251378351910423,1.2375755115838389,-1.6697593393278383,-0.67583353382569011,2.2469774670784894
13,10,-4.2861987869684501,-1.0276352715507067,0.88156483985045342,0.26165876197705473,0.32991079493717701,-1.4119633056427321,-0.26731701475583719,0.30837818340588552,0.87828730539307309,-0.36784659000108627,1.5583207756999138
14,1,-2.3970069107800107,-0.78726081187232333,1.345571762344115,0.049207465821630485,-0.25456738218274522,-0.65277302571410323,1.28455084384999,-0.50975483391777721,0.40933587272627331,-2.0493025943553946,-0.023777126000482676
14,2,1.1920579045304973,-0.5501500417319114,0.19453971338525083,1.0261977616713462,0.32087998928796208,0.23988201536125645,1.3828859202462371,-0.19295713131009007,-0.53677515802536047,0.79380882450140944,-1.3709099030557297
14,3,1.9268123206173899,0.15865972719502111,-1.0578214595613609,-0.96412603912739214,0.49865232958203859,-1.6170028110405559,0.37782166427682795,0.24423717400408282,0.68909027744697404,0.77202691258897049,0.81350318126516274
14,4,-1.2977167842815938,-0.55804988359969321,-0.28583143857655713,0.84499914375765162,-0.51612306915846751,0.43777488310347751,0.4625123372062494,-2.2675456547142887,-0.75645174414037986,1.4789802403615375,2.0655261512780685
14,5,-2.0680968017594852,0.291921271752214,0.72379170161509621,0.85118825521791275,-1.3046488203920243,-1.3884118080711738,1.1120916060526227,0.42286950406794738,1.1082642147656112,-0.14563992297619008,0.64338603815626361
14,6,2.92936941819034,-0.71978678222409576,-1.5626914250563873,0.88087250743694478,0.88304659025011623,-0.0074718039231603146,-0.42236914715355717,-1.1821861545146817,-0.10918945924118263,0.7698060660150251,0.1447742364302001
14,7,3.7679391624924397,-1.009835156214993,-2.2138000134716513,0.91511033795578589,0.091124321068681083,1.3347151019069452,-1.2124677062364937,-1.3133546236643827,0.5978347168904431,-0.75416952621521505,0.33091663500291507
14,8,-1.165646644269293,-1.0892548674167395,-0.18930256201954335,-1.4916546107307054,-0.62509259540480233,-1.1449159935031623,-0.32149711229536149,-0.27745264460423213,-0.45259175460691309,0.12678549697801575,-0.50626657664718622
14,9,-0.26846891820332308,0.35912229928854794,-1.5841883583944836,0.080759052127158365,-0.11265808666371069,-0.72632285658836659,-0.14164418304938112,0.11022206585742209,0.32714239966993308,-0.85367025605961011,-0.8811659434941389
14,10,1.146856155490017,-1.4720510008161167,-0.76866940029103303,0.32808124287783669,-0.53370590770364912,-1.5626312894598597,0.81284602736848488,0.58805590227772986,1.6627127050129737,0.36753371332631618,-2.0510008589533633
15,1,1.1608327527681321,0.48822533251349426,0.8228497990912349,-1.0621491776228584,-0.10092088253421581,-0.30184602362962271,1.4761147935162124,-0.89285121506493836,1.1920968640062026,0.92379485298483688,-0.57973569454995766
15,2,-1.4713297344396961,-0.23303128700794712,-0.65648593157891888,-0.47173751390802809,0.27440957661954229,0.21752380489876544,0.10978336814838871,-0.94009247538892471,-2.5197819805097121,0.61579716676236129,-0.50630683754846095
15,3,-4.3715073787553163,0.87196778197565705,0.60363723862780949,-1.1776322895412918,-0.99535948358265136,0.74243191696115896,0.36660273831096452,-0.49119578779980166,-0.70312305100894068,-0.5326163692193826,1.4664877389683344
15,4,-5.1531956550923672,-0.79189655245620805,1.6617912832751394,-1.1657735461786054,0.8090504685861668,0.72151035751668413,-0.23167580959385611,-0.17930194436341085,-0.13764407650931895,-0.708881391169918,-1.2723201596275633
15,5,-5.154732840210996,-1.0793403563049397,-0.25840654237575067,0.73395850130786355,-1.8222577590526248,0.31674232790435414,-1.183134765739575,-0.40241910380023171,0.16267156207078312,-1.1266976869361511,-0.67106318818435806
15,6,-1.8845179475471507,0.56975710963534321,-0.119069075449327,1.7135953479436075,-0.37529425734539584,0.056236242803322477,-0.39480892829551356,1.2939876617234471,1.4206885430998824,-1.9690102410597226,2.4020109545461996
15,7,-0.91103312184393936,0.26485796319004395,0.55383085081825079,-0.38765950989326386,0.16678878695442298,0.6686638535275341,0.47821736691248962,0.20912744294669386,-0.6793578928743309,0.8808287692447333,-2.1236167558949557
15,8,-2.4483825402499906,-0.12494572780715804,-0.90627057802669142,-0.92435455095602981,-0.13523890306357503,-1.6731226213542241,0.017755788075832026,-1.7683946440596552,0.5019030001709015,0.326826849522459,0.090786777904300911
15,9,-1.7797002244320221,0.2653705865922999,-0.24924280478261604,0.41393733859813825,0.58054590890065372,-0.38957140846575516,-0.039789974836787881,-0.44106239542437886,-0.12651317681184868,-0.27028242716987144,0.22260517865835672
15,10,-3.486677269158152,-0.8356881313644865,0.20664366872492201,-0.017877935052844386,1.700708914305066,-0.19882109499314016,-1.4071537622240715,-0.2234989713792358,-1.9737083663699706,0.46964143848074535,0.46780077641832168
16,1,3.590681462488317,-0.38263832361287892,-0.57584182093754921,1.7696619581452657,-1.3911101457459283,0.48826659908502279,0.24246037755333574,0.046187448562838976,0.20242033509452795,2.4491199928237144,-1.3335705183308257
16,2,4.5666361658536063,1.6392902832492298,0.23471081503575136,-0.12968904767445188,1.2340803756118177,0.34109027337377834,-1.3123142033279653,-0.30581374197666777,0.20069172457183918,0.62441810346340676,-1.8707039231028284
16,3,0.12648135862490029,1.014076863855091,0.0038704989481971536,-1.3782828172993276,0.92354850425782919,-1.0742083718886637,0.28291637445215018,0.27646431404369753,-0.19057210329456023,-0.53724156011035717,0.77762945837274833
16,4,-3.5682751742112595,0.90460151605529471,1.5284119828835179,-0.71220933135071074,-0.58009130013047394,2.245619534879677,-0.34582543356832973,0.40970308669024502,0.50432880921272916,-1.1127908135186551,-0.25709018442383658
16,5,-2.3627648525803777,-0.99275408342353155,-0.92346557236028015,0.54745337051129594,-0.14898651792942005,0.87687999418600249,-0.60562080688821252,-0.51966340496287389,-0.49010798038939563,0.043542830756037251,0.23004597710794453
16,6,1.4934595805405064,1.1172191097810302,0.15927897172051592,0.84006251208778226,-0.80286864453943985,0.39848381983935688,0.86151245933297438,1.8254585643210621,-0.042655648373611917,0.49893808663625444,0.71998152505337254
16,7,-0.11319641072187181,-0.13853716536344829,-0.26692478984279611,1.3228002329112916,-0.56607896105009647,0.22543130259084815,-0.65391679110438061,-2.289491152954275,0.017426148491094941,-0.17913353301673271,0.13206269331877279
16,8,-2.5346056593836628,-0.86777028276877788,-0.21575682247294187,-0.019244422598203553,-0.69890313014203698,-0.18820819743670894,0.62885049442171204,-0.92203228996434761,0.065881306361594644,0.33286063883283301,-0.013199923901576502
16,9,-7.1215046099752879,-2.3308254139724989,-0.36411796429958865,-1.2554385741892886,0.10132745684469882,0.057467981235113409,-1.3860102942272226,-0.5233316110491617,-1.8463079471115504,-0.9987557563374605,1.290277530670229
16,10,-4.1552530797831349,-0.23435892424780577,1.8704390518816132,-1.542610117250806,1.0161965511618558,-0.65252740811631194,-0.046023822202967794,1.0569832711004099,-1.533292634723483,-0.54152016211901866,-0.66663000388847404
17,1,-1.3234364522424553,-0.97564024089083878,-1.4657025937190871,1.212966054210814,0.39516739953134788,-0.096722174422103582,-0.76608729122165908,1.6895126969318142,-1.5758725245591227,-1.8419873063265744,0.44544926907791249
17,2,2.9620070208444811,-0.11910859200362303,0.96154633195965256,0.037449929656136645,-0.88082615241411422,0.09767285354943403,-0.18228808831150572,-0.081585223869101969,0.60718655322303194,0.20370916141752524,-2.1866856836249529
17,3,-0.91983649769691156,-0.14455767541880638,1.1360799713902647,1.0716477346617681,1.1895467907080362,2.3400992501842754,1.8361107964780783,-0.17028572640369116,-0.84381374592806357,-0.64029188439133655,0.1745515804573961
17,4,0.10010045162530462,-0.98397192738451533,-2.1168146679935456,-0.16652524314946482,0.81372068000782727,-0.087544687957584855,-0.030295721107074538,-2.0667213747629312,-0.42790866735774996,-0.016954148962444349,-1.0488632012667003
17,5,-1.8662275749717838,0.28469810675568791,-0.078986744094114006,-0.087076835230145241,-0.38894595433378548,0.019595522899580518,-0.58529064096273109,-0.68211148729646598,-0.5031302695070865,-1.0434958987912251,2.3567580281963338
17,6,-2.4701597980310885,-0.31327841678018842,-1.2935543491859951,-0.38150389769504461,-1.6232886596102711,-0.31355769694009994,-1.0596129054078858,1.6932395682798678,0.034724483287807993,0.10855812934857191,0.59612586122437106
17,7,-3.5126252434901257,-1.0484929522674031,0.55972557205475471,-0.50348676529237735,1.1867907225068084,-0.11097080239256032,-0.56378259541306186,0.034681904360177443,0.49696029275678211,0.0077572519111682552,1.4652715733056114
17,8,2.6955725542192868,0.048116334125992304,0.13688608767984095,1.5588774007302988,1.1092747699627177,0.13266650133959323,-0.16027908704201688,2.3713471506700659,0.23277122353443308,-0.50199084301591401,-1.3708956988992473
17,9,-1.8831549890102048,-1.1830027116629156,-0.20668704179157821,1.277633840305467,0.36646423582697718,-0.84849175035826896,-0.028721333536012247,-2.9198863300074933,-0.16212926180370216,-0.76806707114651063,2.0758664711150274
17,10,4.399529264704868,2.2165475304372464,-1.3114747831843403,-0.29773267119358804,0.077447859017141352,-0.62889274603050727,0.099903381872654684,-0.18242086259832629,0.88273822438136473,-0.22609538140730207,-0.78386571145025885
18,1,-3.6328099868692614,-1.9215239102736197,1.9878515127716996,0.20348195347363021,0.75909156680113521,1.5089700004675111,0.8721173341034042,-0.41978698351296329,-1.1803253699317513,-0.40840775375258903,0.72174026326723506
18,2,-0.99374241738235869,-0.26845361382772359,0.33769952741306569,-0.55968955701969769,-0.69949820984803868,0.0074171952374304777,1.1371509167304219,0.035752976460180483,-1.7441055973670521,-1.2803236354325422,-1.0865504826048189
18,3,-0.84765150846713366,0.72444806662621897,0.70881773816323901,0.73904017978823711,0.02947685337999743,-0.15456773747619673,-0.70099261140275548,0.74204701130460127,0.27581461064890583,-0.75081698793431662,1.8739552543461173
18,4,-3.0087278835130471,-1.1231703982395176,0.15005099288335058,0.57450385970189632,0.68491646144652574,-0.53611924044181858,1.051290968745616,2.5384017546175528,-0.48114940264214728,-1.275464577442496,0.011238875262293686
18,5,-1.054649470836571,0.24772401128611346,1.7788752831095513,-0.92046464778381132,-0.33603149556704082,2.3280554225824757,-0.56170845220532462,0.42171259460196975,-0.24420017911648889,-0.17590263099652081,0.80387747213966765
18,6,3.0846796518909003,1.2526399806101618,-0.71401552637489629,-0.41500684063218191,0.63388952338734639,-0.35399555523961085,0.42399919180617518,-0.36242574140943862,1.7741213390383757,0.060954297203355851,0.57932311494759092
18,7,3.7790223566224554,0.41208683641344929,-0.12593147918953332,2.4492861658343386,1.3727608157236943,-0.4959344721630301,0.57303664863279102,-0.14076654461943761,0.44010536550357543,-0.42134471616537855,1.8568581395176604
18,8,-3.8676850940794969,-2.8221609122612255,-0.20317257200197505,-0.29100234689560633,-1.451687158403967,-0.9626664138934089,1.7124877644366432,-0.10108583965841619,0.48860497856416657,-0.28949206317332293,-1.4361582068093011
18,9,1.4027054884824097,0.31328062206834029,0.41897518070752593,0.47344666083787934,-0.20151562474035495,-0.99948013710699335,0.77002345692662799,-0.30504231676485777,-1.0126808823347249,1.7079747475885037,0.86558060130146919
18,10,-0.72942061014385928,-0.29708323517320528,0.8416431135842225,-1.0007981030604765,-0.34053205110800056,1.2849196808046619,0.067714198918817289,-1.4083510698998354,-0.054911189037120868,-0.15892510112302444,-0.86731999870121568
19,1,7.7536185276601,1.6249172958337161,-1.5360090348962303,2.3786567452784029,-0.78172199858724389,-1.2438823776294834,1.0677681243631505,0.012403039639592786,-1.4060590194064659,1.4898188679050268,1.2878004531485061
19,2,-0.019790252826933197,-0.15288829268212523,0.23718868603110888,0.21299953173993491,-1.3282971810055115,0.56007950407640117,-0.45646716270147614,-0.30346588752439196,-1.2611009445404755,-0.25919341621825981,2.0054474547590484
19,3,-2.6959317795661772,-0.66889180467718923,0.71981911104565854,-1.6213348165447155,-2.2775725411589653,-1.3951474152004444,0.70323717858500279,-0.69794504601574792,0.71274413947814441,0.2899043807442731,-0.46887529429374564
19,4,-0.83667544192268495,-0.16884725181414495,0.53088389875059605,-1.5758645288248019,-0.1737164791582432,1.8039460326841543,-1.2238472373320393,1.3134501103016245,-0.93783094481914442,0.3388577206665952,1.7464675136309946
19,5,-0.86530821602269059,-0.10258666139832055,0.051432135605810128,-0.81084925352526638,0.7537268077835273,0.36049159508505485,1.1895401124908811,1.0973891342068944,0.16657567337515544,-1.2620496464469511,1.0626593877642578
19,6,4.4029305784316577,0.83873706529078462,-0.064103577323068192,-1.2232237444360545,1.815400595575045,1.4260741260545837,-1.7743413996971515,-0.47923486486618777,-0.57509224260458558,0.066737500092788102,-0.85293545024123929
19,7,-2.8390435781428858,-3.2583736502286862,-1.6712581386012784,0.30476919352524462,0.90967198604567023,-1.0448862059441193,0.80237393085608966,0.37415419461069349,-0.7417065368419129,-0.11451035927676599,1.2597673577062201
19,8,-0.96847912131747416,-0.37991490165780401,-0.48552634338047873,-0.94999516106590831,-0.14973070130424729,-0.36863094493385135,-0.80386720407390855,-1.3251713146123485,-0.55298527436691369,-0.1176870424429451,0.29950110447537437
19,9,1.8387257878418855,0.036412139574364372,-1.1013279158396805,-0.85298867432894898,0.59144036984232018,-0.28792166295060356,-0.45919965416465858,-1.6573263774209459,-1.7069206173247171,0.4409346290611727,0.30089152752519688
19,10,5.1535934721001615,0.67201248152980586,-0.52761774907396963,-0.14391336739630706,-0.6300924579393854,0.16891629719231521,-0.72725623598178524,-1.3970599851788135,0.94840872599497661,1.2079470226752245,-0.17382928034856632
20,1,4.8954358370672342,1.0910481101085836,-0.61683035840471445,0.82347689780573896,0.49098551123149498,-1.6104077178807765,-1.2423455184439569,0.40474894174607723,-0.48944743914989364,-0.47082289408946498,0.79799906029542533
20,2,4.0691850460800794,1.4077223775159298,1.4747629452396338,-0.19462215423695939,0.5605785880848585,0.58265619596061202,0.49522763069638265,-0.64885626149304687,0.15717852193148901,-0.72757075556784001,-2.0157276194970484
20,3,-3.2673259713946239,-1.7199669622004894,0.078736538950222604,-0.34405730603725598,-0.0074065136832633322,-1.9339121205236454,-0.035224810647737366,1.6142634755100891,-0.3553970369292011,-0.74051693829305287,-0.44376545739804285
20,4,-2.4780138603607105,0.0052006054549701992,2.1723603508627969,-0.076003500242528665,-1.5497882190507581,-0.41756603787787416,1.2229709519411474,0.76809123624843356,0.13434872937873227,0.77695623409555181,0.30240596746305975
20,5,-0.22148742786327158,0.048716509408454359,2.3604769978534224,0.28808244003307593,0.20015257629628636,-0.85910235110695432,0.7530702842469803,0.17141390788284114,-1.2602785084132628,-0.33641003486972998,-0.51303390479388777
20,6,3.770730275304548,0.16012416211599353,-0.49220314165147599,0.99676573704707871,0.80983504340472867,0.77693573589567944,0.17679053553488255,0.027231991206380948,0.069308056478277105,-0.43825801958159449,0.53953542509381391
20,7,2.5114504346077444,0.33887464997318423,-1.6061137982701261,-0.090044339049078881,1.0822010495274828,-0.49280976861598436,-0.21247199203995104,-0.6794410211268328,0.96907718269092713,-0.15120871814446368,1.0012751091655248
20,8,1.26770706661594,0.86029997651400281,0.55633387004295276,-1.1241672717114799,-0.030421921661409477,-1.0274694587812141,0.55795177530599149,0.64332821974815879,0.10239410791689191,1.167213501479071,1.1781631144142526
20,9,4.0292134239361079,-0.038707329519271812,-1.0952366480012072,1.0587985658634806,0.56467586660650126,0.83742173050912061,2.0604820098341614,-1.080172114060832,-0.95112092146554983,-0.37985388013046906,-1.634040722004648
20,10,3.3542141080511256,0.19068066658072955,-0.84825338172643383,0.18973393330677304,-0.58106514402310971,-0.36654587272812666,-0.71958326906804915,-0.78205659846542475,-0.49422278808662512,0.063153457813808808,-1.9384485998551544
21,1,3.189635044939735,0.22848542680095893,-1.9382273300349009,2.278477961122789,-1.4941724121494677,-0.43435715446005974,-0.14613386262550285,-1.3653770902176658,2.1869276747935338,0.14880152068062449,-1.4429813041124799
21,2,-0.15790472120119736,-0.89883822956423587,-0.61892867223630865,0.25544265273475619,0.33585884613050637,0.043752138665978782,0.96295624551903714,-0.28954682954336031,-0.047414701409730781,0.21775389587493807,-0.88948267436227402
21,3,1.0866426603997714,0.04124036722565011,-0.65541749005692074,0.1284834207638928,0.40543999416202348,0.37932940870071408,-1.1526244018591305,0.086548851678332581,0.5462902892804572,1.0117374413090563,1.7334926694782455
21,4,-0.46089402067067603,0.89244510967951918,-0.8804194142285362,1.91240893630654,-0.12935812379385345,-0.41042391191950128,0.38527696060486361,-1.1178091790129512,0.5160919765516665,-0.48073766935932127,2.6283041974051167
21,5,-0.12754318809822954,1.0322889613839663,-0.67781954645887899,0.035492592023457857,-0.28832003495571529,0.13075982655027946,-0.9876786790925981,0.84359681191482938,-0.39774502379650961,-2.0483718182181838,0.2396861275821818
21,6,-5.2385085606955579,-2.3607859918330103,0.10887648341953524,-0.77308850549339236,1.84108375265097,-2.7910178728572088,-2.2048634512249059,-0.74509220181772384,-0.14239405272943359,-1.6383729411537187,-0.30320900114522964
21,7,-3.3368569275754343,-0.018805953605865289,0.73553271624842753,-1.8423357031507976,1.1436592777893726,-0.53660152155815777,0.53056863433093626,0.76182235638489204,-0.20667438209330324,-1.6406198666267842,-1.0803778988745394
21,8,-2.6691499579937012,-1.0634145234031378,1.2569357889143409,0.15001881649951665,0.0028067214696986479,-0.97746101719189438,0.76594901239550528,2.0927791974423444,0.31443941862991764,1.2516140967484253,0.26422821759562731
21,9,-0.41300025123648221,0.71495177560307022,-0.063636215073391011,-0.20775601072834626,1.7018473949503203,0.8125991279268221,-1.8519544210072516,0.91949748871342618,-0.83603853446372778,-1.6340146945641307,-0.7704670553319426
21,10,-4.7504024920602346,-0.80113501417006316,-0.28997455146067891,-1.1136127000765899,0.02919880147135643,-0.010796851364571571,-1.2467964626212737,-0.59768340050026769,-0.78673285173757213,-0.029362934997019145,2.4665316854820776
22,1,-3.8237870337907589,-1.3727565850532097,-0.98358373937239363,-0.69809934911432159,-1.2201848676469422,-0.65428824934305396,0.76019926238097379,1.7262972064570081,-0.96862259658563321,0.51257382254676231,1.803473990055354
22,2,-5.9247144159632832,-2.6025688253161676,1.1050775332657725,0.58141921077983794,-0.89055308321729487,0.022312927512471058,-0.44130682563826007,1.2740053382203449,1.0441220826934323,1.6485805991352416,1.6068414033490157
22,3,5.9568503228903875,-0.58176080652852957,-0.51183041593223344,2.2535517225608999,1.1726851013281048,1.9267564935020605,0.50196745191222247,-0.17354704071483174,-0.34980555484348058,2.3379371632164263,-2.3031570984033021
22,4,-3.1022278031099617,0.022301624388944369,1.9824560127435473,0.35545644548113231,-1.1702626525181337,-0.32774378190867781,-2.7359376509397082,-0.47886204241359115,-1.2157450350396291,-0.88707546581594598,-0.2812978024096473
22,5,-0.065697349653179749,-0.89626352527424102,-0.15202592161534401,0.20749726590125536,0.83582014333301868,0.69843160414214034,0.38555967213534936,0.9100133065247068,0.20522839778041693,1.1578562730399686,0.58902584082760301
22,6,-5.0198346659713451,-1.5254541556324634,0.65742893698380966,-1.6344559186584744,-1.2996099242846693,-0.98623105941087152,1.4020093183017526,-1.2672714575642492,1.1221472568460751,-0.99517656378095154,-1.2268847227662785
22,7,-1.942666034323504,-0.93907155007433063,-1.2233857764573912,0.69421970868908023,-0.24376163027352252,0.53106521491953196,-0.57210471656475081,-0.051619594326504002,-1.4863444401535904,-1.0982380484297725,-0.027242112394096095
22,8,1.682036395109987,0.17136930244087509,-0.68844207909368804,-1.273562396092218,3.2337296536441404,0.119352072068672,0.44358812319049268,-0.68883356509918681,-0.068744520779208437,-0.76801931192306216,-0.28519836666390008
22,9,-4.2451974682809848,0.24708944971899724,0.92519307362051662,-1.879118790534976,0.24895333706184822,-0.2620382475388483,-1.8002482952192622,0.65363118833162603,-1.8130469062536914,-1.6262350997728758,-0.41212319249723528
22,10,-2.1457465480836282,0.57352261795614901,0.72329427219206421,0.10703157876287421,-0.92568676946085982,0.1464248962972684,0.20107464449104595,0.48731273904897027,0.32491827750289431,1.2136578389754118,-0.80476878744862346
23,1,-1.3902625575386409,-0.054202997380285764,-1.2039477815314492,1.2629282451281392,-1.1780271361181558,-1.2918110897555881,0.61941992036085891,-0.76312120637505176,0.11330643424376571,-1.0894321387735886,-0.12596650389792383
23,2,-2.1116276660950972,-0.64888176233333938,0.18846552410925829,-1.2370860879890597,0.19262698479897708,0.92074303611420394,2.523054318691428,1.3447864196629686,1.3653559980786627,0.98799240491169005,0.05311344851931879
23,3,-4.2780798771748927,-0.47318608987941135,0.051851844626898971,0.006897616569857986,1.2371010637265856,0.55739404791835445,-0.35899795396635997,-0.71841967467191592,-1.1454389258158819,-0.010051434038205763,2.9567181220151419
23,4,-3.6963555291467833,0.48666951870321512,1.6016826324454949,1.4649206823336038,-0.89718789248233954,-0.39807045839311817,1.6114378601502621,-1.0716113277322263,-0.078897418531802516,-0.21100834302719021,-0.022146879849902462
23,5,-0.70131200149039452,0.51153272223331381,-0.73980866308464743,0.29892641489841348,-0.87667508761423452,1.4719957239663561,0.94391445525736062,0.39444974140931582,-1.6380698084068672,-0.18969672659332878,0.68258362856208998
23,6,-3.0928851617873345,-0.54135300532797204,0.79873283417104091,0.5041841254370194,-0.2829061939291434,-1.4651587982645748,0.34189746366540619,0.32745558640524336,-0.076762120176076115,-0.29111156978050812,0.78937832683856946
23,7,2.214133912714026,-1.0606938868883189,-2.0005505272453821,0.13352994417339384,0.075197255974681673,1.1847883299056505,0.69954504961742048,-0.29572123363414171,0.43546395389864212,-0.32287713483721597,-1.7677887314583918
23,8,-4.9618350164933149,0.14968974554592568,1.0591791681648497,-0.27660062602595886,-0.99060098583536349,0.75767412143721591,0.61249707121586061,-0.20547224021244009,1.3215761594980511,-1.5768891223176547,0.68104360704330857
23,9,-2.156876779414596,-0.16757609728382225,0.63593473595880834,-0.34186349198113947,-0.37697968376569313,-0.26388050960282733,0.41662878376417239,-0.45603027688383468,-0.39756584607356127,0.088328371453435292,-1.6951836984777953
23,10,-0.68239238713437755,-0.64933205391779913,0.266424213658774,0.04233782448177819,1.0439286085961079,0.34175156353093894,-0.63829531104480852,0.61690197037335048,0.42444077497617222,-0.38316478325953401,-3.2332780267022359
24,1,0.88591252221670291,-0.1651879705451291,0.34623978940014655,1.9436531405624715,-0.04545024530270618,-0.37278373349964777,-1.3234875789527498,1.050776758892874,2.938193685628594,0.14326746365660983,-0.1064374084381296
24,2,0.25744761150676887,-2.2807795070900525,-0.27443794410638062,1.972856650217802,1.0257729785688976,-0.017887238004769917,-1.1475387164746587,0.6275889920038854,0.44717651863182123,0.23523331727091945,-0.92997256256819782
24,3,-3.9862856068041093,-0.50022512417463483,-0.22633496378976342,-0.2729399928984968,-0.83408427443574074,-0.78091599962659275,-0.26560421579190702,-0.039935009565288747,0.69845751439081849,-1.5529057625976173,1.5062163449774673
24,4,-5.0615199863744742,-0.11495352891006524,-0.619488695885828,0.79730983543970857,-0.50934041066035796,1.4831210130382602,0.51809069363388471,-1.229767920519935,-0.27508579774309783,-2.331867309267845,0.90038690292134071
24,5,-0.62846657994353194,0.84366543310734332,0.8736494982258165,-0.5822198024471601,0.82135386403268318,-0.82033941715050196,-2.0052040765792656,0.82083267169850704,-1.0748656919004127,1.2425373939250637,0.23377634163253028
24,6,-3.2417675299972437,-1.4266030928109157,-1.0374262844280895,2.9689444511570087,-0.55454995907403981,0.16728072803169008,-0.039785452383131518,0.95106338898461895,-1.1891213565428458,-0.94111819386021967,1.3311627896109708
24,7,3.0527883438617285,1.1771012372325722,-1.2361197578723007,-0.86463610293144233,-0.25607904484552407,-0.85077596867070071,2.1427776421425091,-0.68007234334127697,2.195761866329919,0.53985221050479559,-1.2962737576263015
24,8,-5.2216991442486034,-1.0959405203433989,0.70297876332454834,-0.29448030085098936,-2.3773363173471296,-0.7874150128476004,-0.46772874174905021,0.47492694792492507,0.050693852339545729,0.22043282800654002,-0.53654155347642218
24,9,-3.9292495672277128,-1.2220331754864566,-0.77139636554184898,-1.1721079140690083,-0.96605570174020194,0.19368897898398979,-0.95215601229508284,0.14556853425336308,1.0698436387949601,-0.75300343137020431,-0.9197511018365524
24,10,-2.6079195288307666,-0.37209196744240031,-0.63026867579188928,1.2156874329342453,-0.61395868299095013,-1.5169138403750819,0.056404645497441633,0.50723514696386907,1.2357133158625841,-2.3305351376844023,0.33661950190566409
25,1,-0.72859414020339985,0.0077889137113307701,0.46463007713039295,0.061683726367710419,-1.318868568512034,0.92987875753931515,0.59314846877722638,0.35964715966560445,0.32227397607069663,0.44534282109878631,-0.54531960780037381
25,2,2.8758771197010282,0.27401618712989773,1.7060316555839046,1.5357411630827149,0.092536460403537191,-0.21720549571380565,-0.043200213199550849,0.93550800875595064,-1.5286065543000136,1.5931455982749951,0.18040404878010863
25,3,2.5294420673616282,0.36259195940232264,-1.1534082876869924,0.5369851356551566,1.2125269893191262,1.8692682334901136,-0.63996586797071842,-0.038018785504777879,-1.8418349112926886,0.70018849264573868,0.73398056379839938
25,4,-1.8757159146002738,-1.0865813433366507,-0.97054540080367246,0.30319546772785455,-0.47549083247509327,2.0180267369617937,-0.0011481380747625153,-0.11802651417834786,0.21248368748001717,-0.33570443842525155,1.3287058826668241
25,5,-1.4936950594631013,0.62723568440570432,-0.28986823248322369,0.34495772586779105,-0.98910552557875064,-0.91620038057961994,0.54744529191867719,-2.472170117806594,1.301089906559741,-1.1316514091516485,0.026535219989038395
25,6,-2.6848197362682824,-2.307419577636816,-0.7422768233089625,-0.44288632496979968,-0.51496250645670627,-0.44637845813785554,0.070600232263532514,0.57403015753371334,-0.46261074149282122,0.68948783003784098,0.14484190790300222
25,7,-3.1052142236420401,-2.1911224252426234,-0.7618064488240317,0.29275885548687791,0.098076213015533154,0.83778925143443339,0.16541293620029104,0.075986658350066891,-0.34264305712111415,-0.68246375102694401,0.39813010679025845
25,8,-1.9989061775178991,-0.55660305997724357,0.79333205770574033,-0.89813877179646284,-0.12720280038315113,-0.67893069901201575,-0.80281598088096329,1.410942810025259,0.42827842492127699,0.63977722050113817,-0.26929602842219386
25,9,-3.3971094179492924,-0.46494360463416812,0.6271812321979493,0.79580088415532402,-0.57054648668537944,0.9085675272826933,0.80635486379310528,-1.0489454324997258,0.22296458334564159,-0.57975411934754439,0.40057562711483158
25,10,0.43597670818748185,-1.3583587458559667,-1.0033132177804671,1.1252175395909199,-0.94743031554812873,1.1845781030623008,-0.23417739311557204,0.66580348550016066,0.79385954321010033,0.91094727967717326,-1.2288871559500145
26,1,-1.1702873642763567,-1.4752168407666573,0.35914017630426115,-0.1860009264311884,0.11925791670045476,0.28121797412473354,-0.84922006382892545,1.1548379356574796,-0.99554064492472993,0.051459515090195362,-1.0337637524707852
26,2,3.5106528806538968,3.0607949894025701,0.23903201835231541,0.2742973951251273,-1.0171333360437029,-1.2156502186623925,0.97484232424098705,0.96346400122055431,-0.19081143917585994,-0.30154759118800767,1.544308057271736
26,3,-1.1957503156159286,-0.42081612409365332,-0.38248507187566394,-0.073546743588862054,0.6019494653386237,0.40048256097197216,1.2074172477219411,-1.7866320173177022,-0.29406307376796231,-2.1481147679729879,-0.48834396668949087
26,4,1.1032200372587742,0.73187886711204286,0.016089661634068393,-0.69952632396653291,0.36228396061036267,0.68350358656551047,1.36329599150673,-0.016692482843870329,-0.66342179750698405,1.186991093840746,1.3065066635732634
26,5,4.5157251854871543,0.35266172653612154,-1.587478257077702,-0.28379330646948431,1.4865756781491444,-0.75164274232019668,-0.095269331699203902,0.81954514567706216,-0.093221291230253425,0.12843212244244273,-0.067134575197631149
26,6,1.9782331555454871,-0.56126616776462046,-0.068179601612163354,2.1734258815786069,1.6709782389096379,-0.83743988540266512,-0.78629501861257178,0.52587386899699295,0.38514697372282075,-0.41248305025871923,-0.52917314120272274
26,7,-1.5427527559000831,-0.81079777033048694,-1.6015613919244607,0.53544581199943142,-1.5541187472183806,-0.44172065523492732,-0.60594281401820504,-0.049642396460341305,0.5599028724466325,-1.3174276029109426,1.0211513282678639
26,8,-2.6903671189251321,-0.86794600472730787,-0.013233057972040909,0.031251547284298492,0.28044056644111109,-0.91564044954132406,0.93429127343253748,0.2267734512643805,0.55231951338160812,0.97551066673234732,0.084153512246615367
26,9,-2.6764613696280124,-0.59428738319760221,-1.2070735367887611,-1.5199353470026999,-0.1746399116273234,-0.80772003054272146,-0.43935458533807437,0.92052810080777536,0.60136549345288759,0.34015575896261652,0.19837504216987728
26,10,7.4080497308938877,2.309824035429902,-0.50945419330474317,0.42089475925401465,1.4707866673487808,-1.1820901995816553,-0.032158757397029586,1.182706347089707,-0.66621452774163692,1.1004789569466553,-1.3669122924449841
27,1,0.31006125860775269,-0.039939590074624824,-0.16771416961068822,-0.85950780090444978,-0.38059409728962346,-2.2300728116251358,-0.84461572044361255,1.4736214142582442,1.6676417185676082,0.90816871624710815,0.27322998832276901
27,2,-0.3777913481085825,-0.14812889570530735,1.7157879736284065,-0.49573344389952606,1.8079434941592349,0.86030861836510453,0.41854336982047069,-0.33697585534196317,-0.58470505670555162,-1.0141620862409291,-0.36331574436461578
27,3,6.4460449597314105,1.4576709522598419,-0.5474549678149232,0.064832147735721879,-0.061327799301969646,0.8285788484901192,-2.009584694436076,0.48012183774973116,-0.28969399274665653,1.4019002545542627,-0.70502644378144563
27,4,0.50155917377925285,0.56248166547976897,0.65405938351846227,0.78923330433070193,-0.63153204786418338,-0.83533413013674374,-0.74184221506134995,0.02496875839677316,0.45139753993809678,0.78670859018165906,-0.50357332644057928
27,5,0.71832542675282673,0.42060735889124068,1.4009702650765885,0.60263174086177707,-1.5300186495127908,1.5829204040873772,-0.044560164460395985,1.435959156875146,-0.42324098421375722,-0.6186871354072383,-0.43842149553701837
27,6,2.4403504215478282,-0.14975748176181539,-0.94804756888786224,-0.71188607694871342,0.76556874955639731,1.4084187834361765,1.2565792326282412,-2.5914014367538152,1.1637550965617813,-1.3205659660190081,0.05235326204394012
27,7,-0.95496057698540981,-0.79687097484437353,-1.8236091076285221,-1.9082877740277586,-0.75818581812165642,2.0023852061918679,0.017759574269622533,0.90252657331805386,0.24300996356583421,-1.0426835565084511,0.11831876424002719
27,8,6.2383466665150937,1.4909345798326425,-0.49313898251765526,0.58268594807872487,0.36696869680056565,-0.13606608249070531,1.0143433696174737,0.3871607825959682,1.3897393610991902,0.93811062772253373,0.013165603610731538
27,9,3.7955027291700034,1.577253772926595,1.0688735640307594,0.56701893188604358,0.53828264566157091,0.078615189719228457,-0.21164425726979449,-1.2308691489911772,0.53374420669977163,0.2293193383337605,1.0148956958711848
27,10,-2.8307716297095538,-2.6445654576987345,0.12595993877655004,0.69948631533496564,-0.62237043243165169,0.39123237013525747,0.60983799313313491,-1.5403324314157389,0.61245232442806563,1.0718439215547995,0.98755561202804221
28,1,-1.9413341161269519,-0.35892795162841035,-0.096936051335380843,-0.57586161041135009,-0.14506132624621609,-1.1793703360270789,0.47529756433123449,-1.5213345891201056,0.10427223011647055,-0.17153953163978769,-0.19209404100592758
28,2,-1.444796407448274,-0.89683302649986774,0.28190958422478446,1.8367131164641304,1.1891738014370807,0.61741529198090606,1.2493733722800535,0.32134997716870456,-0.53249833058579754,0.33830264663494741,-0.24211545145452243
28,3,-3.842597859384135,-0.38039529114233506,1.2632258060444468,0.43431844929615132,-0.74825266683461789,-1.1545726080568759,-0.16813313748380654,-0.2532367011672414,-0.0095819149688514075,-0.75073109611229605,0.7458106853432086
28,4,2.1620557559491487,0.74233207332464402,-0.63866857450275771,1.0613984831757415,-0.49996054248931898,1.3628242150038741,2.0346529020205382,-1.183197793988823,-0.42797830404544879,0.23789858434302602,-1.2758498756443191
28,5,0.1879649682211878,1.0893800827841238,0.56203252719329655,0.12741808298955182,0.57604618763686499,0.59584446732862728,0.31013732396635585,1.4355144856045536,-1.4997330009992917,0.0094764393779617224,0.35083423472812963
28,6,0.44903045025853816,0.54806587504325055,0.22530129259867898,-0.40159044611940115,0.45439196060038345,0.38722576316461926,-0.23895322083084564,0.85346968176759408,-0.51256769801830249,2.5876177795768398,0.75283176777616734
28,7,-2.1410740850250551,-0.78526634843828802,0.14241906072360036,0.046116644328133741,-0.82382539176754732,1.9391068528876194,-0.30092648215053447,-1.2968395069471443,-0.33646195325098605,1.4519310587536998,-0.32541737298110157
28,8,-9.4013967889413372,-1.206515612062671,2.2936053294536514,-1.4403437234037968,-0.35231053235011528,-0.80344350909967432,-1.3336461507791286,0.029629451070260396,-0.43599230777699294,0.86773648311098772,1.3741299260280082
28,9,-4.9255719564468663,0.16394389760996625,0.10631552877538843,0.38434173279819833,-0.69267608586603235,0.20249615633884724,-0.0088693675559279924,1.0039161517212947,1.2262792037923924,-0.8343255850018173,0.58910806270629479
28,10,-3.3093916935190943,0.15324766400462148,-0.93625821542008258,0.83159872203952145,0.24432712563712977,-2.7715916581631137,1.8351523256267714,-0.71920397719068996,-0.27642918043603315,-0.1273545946736756,0.1705897899324359
29,1,-1.8524356206524062,-0.46839529071049674,1.3144177392986545,-0.075439333321788121,-0.33105431152651849,0.06389670549935661,1.3712820611727417,-0.1745573163527509,0.45096940938492669,0.12152699494971977,0.9802161853201713
29,2,1.1352264441961095,2.1965661807307302,1.4267123900282355,0.10140954211928221,1.0738362933237167,-0.14961556097719389,0.76074551391570167,-0.43278504051036404,-0.024645465015804197,-1.5287171738112177,-0.013942456910087856
29,3,2.551521666514974,0.96162940620358939,1.5523752634501085,0.082282127013681802,-1.151682767378635,1.0187517165826885,0.13299002031665821,1.5848097536111165,-0.29804184569419384,1.0441421181214092,-0.27929006807109508
29,4,-3.6317990114963812,-1.7377797001609614,-0.21160560015979032,-0.54929779961806924,0.91770868447861964,-0.28632355346296251,2.3290020843240953,-1.0895284998985508,-0.074774533887111583,0.76278439013244548,0.95366177187902035
29,5,1.8444185369339494,-0.0035816027835947634,-0.29576132189427606,-1.3599227609004925,-0.22007097717437255,-1.0848709212950494,0.097567795748880665,-0.71851944550258107,1.1982529109490805,1.8186608583802064,0.3902267593161991
29,6,-4.7670599299360585,-1.2305650018694219,1.5390601685819885,-0.87857360009566376,0.41173079394377837,1.1965247829698729,0.11677177969391515,1.1795810021732454,-0.45667914828549899,-1.9183456403397301,-1.3762099781830475
29,7,2.0157364021267372,0.2584395839341862,-0.30650264955042561,1.4301067907770055,-0.26464053791664227,0.6529576075874266,-0.90605101295310964,1.5352476976974068,0.3929525926623344,-1.1397748707817104,-0.76891601564951739
29,8,2.6878461818914641,1.3017050364190905,-1.0305918051846246,-0.75867868173393682,0.95454727220413704,1.5056872923333677,-1.005921245530641,-0.038132097230990647,-1.180491739152401,-0.053760031482821304,0.40997338432921682
29,9,-4.0301909899238018,-1.6144451660200503,-1.0442934687958982,-0.37414136189946989,-0.42988500536613378,0.50515711002756225,0.57001683063733399,-0.40367199492502048,-1.3534588681321884,-1.3867228632429733,0.25200273820595714
29,10,-2.4217285359981955,-0.85150076215820414,0.89462039227861168,-0.25166163846309703,-0.34324191410289673,-1.2062133379860713,1.1262104788153904,-1.6789110481424432,-0.084648918039045257,2.3642277993590297,0.68166190957637818
30,1,5.8670910964867424,1.0686598894609622,0.046831170860165486,0.52928828388495552,0.51327511432003425,0.41019354594060015,0.39761912041040587,-0.68113133577409746,1.1555574543942264,2.0976271501215171,-0.51485219357317902
30,2,1.5735687596696124,0.33577866228159614,-0.99681624629031573,-1.251067339484818,0.56498071328838351,1.130375509729151,1.2211044653501746,0.24468950983040316,2.0196328740477716,0.5766633433932874,0.56196836840271291
30,3,-3.2064595129034466,0.053868381053080547,-0.46964652459048567,-1.362560724674972,-0.46800619895162804,0.35342191216441837,-0.31512099460611942,0.39863001251432623,-0.33842709251892183,-0.99198406210228707,-0.011186289379477448
30,4,-0.6363598345471142,0.035322609201244269,-1.2525013500687798,-0.84457095082514977,-0.41230572946809457,1.2764278047366089,-0.16981481472257717,0.910961525396769,0.083050797384636804,0.07760673473528823,1.2219942997858517
30,5,-1.0018306883129913,1.3954790603084379,1.2436241465199918,-0.71630608105755944,-0.0064470553762611014,0.3180441544665516,0.9444926972668678,0.019322865894839312,-1.2032100355384545,0.33353609496023051,-0.050303890484146858
30,6,-4.5794567699527287,-1.937665377145559,-0.52920081829062515,-0.85577091939547179,0.41219193633883372,-2.0801308052475735,-0.64846207193537719,-0.54692294452059387,-0.081010342493406995,1.4058985302292797,2.2744918055584091
30,7,-2.1072622765371358,-0.35354963412227136,0.77047985229648053,0.56025496433068012,-0.37868833668146495,-1.3165637322802026,1.4569258462301409,-0.28327120142650902,0.34390919538753512,-0.64664058239927036,-0.56172601410288425
30,8,3.7804388829833897,2.2681550448265524,1.2841300465044165,0.72759434599668349,-0.094649053736118594,0.27462629875644429,-0.51364467648979828,0.96116837240042963,1.7153484351693344,-0.37393896312286834,-0.49239970619835854
30,9,-1.4399556101471882,0.20744934548833144,-0.80049305633573875,0.38659038785057337,-0.19267992189567754,-0.70945787814223404,1.1822874347630177,0.57433916522570472,0.97509767597336217,-1.1599978255452994,-0.89504188996617862
30,10,0.39045164318906533,-0.055026789518180325,-0.38523105789561013,-0.4664113878864119,-0.40750572384683326,1.3042153051419083,-0.18263824159279052,0.53234829819644802,0.064818263644382243,0.15108816787906748,-0.80525698134449553
31,1,-0.61085087883940159,0.63012048074936478,0.73115343323723148,0.4665082749095843,-1.6760252133111198,-0.151725540067951,1.5227606747483824,-1.8182471684805452,0.73876481134369654,-0.52330233889488331,1.1029314231622624
31,2,0.97834175031565662,0.078569240260584552,-0.61756938808512118,-0.34199448305794983,-0.89772635749143181,-0.50468439289333622,0.70278004937328165,1.3267350595969742,1.0315535671163965,1.2268147414795809,-0.85503682036415707
31,3,0.7899510184238252,-0.17419830155736007,0.29770968008774407,-0.2026863537430611,-0.80393487231213911,-2.0853042145448448,-1.2702460752145655,1.4666744969040848,0.94500973037165481,1.2698331818572253,-1.3920286250215146
31,4,-3.4708458579677095,-1.804527212377222,-0.49925164147104734,-0.43707155132470171,0.94611352378067404,-1.0441017341131311,1.0353787830724128,-1.7479142149746907,0.39468142070883239,-0.61600761825325023,-0.80771934987778882
31,5,-2.7948940115447991,-1.3057641676315539,0.88115031122909171,1.2728042814032758,-2.6112842015402427,-1.5722760216572986,-0.75807533090670687,1.216039050172123,-0.53393982952824925,1.2110857511278723,-1.0676472797120975
31,6,-1.2267726013090345,1.30328011247551,0.29191665960862523,-0.22338429446299687,0.67697048475664634,-2.0624050205864322,-0.68194116665347149,-0.70111778589610785,-0.27608918968173091,-0.037753803151051986,0.028517887468578942
31,7,1.0724778767675023,0.88542352444563732,-0.2520462303732009,0.58219390678711602,-0.022694009513678136,-0.52865018201684455,0.40573666259565527,0.19540985084437354,1.576487126174144,-0.74519068765843477,0.05582665712768331
31,8,1.0356991360569461,0.29889536607205236,-0.47216171826530257,0.12629646389006363,1.3888916787048773,0.024139651176061164,-0.61218418255055096,-0.14023179564278185,1.4795064089139012,-0.90033110254202853,-2.4943243952367551
31,9,0.011096264013091273,-0.63258322592023819,0.14401300074229142,-0.094169941542001506,0.81597929183324247,-1.7419256659864208,1.6512417187918409,1.6399061890710889,0.99509570862530383,2.398508107274564,-0.71343579250204281
31,10,-1.8996512448540623,0.29936482748737914,0.3605086158875096,-0.2998064835755172,1.092674342639641,-0.0036435114627075449,-0.32628066553726565,2.5713520285613294,-0.47912782039459462,-0.59943999808408033,-0.57892688213945687
32,1,-2.1778774432598298,0.24008557481668741,0.080154799032347832,0.0051432100381718672,0.32697038216092184,-0.89785461940197486,-1.0080958049168873,0.26859507433440638,1.6489432719109134,-1.4979444802220374,1.2539656150587914
32,2,4.9195554948099698,2.3812207899921001,0.11216301822680479,0.90079667293650623,-0.47027281502797985,1.0567177435552517,-1.4301336958186814,0.88314031084719036,0.9879893794103537,2.1605357482064167,2.4441526171643351
32,3,0.35549562726844969,-0.15238242393973961,1.7197693437943509,0.65887063562197268,2.0415068935354883,-1.8505529271558898,-0.47679700473156045,-0.26929904226170887,-0.8578995554870531,0.9755391941594691,-0.73280466440686165
32,4,4.1071991189857737,0.47056235212514907,-1.2041288458513535,1.4718607674527437,0.63471018944774138,-0.59106549190695745,-1.0121576873084059,-0.28924534112285138,1.3302943938192544,-0.94958293995130028,-0.54401546396668332
32,5,-0.37507493127263336,0.39091810469595623,-1.0056372473394239,0.52465333297520045,-0.59841374663180613,-1.1496825012125917,0.9603489282669383,-0.14590085333816896,1.1859908202981253,-0.4780715039624327,0.38212519911319293
32,6,2.3170042827671997,0.86574267064491228,-2.5459462602084173,-0.34673592589253993,0.97499854106593442,-0.1659511484903598,1.1663973231146609,0.35148762712116888,-0.17322050403921668,-0.88422199071590413,0.080134283933540038
32,7,1.8544093731724296,0.36548119855308192,-0.41573061536907252,-0.68531034229794763,-0.4037977534098865,0.48264814256923994,-1.7102999132422396,0.67754699073778413,-0.51484626618248752,1.4175136026386348,-1.2760788124389004
32,8,-3.765268333511429,0.70519702216994617,1.3553381839928493,-0.35737224491765474,-0.78088847928685701,-0.061701236943212397,1.041852763722156,0.55397590363747873,0.44514470348783641,-1.0911055831965191,1.0013944091960532
32,9,-1.7531384243627732,1.2906732593288712,-0.74696865027497683,-1.5027818962696289,0.37834664143612118,-0.86099678144091696,-0.94026819117289906,-0.82055549785402337,0.89465043819746204,-0.85258197950684567,1.8235328804421478
32,10,0.069475793734776081,0.95556881846691222,-0.74416618624660225,1.133727101769503,-1.5942502581346907,1.5656567056949067,1.0011189670733176,-1.2824455458678097,-0.79432578419656286,-1.6180852768657479,0.47949353177324971
33,1,0.57612885235297262,-0.96566470356056922,-1.4344478861360215,-0.043873357520459469,-0.49343802884777432,0.39401854730835201,0.42059978870439663,-0.25045430158650034,0.041447356310003437,-0.10298827247373327,-0.13079812289249179
33,2,2.090679151261793,0.074551366063296765,-1.3064463533236395,-0.31206628057133567,-0.045795065031609856,-1.0419115523042168,0.0093285849405005793,-1.5396459229666239,-0.48100300951173525,-0.27805993387133621,-1.511460004216798
33,3,2.6890838514001345,0.37805525281823793,0.1051991827805472,1.0389628217854234,1.9046153646829367,-0.16247278508974267,1.4853527515906975,1.0010201628428395,-0.99837882219802843,-0.91588943593347494,0.020259231440247438
33,4,1.1826979559480004,0.77287179533950201,0.82914093393577715,0.77195438751588308,0.96787646037536312,0.44742005628386716,-0.81523653383755401,2.7290564806578175,0.79530968475198494,-0.094749076176255567,0.51216102500670424
33,5,3.6407003834533707,0.46255653162748012,-0.63457614194832723,1.229736954845376,0.30119056088606411,0.8392173295774602,0.042354550304440818,1.1003718491254042,-0.033090357183555449,-0.47266750892330067,0.27018153838962305
33,6,-2.7027997875384715,-0.93771088890952581,0.68445535175515448,-0.79604679900709674,-1.1032663269104328,0.24695471984058753,1.1150868194321635,0.16578631820894518,-0.090817685404455215,-0.3474698777439601,-0.071524251337832509
33,7,2.3614465085640646,0.052541548301828014,-1.3703474499944213,-0.62430992488574422,1.5849539593720987,1.3996465235008007,0.028626866733565237,-1.1808961237710036,-0.030591765884356768,-1.0546933841274881,1.2252519895809921
33,8,8.054763364695761,0.57690010822825266,-0.81992720464951796,1.6674558588416644,1.8566944165568047,-1.2082573540537058,-0.23470262768361397,1.0859009662726289,-1.4746638247093729,1.9931147157352218,-2.4454655433166002
33,9,0.21653680389833402,0.40581804195362986,-0.3967594044625794,-0.03285340698852799,0.36997658202015604,1.3663679666238278,-0.78157043043366103,1.9547489274536314,-0.67060541678843488,-0.42821482147621015,1.3638322437369854
33,10,-0.44276968243145898,0.10108500833023061,0.13222990149502564,-0.93548536927266357,1.2566843655751614,-0.22174124043561813,0.44372918210764911,-0.12223578709198551,1.4132214414384572,-0.96953298110374331,-1.217157747922482
34,1,1.3483735700279555,0.88918774320772997,-0.39820572314012664,-0.38679808599246041,1.4548196903957722,0.62753711555909863,-0.4817091739715102,-1.1177856077575556,1.0585552245435454,-0.7356537937798433,0.80082849036816195
34,2,1.4226003206483009,1.0172076181650551,0.29775585420906064,-0.82593812068174766,1.47094475414869,-0.33305992590056094,-1.8679312005424389,-0.77668899134307756,0.15028207224566181,0.36894900066991648,-0.062320418428393247
34,3,4.9984228868063392,0.77228509225768194,-0.81670144449515947,0.8284349299322824,0.58879548242522672,0.93478354355675297,0.70323117859538953,-1.4060934204109954,0.23551846689942965,1.1955573446873469,-0.80345016298473515
34,4,2.164096977294526,0.63075335148147471,1.1921407267015867,1.0486639898417625,-0.1176737567368507,-0.32937865434423408,1.4306160022810424,-0.898341355412825,-1.3869062645944334,2.2613101349206803,-1.4944964698013776
34,5,3.5774192194529224,1.474027897477826,0.15638373995758056,-0.580521530591524,-1.2603934641136734,0.99144140062944452,-1.1936263081947904,-0.37813856130109164,0.53170984895907913,0.75501526598049029,0.57830886755898336
34,6,2.8833052692532091,-1.0967360067910823,-1.2681351280392519,-0.66535077097873219,-0.1075050567008391,0.72703663900748483,-0.16832284731353161,0.6938107551645587,-2.2233286396890346,1.2343507046981972,-1.6871330898695751
34,7,-0.54157527193542654,-0.24517346404002438,0.14594514827894972,-1.8663534377621447,-0.35145421711107583,-0.12661560101784963,2.1531255340263069,-1.2350097392647821,-1.1261859955116613,-0.12160376333192247,-1.1240076598613149
34,8,-2.9194544832132516,-0.90959598520654883,-0.036757289602025352,1.085125906634407,-0.43623932744900784,-1.0680790686281656,-0.25115288126971635,0.72947828130162617,-1.3330947306496885,-1.8448617384470976,-1.2911695999048547
34,9,0.31092590339140691,0.20036654526472178,-0.3590936033709039,0.83465088864287651,1.1658327274307878,-1.7011526615891066,1.3636013023044562,1.179681043870529,0.18531935853307166,0.23711736172511574,-1.25703839031112
34,10,3.9230142407537247,2.0992818447855073,-1.7141245257858575,-0.53648856256192401,0.95161496826393854,0.21087571708059952,-0.02010534258667682,-0.51197035703147797,-0.84301877306068962,-0.35982144684161615,-0.87435717813119729
35,1,-0.72807979264291256,-0.79035100094073674,0.57441786823943408,-0.81193293561316038,0.58039244798852696,0.78629384925073209,-1.1230173133759971,-0.92375682986690311,0.037131047131660343,0.62062964992031422,-0.73577185598788797
35,2,1.3988522158185108,-0.74276009218067007,-0.68093082780010061,-0.73590129867460541,0.092226405804080328,-0.51640161160627462,0.54239662366439889,0.59578756055835114,-0.86360277977680977,-0.76460744743290909,-0.84460847616592971
35,3,-3.53307673685222,-1.7477542627153664,0.57581238261418521,0.58124077359131499,-0.79190825416946542,1.0698361119993076,1.0178980343779054,0.5022123700604304,-0.75948485360923501,-0.11972886930292022,-0.73982927774543672
35,4,-6.4004657798818592,-2.1599789240130405,-0.40676999259082436,-0.19900450683109025,-0.012809797906961049,0.42718139258575122,-1.4390112854451407,-0.48161450685791068,0.11415202014929011,-0.28471967424297406,0.01915982436203072
35,5,0.48598809465484716,0.9736992050181521,-1.8892859408405436,-1.9728045672504078,1.1584041223042179,1.6443424600043679,0.61427467678805781,-0.2649225025536352,1.435845652032314,-2.1753371919439011,0.50423276810744044
35,6,0.2182890924573227,1.1008671050066052,-0.16443037857167964,0.22009448461949083,-1.2996086009356189,0.72740749751772416,0.84525991120668631,1.0405319375558109,-1.6003582548034301,-0.50075270925398296,1.2296995881524608
35,7,4.3906203468757781,-0.27653467151680083,-1.7636229479022121,1.2433634018399784,-0.58047211760824202,0.71190268807788126,0.046871628687430895,-1.2922127840502606,-0.16854562774083903,1.1305066861997877,-0.13522024717600475
35,8,-4.8543064815978019,-0.92267851376654697,0.6068420191847288,0.12429344945729946,-0.44940258515159409,-0.59672558370452455,1.3293832113863142,0.96548082838498661,-1.0877237468287619,-0.99613063994866935,1.2454022235924613
35,9,-2.5233480513172664,-0.34958668761303868,-0.19989077447089226,-1.0504554504587926,-0.78330056356045985,-0.64082424317359699,-0.19222400892512531,0.84200550057140233,-0.17113860113332449,-0.11094742455819423,-0.21715765802083514
35,10,0.66087723352764693,0.42259199989138263,-1.0843444755474636,-1.1723110791018156,0.47159963611398387,0.37484285981087728,0.72493476318807049,1.1200035245381654,-0.47896049399701007,-0.91548402726029798,1.4360322135824983
36,1,3.3306767305416138,0.19773459339171334,-1.0596788861130422,0.36048683955766647,1.257043626271737,0.66121107797010126,-0.84882976869725435,1.2379463777247277,-0.62765439751158814,0.33965262076686636,-0.759476605449386
36,2,3.0164739987227307,1.3576096907846709,-1.9374323040558084,-0.90174369744831118,-0.41607775304061501,1.3552933999713317,-0.32063581583315698,0.45595229220471406,-1.2974406429285046,-2.0539976035667298,-0.20239991230206025
36,3,0.23227355572784614,0.69311159854011606,0.76342028819139784,0.94144389096059411,0.55134059287691628,0.18667064162515165,0.22075564132751363,-0.49994125891276342,0.37276848936022483,0.25004257856681222,0.138327005035733
36,4,-2.6055005921909791,-1.4436427832026482,0.33354971074834033,-0.58296207769426134,1.8464850086133437,-0.79082766069630805,0.01410744383896537,0.61209881881965056,0.27820266304482133,0.52350041453224239,-0.067605300277784511
36,5,-4.2680602429575032,0.11268346996488342,1.2603605393310895,0.48274722749931753,-1.1343950511547434,-0.34669854245598658,1.6248480708351356,0.49843843312144348,-1.4200695157295753,-1.2443276135432904,-0.37792443284696681
36,6,3.0067513616541359,0.89786692892594588,-0.59596467773131123,-0.87974162285676638,-0.066444223024464635,1.1060307503288214,0.85235196568039351,1.0419484692122969,1.1503632534349764,1.4028217385185369,-1.0147277041285294
36,7,2.5115287078680799,0.92535844924849897,-0.85818143465471952,-0.076923428554468709,-1.7360799962726223,1.2322528339818648,0.66718184282760506,0.71817976259762017,-0.65712560179073753,0.89331189631098962,0.14071133823479773
36,8,2.2290026055350252,-0.079206425758779592,-0.27724342660529855,1.4765017843161155,-0.23523609130655584,0.16601025121102667,0.7669471643986645,1.8139086908567965,2.3765772871005679,-0.32252390799892638,-1.3386241449050591
36,9,-2.52929743504931,-0.69120801085789163,-0.97794651028296087,-0.43786842798177467,-0.84691052031492964,-1.8918496636786988,1.6263162320337667,1.2094222080159405,0.18201808822052337,-1.0907023078735134,0.4079502627573206
36,10,-0.90810102812756077,-0.91712219633877445,-0.53883490376881249,2.2985353835156399,-0.51928193136661571,0.98067223572465845,-0.10370587378250491,-0.11950009861196426,-0.74090924911430622,-0.52221077054095399,2.0132659279604472
37,1,1.8136812099748234,0.20093007343065508,-1.5014346996918784,-0.71163487863016994,-1.5372436295271241,-0.6656147984798193,-0.30764211066070896,1.216933038924279,0.57983350695246794,0.52790892209721907,-1.1392187330203665
37,2,-1.490828757940279,0.011860657830911329,0.040353265553622765,-1.5533861571717971,0.07829562288174309,-1.8670705317747975,-1.0128903251327284,0.48751148522745169,1.2140256461582173,-0.57501117434779414,-0.79338518561039317
37,3,3.0230618616367595,2.3285905422840449,-0.62861914486300219,-1.443868721754255,1.5000593674743297,0.5781137273890431,-1.2113726332889361,0.4056342751625937,0.34049777745831394,0.86775810249626073,0.668128349214694
37,4,-2.2666449878069459,-0.34208419778812288,-0.49632413272881415,-1.4920081598131172,0.36397503005287768,-0.36522311886689252,-0.95124169034281025,-0.29062258310952593,0.2878140193924022,-1.0266769683262258,0.9370110325395955
37,5,1.4228533850035121,-0.42643813454906948,-0.69909827398560498,-0.43842371070272057,-0.14236860004793811,-1.069478948192466,0.092665789351451075,0.61266415866076374,-0.16261968059488668,0.15280021172885003,-0.55311000680940081
37,6,3.0712732206949429,0.89975511182675416,-1.2835481795252659,-0.059968434830557006,-0.78004655743005835,0.1038003106896741,1.3163793186149286,0.14803474577054004,-1.5241240048683873,1.3468385638268683,0.29782813733149344
37,7,-1.9269825118394683,-0.99061177681322832,0.42453212249138506,-0.92713511150663364,4.4561779371922714e-05,-0.50284421658366085,-1.3158800775136683,0.36642139943367485,-0.08968075617166503,-0.63838945829466398,0.31664752275285657
37,8,2.2215067528259702,0.74143282491123697,-0.6502750676105532,0.55625929980597244,-0.5409324294034108,0.92271366742472949,0.94605871163088773,1.080606479655386,0.70183896419777503,0.71473413130895214,1.2626311962593486
37,9,-5.2109179197635607,-2.0800448950478985,1.2943558333556626,-0.2085446776331093,0.35432123575860663,0.3673019246922532,0.11719846020184897,-0.10813587072164206,0.28640253898585361,-1.7509623290783203,-2.008097580645249
37,10,-0.55495137221717894,-0.39336574569407218,0.19898749376329106,0.3612194879409299,-1.3332895602404122,-0.45020925404015044,-0.88225035066303548,-0.16577877995396179,-0.37406048879070436,0.52685136868969251,-0.34577095360692189
38,1,3.0439282236175917,1.3305383002778954,0.74140975677815024,0.73620511046026194,-0.73366392953956294,1.1533234863451407,0.16346635567819087,-1.0489593269485102,-0.92613798577048412,-0.3883030428809181,-0.34149758350303777
38,2,5.0483984216756452,0.17288683112260977,-0.59696372773318973,0.064973084883297075,0.38454410187067856,0.40795578209703903,-0.9901267870948719,-1.303423997955419,-0.41969607063472458,0.56698022510914348,0.83488389040183064
38,3,4.2866723589494837,2.5071897589625354,-1.121729016321305,-0.15265474381899985,-1.4631062286434777,0.29079094335422323,-0.15885661860580277,-0.60829034510147983,1.8372433654225144,-0.85712622803839567,-1.4437044398286767
38,4,2.4885408073209536,0.83082437228499839,-1.0749048454694123,0.28037755899722672,-2.0828434723155302,-0.82760454647527926,-2.4084277951696813,1.4986533887417093,0.66733588967324808,-1.3304762244201802,-0.51645719642573806
38,5,0.96797361972173546,0.38054090756361225,-0.73058798197926522,0.93581496500514416,-1.6046079703448393,-0.36271596246308874,-0.12072785709726987,-1.2250247953560587,1.2944867810820142,-1.0785436433139011,-0.16456473839058788
38,6,1.0099391363951242,0.067562332953324561,0.15191788036713089,0.91559631220188109,-1.6303516151957786,-1.7577482760021301,-1.7698604811196879,-1.2236039561029983,0.60732240102244162,-0.30189234744080412,-0.16571211568382191
38,7,0.86585444298032144,-0.60075096633386271,-1.7630063213306879,-1.852375827116536,0.10126162413857447,0.63454921411843601,-1.4273843590154049,1.2818293895526622,0.98636390007085462,0.01560412026895432,-0.86058829678311843
38,8,4.0725881591637867,0.69690735098961754,-0.74708881060986254,0.57116997845131479,-0.29180525887065939,-0.63266387530766699,1.1086900408917701,0.10982155320941907,0.33366598346127185,0.20833901080648898,-0.45617295260724422
38,9,3.3574539905762526,1.7431054375553743,-0.034337310290096228,0.69631742635684535,0.18687994056794449,0.75980783130315799,0.7999504101290914,0.54598590574453798,0.97994051064080423,-1.1894957140057041,-0.040441548848420376
38,10,-1.8895260841061083,-1.4625362316733403,-0.15917043814448856,-0.58662023644662364,-0.71133472369845574,-1.5039380656683983,0.050202188292386672,0.49891302342625604,0.11721318299228889,0.15678261655133516,-1.4443312552897165
39,1,4.1954598555963702,-0.73184690248290463,-0.7452712596586677,0.14489219320995392,1.567329193966742,-0.40284866280715892,-0.19492476896810509,1.2017436311548892,-0.55563539730970801,0.91305654919594337,0.22879307108661084
39,2,2.3023987838593558,-0.42243538312449319,-0.042327034328898797,1.4517602102425657,-0.96185411914262475,-0.75648414716593204,0.62268382640711328,-0.31618595036133967,0.51414864170298591,-0.11368399949707414,-0.56462736145451164
39,3,-5.9644803556776909,-2.6453066762456587,2.3348253332590767,-0.49436012257466644,-0.85730978833293048,-2.0806651157303881,2.2440981871421499,0.42358246833082036,-2.2051710583807376,-0.26227118153847995,0.51812902621473944
39,4,3.2966192022508753,1.2018915988342544,-0.28823333778539278,1.6229048506918349,0.32507098610210478,-1.2343351091290899,-0.32820649125699741,0.52765721125037923,-0.093096801571594015,-0.42800060362283598,-0.73378730222833399
39,5,2.6489256789678786,0.17451848994199148,-1.3659715496406966,0.081463483598859562,1.0079951092175441,0.094112629629400799,0.84195823235609291,-0.64121923191533092,1.1381848949095097,-0.024037075667675475,0.55429306673873813
39,6,-0.19813778041917549,-1.7962513409677632,-1.4172528422639163,-0.22727128332719898,1.6125723241205949,-0.97677094879929416,0.49669353065989702,0.91031555112800466,-2.1265362522296485,-1.0761908249693435,-0.48304552701117937
39,7,3.6760786029471895,0.39840532681635382,-0.74575016607325162,1.7242372582091274,1.9468417914213858,-0.17079238966181484,0.34796728052604409,-0.65709112324626784,-0.63198525026253516,-1.2508908007722697,0.048539060912177301
39,8,-0.012843026739928987,-0.92905291065480489,-0.37610779076116468,-0.06450372384654543,-1.8235498556858034,0.054374144132196912,-0.56223747421013548,1.1856041715373149,2.0428960191239414,0.9915698319425047,1.441892771852668
39,9,-0.39757757461343557,-1.0859238462798704,-0.1631435376922285,1.556127536121755,-0.51707584665504447,-0.036335485374051985,1.362825304267991,-1.3395505034295117,-0.52471534708316958,0.58913510953432946,-1.0875499289768435
39,10,-0.70517312485098016,-1.3313466583546887,0.032755628115623298,-0.55320127130747221,0.047119688103275666,0.37186946323852049,1.2945167304071044,-0.34043498272724443,0.53652673982580101,1.1924752263178429,-0.18946809123907071
40,1,1.3519061732412536,0.1940579246382732,-0.65472450298996998,0.85441242839234344,-0.36614670699677349,-0.69435738489323906,-2.1559204989800453,-0.44758060622835677,1.1508907128884482,1.6062750797300527,0.10984019975665911
40,2,-1.3804462662544554,-1.0353585489559065,-0.81263380553419995,0.27177541639180486,-0.25560223350027655,0.37587845936979519,1.9646562216839434,0.18532520286352872,-1.1381548593163644,0.29355684553503286,0.16376346436309905
40,3,-0.68858457673323348,0.4005124146310618,0.1920989428889725,0.26195175827517159,0.35604331244495707,0.02377187950932317,0.68585133076437343,-0.76749386967356592,-0.25603352929801132,0.41783645946233638,0.7118480699886679
40,4,-0.19937735717543176,-0.17824330888022244,-0.94479364441552971,1.197685015057842,0.21998393646318182,-0.78982277782335364,-0.64247950103090856,0.72987088074578665,0.66528417845721699,0.11090935338059009,-0.74347496458795392
40,5,-2.3921937125033388,-0.20037320045777321,0.4042956501950199,-0.28407796311908107,-0.649520668421533,0.059144904571731868,0.12166907088084178,0.80651185896458011,-0.1693187234688335,0.061763199301389946,1.1073807907297395
40,6,-1.6955526704934836,-0.4436973967508191,0.79804885580262575,-2.5824724418843537,0.92468491088470117,-0.60034606080347963,0.15780741248615252,-1.8901451650311509,0.03360744152961298,1.1160130997962301,0.016377963192747511
40,7,1.5336330426216562,0.55697187848114549,-1.3655352397349791,0.48037914822612476,0.22038070099380258,-0.24570629549328918,1.1698945900211872,-0.55156325214472901,-1.1342824256116941,-1.1099560839150329,-0.23396801073210569
40,8,0.22459652421672166,-0.098753769738392172,0.19170549735876602,1.9866156575683722,-1.9604278307458012,0.47620135945318309,1.3568296535483861,1.1883796272409728,-1.3464214979364408,-0.48999314163936497,-2.8382716547725972
40,9,-1.1553674983006863,0.0042780789978475878,0.099934350055706861,0.091299014577331333,0.49288273357305562,-0.28785306724994142,-0.46251783294292431,0.84326932825162526,1.3262640648726913,2.0937901456807189,2.2541473914456307
40,10,-2.3846688044039421,0.38499297867674265,-0.65289848238262327,-0.72571641739095849,-0.72736695932839612,0.48000958127277049,0.69846522031555547,0.60569656414374873,-0.68548272780577968,-1.4056680580347201,1.7272192156654111
41,1,2.5991356765229261,-1.5637523771937116,0.59320316773369985,-0.18525094008261725,0.0063645990972024478,2.0086413329572812,-1.0585739829650167,0.8129685406383439,-0.30628314895550096,1.8031504847114592,0.22898413553683342
41,2,-4.6908961946411685,-1.405170540902426,0.29293205730080613,-0.76515976892309168,2.0857256902046375,0.38554675424682761,-0.37384318471961969,-0.3181326006376079,0.28019520693027511,-1.7186079741575411,0.5078457125514293
41,3,-0.43153863062958409,0.40522895360441286,0.46159308712453867,-0.59947336361246195,-0.3732618225956183,-0.72728622275596033,0.60169732981420088,0.10874679334324722,-0.39484115668649261,-0.32426025757595894,-1.1814226753964627
41,4,-2.0723061679864569,-0.11584917582559018,0.49533451393466216,-0.095809906413469439,-0.35856789447896814,0.77037165357368143,-0.80733869747131626,-0.80449425068053371,-1.1817156422594739,-0.14411948406708525,0.4559080398667425
41,5,0.73618936838744642,-0.80526848578874977,-1.1900702677141513,0.62040519246382775,0.33724898622316563,-1.8708094863993399,0.46541558247477621,0.80283033948029259,1.8374416595541152,-0.05759106676926997,-0.067625098606850731
41,6,4.9665830237372859,1.8426842623697188,-0.65089229692070483,-1.3599518132233019,0.15083822443100042,-0.7970215371782845,-1.8257608529059732,-0.36254960177418416,-0.38199122714035255,0.98188785359360586,-0.63317226034673912
41,7,1.7533073485405331,-0.67589417846573296,-0.50815951573343032,0.13764984873082997,-0.36461287433520695,0.33839792670801139,-0.58533576319736413,-1.706774369080216,0.029534940510646104,0.67123638462499158,-0.37170054927350488
41,8,-1.1099262713552862,-0.98228091572462217,-0.3300051091526367,0.27119600941771316,-1.2175893284789874,-0.57213287499589771,0.92361787487634905,-0.76822200079676828,-0.62276934858234778,-0.88144138977500219,-0.79107562559304212
41,9,4.786625061904684,2.1937084013451287,0.96478915376839314,1.8650777224839872,0.8647768742612485,2.3820745189705765,-1.5650948069605695,-0.49403619953747507,-0.11521300094043556,-0.56994012036556962,0.30795935219481657
41,10,-0.10984477496068445,-1.2366230058725545,-1.2805306378159531,0.038925153355983379,0.1733516886083605,0.88896569054268459,-0.85334962507587409,-1.0070030019023379,-1.2436018141541603,-0.35580869941419208,-0.884456532542097
42,1,0.57060963425929745,1.0925459588909785,-0.51158913778817316,-2.1892167722230154,-0.30069570002294893,-1.0779160547003515,-2.0140890857723956,-0.74188400243951946,1.1971494356400363,0.67273021045190806,2.690999309227645
42,2,0.13843849087613364,-0.36690040059780615,-0.18770833571229792,-0.1346970624216611,-0.15645214990465214,1.5351405152602775,0.85124709337663662,0.092616627782495881,0.013871220725670657,-0.15809747036550287,1.1353098016474132
42,3,0.66031538844621318,-0.40089042609560499,-1.112155306222141,1.5116465036397013,0.66546456746305283,0.95194285144881552,-0.2771530271459694,-0.99968213248471038,-0.23318516065704448,-0.17972922414156536,-0.52230614289287436
42,4,-2.0960239133632914,-0.50857511384317078,0.98893501782666404,-0.4642030350217517,1.6928794602631621,0.71758277603990284,-0.073188265665118046,-0.023718690150206233,-0.40517223183561846,0.17068102468064444,-0.13681259814435007
42,5,-0.15518612753302061,-0.091760369560017138,-0.13333202700342545,0.69406887026054576,-1.8005392821476427,1.4335788790098072,0.097739346187714571,1.401199975334728,-0.69360536216753754,-0.54048401827276382,0.60154871632955054
42,6,-0.43297293169048218,0.21829594363481805,-0.51750452444996187,0.048015091968695189,-1.388769619176627,-0.22047866074895048,-0.59014570399925759,0.37116997190886453,0.2933083055042387,-0.60852610113148353,-0.27734825002585073
42,7,4.5517323499727427,-0.29601606065601899,-0.40520047343804033,0.18117301245263145,0.79420554923013986,0.35414942769688551,-0.63953448442453598,-1.7896080622340471,-0.13361281295311342,0.86731419288284772,-0.42573623489428136
42,8,2.8019495044515033,-0.37912072553442927,-2.0204743353948857,0.59577087003961027,0.4440562162984617,-1.0742533325872483,1.0658091781399448,0.79621553183849869,-0.5126014160819945,1.030334717165734,-1.4610163151699995
42,9,-2.3969617173531876,0.54149721998969236,0.40168779906243318,-0.68145479489770011,0.004539979161607431,-0.9404047454346518,-0.71976171434991154,-0.81807929607587793,-0.16940633980261338,-0.90184761339395492,0.16526747519775553
42,10,-3.8032276154108651,-1.4111359303123554,0.51592843157635304,-0.10973406594766469,1.1978975848044346,-1.1443256023867021,-1.3936395662856556,0.0397066691082937,-0.37757028976038559,-0.970392838494196,-1.0890818454635034
43,1,-0.5782490876089984,-0.91151220925213461,-0.48533078979440586,0.56750293046523714,0.82309467263787306,-0.56282104875717021,-2.5661532826985001,-0.38231528087575756,-0.29929985711333346,-0.66245366501728598,0.15889455302383787
43,2,-2.0180351918416903,-1.9217615191260162,-1.1622954914714034,-0.8599722694462677,0.5343997971080946,0.69978266975796943,-1.1906132764459303,0.98373108942640775,-0.78651270100273174,0.28292942132076565,0.78149931225398683
43,3,0.71210121407974369,-1.5157466750510038,-1.6494191042901547,0.95633855458083461,0.29023953359145327,-0.026755560759085629,-0.15910127551575556,-1.0734066211229281,0.60056047091485043,-0.20494343816486491,0.060917081027530941
43,4,-0.069737893998397471,0.44114670409919782,-0.41044845732008761,-0.12827241550940402,0.79070487913174925,0.49802592653746591,-1.6255929553557702,0.42474969382513217,-0.048518796260541563,-0.5779161557002277,0.25012591948861501
43,5,-2.9807933389287156,-1.2917637998682343,0.98144218795078297,-0.36810957934869543,-0.16082453811713951,-0.90373564594699618,-0.48243770435882127,0.053163303515010647,-0.97405622593745078,-0.0135467971762115,-0.93034754689990684
43,6,-0.57028336360613152,0.99807250755422905,0.47493456939600281,0.21753437938226733,0.64417025639468273,0.82176427926028062,-1.4972037706998378,0.42323840926475448,-0.52471132834336165,-0.10184341540311607,1.9619870079901045
43,7,-0.16516780484816804,0.91286898972788477,-0.1683148610316838,-1.15861338575957,-0.02392850183434329,-0.63883258629469308,-0.20013095512759421,-0.45029497322315609,0.061817036591471974,-0.60197993357217461,-0.82609138139582405
43,8,-3.4384366458226028,-2.3188152611446733,-0.81258960404714187,0.63095874812780728,-1.0476473313783106,0.96011110094389696,0.65276705719405148,0.37055769403002053,0.54335320291049205,-0.16522479330807077,0.20003239139678478
43,9,-0.82118810234210105,0.90028927014693039,-0.37310507637003582,-0.43410153118990841,-0.08200673927346018,-1.8113137543001132,-0.36038677426158583,-0.72991888948286909,-1.059496815021425,-0.26608116558797978,0.099927993155072573
43,10,2.9553425259746406,0.22490129657934874,-0.58410065708385439,0.35920315785010604,-0.61044737775813984,-0.42522403106521323,0.85312542421025905,0.42301426631418165,1.4198611093592755,2.1105784342310474,-0.40169969484448054
44,1,0.8912795237796205,0.58030677140496156,-1.0150037644351206,-1.0292891849633281,-1.3812963962903329,-0.6221134473842912,-0.95941650512270127,0.024114131770091394,0.15706860829574709,0.18229203058992299,1.3734816430100796
44,2,4.7331454032269988,0.98664937945170306,0.4257013995397681,-0.37115459422149688,0.67244712868279866,-0.57689589215127723,1.1377106389799434,-0.1553552591087442,0.60717645836792733,0.25577331027095962,-0.017595860369784569
44,3,-1.3692896366499485,-0.47237763598673738,-0.2885598849012419,-1.0612379938041141,0.59902529644262781,0.96380644146862882,0.44163240578288543,-1.0079369100857032,-0.60661770223275335,-1.5037120201250018,-0.12768010110341288
44,4,4.1593874010611191,0.98454791126672792,1.0151063849327155,1.0386614380911949,0.52480712569951127,1.4193053636122244,0.48201343335588825,0.37901399932512825,1.4146332785264744,0.64264082961857705,-1.0216197283877939
44,5,1.9957034700812128,1.5727330126932004,0.7688261384900108,-1.3410440757587141,-0.80773216722836627,0.36936855395432971,0.33974401075752492,2.0607487683207419,0.47046411528301857,0.95627854211246455,2.6020421451660747
44,6,2.2687093635555771,1.4688594271123998,0.21287287489951454,1.1493471291939585,-0.80832089551968833,1.0704527486022455,0.40957512359087428,-0.48821807055882549,-1.066347437319952,0.29261127826607236,0.9784489022919387
44,7,-2.0979815096109604,-0.087616972765296591,1.2353447362368428,-2.0576541539153204,1.1721971395273334,-0.087038176509857748,0.68094660394253914,-1.0408042221945746,0.59286483615870567,-0.67575478148651469,-0.69088926977749143
44,8,3.5467924264613138,0.72359084927826955,1.5598835269792342,1.9330156506721075,1.0871129209724364,1.0585108003178219,-2.1093525098106407,1.0341860826647624,-0.33662180741595532,-0.18595740641621986,-0.71539309008987784
44,9,4.2960130838737793,-0.16766468544380192,-1.5750392015993187,3.6886640651736911,-0.26707701052142452,-0.53757711878380454,-1.4271635496570889,-0.69912983577915178,0.48957998199288405,0.26260586609273739,0.31054121682268965
44,10,0.68477241152145307,-2.2538938839451985,-0.66412389532132599,0.41613187462682011,0.54041862559298282,-0.60881162524294574,-0.28510923432828505,-1.2920079194315195,0.069661588929962354,0.28996755292218751,-0.41637319879924689
45,1,-5.1746015815712063,-0.41729030600141992,0.94535440513126834,-1.4719833371425479,0.090806356915226691,-0.88629345008842542,0.85878229168194331,0.4240190574222239,-0.80273638162702388,-0.71799331889481799,-0.08105892334988607
45,2,-1.57565862021278,0.54623438791780476,-0.2547760737632867,2.6904109323797303,-0.71342399202510454,-0.83527436446678471,0.38436039773794878,0.5987320975380086,0.24061049620023381,-0.91040478348254383,-0.13274252727853744
45,3,0.97015671732933595,2.1036016763491792,0.6999599394930538,0.81502901618556944,0.79758545149715365,-2.7453768561988832,1.6824518639312638,0.65373144894988022,-0.74377784010833159,-0.29700508960849192,1.4891732364069084
45,4,-0.87958943312116422,0.95966440036147571,0.29651841786256156,0.10526193583722794,0.11481325048330034,0.20124802508613229,-0.35854324808893889,-1.8182695443971675,0.15852046814275575,-0.27869046996822644,-1.0531873157137974
45,5,-6.1593147760407598,0.33190733985105925,1.5070350113032329,-1.3727892831328705,-1.4911708049900865,-0.42873309011072813,0.61214042480583541,0.34697705860554806,-1.0373918554003785,-0.68980608872993698,1.5534919466730475
45,6,-1.3192612743027601,-0.18462912617954202,-0.71485685069978555,-1.5591337540038561,-0.50965526491638746,-0.29990915915388222,-1.0434580932166069,-0.089647889405663317,-0.87640193951401169,0.24598636886884867,-0.98600338661810549
45,7,-0.63127132429813426,0.99753078856767741,-0.17239815711409651,-1.2776316246591044,-0.036876521849216304,-0.6622518233328597,-0.74070064313327888,-0.014467898941404853,0.28727969357089306,1.5475688351497823,1.1808451504524784
45,8,-2.447571530137699,0.60910989163702667,1.2367784790715344,0.12303419992887928,-0.10052831685748771,1.4406383163755874,-0.50942287854655555,0.76744209450775525,0.79133396362358377,-0.28061398981433539,-0.17190744576957412
45,9,-2.2354675799534687,0.18711589667307549,0.60692189674460228,0.8546704848885931,0.47872329469592945,1.4523150501816104,1.3284273510724063,1.3541193581670898,0.85475890870795257,0.46358117293673545,0.84679336280997308
45,10,-4.3742982682188751,-1.1331304128111592,1.2232419385269508,0.37034379324319378,1.5994331712712351,0.60002856042733177,0.48908586957641442,-1.5507277783966307,0.12018126113363448,0.60171720547432295,1.5134021365394532
46,1,1.5233148819260283,0.12056151097866838,0.51450353596354625,-0.60949641763390028,0.33902866304979534,-0.18968314245633103,-1.1873321924689426,0.20710472411991163,-0.52088741562587304,1.8074932552219034,1.0721917276167112
46,2,3.8185887776511036,0.60087128894222552,-0.14505039212003626,1.6537244254880508,-0.090317720946043678,-0.10728433140327068,-0.14065332056680691,0.73499911923503236,-0.32474092406729804,0.42630136810924713,0.75365720600404362
46,3,3.8514268267217395,0.3078190052125459,-0.25459479017167974,-0.049244014020599795,0.57289791577709215,-0.4846586701924061,-0.41806046839693017,-0.99231750216833936,1.9433431944604371,2.8051444304547344,0.0029111784180369201
46,4,-3.0308132151598883,-0.087564546191117185,0.25106239897725924,-0.39641145965615715,0.15066916242034681,-1.0292713710962058,-0.94023384401054022,1.1248714268091655,-1.616980520684026,-0.86216138651204466,1.2854034610027942
46,5,3.6125355671577921,0.31515193572102029,-0.79810754785159188,0.87752120282669388,-1.4375221513006371,0.66003520789120096,1.7528306094636337,1.4220371449658966,1.0590085324957195,2.2374688327877732,0.97966879186007816
46,6,5.9197224733022598,2.2071859121541428,-1.2731459674552483,0.1912042682310893,-0.42608908656593819,-0.71101801077354909,-0.65694234854758859,-0.66541576572668459,1.4896807870476538,-0.81716445078329236,-0.88145954849817776
46,7,2.1479739248358287,0.68637371621975796,0.20545483669456149,0.95392715779633119,-1.0230543903145288,-3.0070319703010235,-0.89446413460219121,-0.0029824336051599287,0.68108424482927288,0.55963716655286622,-0.38047964558971381
46,8,-1.0452731556848218,-0.35985761986079384,0.20263075083672333,0.098725858691831564,-0.46210968051457141,-0.19830779202587853,-0.41150572458818696,-1.1060723706806432,-1.3039181489794418,0.53487671260467906,-0.48766931965123755
46,9,-3.488938303535023,-0.12759973974121178,0.13558791325715977,-0.3249845979620552,-1.7010288540230702,0.48790223368290098,1.047170108122937,2.5466016780242291,-0.052290041339119388,-1.7169702493756285,-0.75789619328003588
46,10,0.33164129484053073,0.33406656947514418,0.70606193046942378,2.5308663508630596,-0.23663103377718753,-1.407695495427554,0.33944939508729677,0.47377953286724073,-0.086381492553035455,-0.31496737062494456,2.0664485381777484
47,1,2.0430659461796519,-1.0649095739287391,-0.42806701584428286,0.61936599586262486,-0.60763524972968475,-0.0097099886479042209,-0.602099766535236,0.32348792278943961,-0.95548277913524737,0.9311746825195546,-1.3897792024627185
47,2,-1.5710690805658405,-0.89197848801484181,-0.66762463113717996,0.40127991263863683,-1.2903282208439331,-0.011272793250171467,0.037305583950502805,0.47235925874058349,-0.72084293503815788,-0.68267517577765757,0.13263647804042761
47,3,-2.1271000668685325,-0.76992714325148559,0.52890972432601147,0.27335542185053568,-1.0205482437578632,1.3301314951629186,1.277192718651412,-0.067359648498529295,0.31354230958688156,-1.5869929711885979,-1.5186320668789905
47,4,0.64888175021931249,1.2135894954788589,0.35909918700057936,0.37795508766799651,-0.59488719517628053,1.6786092917083917,-2.8337014045912623,-0.3377788584141222,-0.84575956769682081,-0.23306733831162454,2.1805399942581434
47,5,-4.1560730687151182,-1.6798887586122049,0.46279189506607382,0.29842487856854988,0.0060078109744996422,-0.14728639100635874,0.021809315061939793,-0.22044385040495115,0.1130752215527133,-0.59772850220090179,1.2860052941601494
47,6,0.86912357587746802,0.81724812194667651,0.30930988105173196,0.92895205611756215,-0.84437063419246539,-1.4913799873593723,1.8019039017724678,-2.1190949289724887,0.57576099705241224,0.60812226909949152,-0.32699324880581221
47,7,4.5829008212573239,0.87426436267884311,-0.51219121064681317,-0.96762603616667087,1.4283060478389493,-0.17727181695264246,1.3653108925240891,0.68242182651634586,0.13760595624843608,1.3960163263966558,-0.80532988216867996
47,8,-2.9713103933614513,-0.072187239611978635,0.74233569951027878,-0.16503737541016378,0.84685069200480545,-1.1181042312250153,-0.24932141306129904,-1.8516054362914232,0.9405507469129587,-1.610223946315581,-1.2956987435898564
47,9,-0.72673863744689271,1.759184632239891,0.00023828446352645359,-0.79875050940296144,0.53298463175853716,0.93384470545119869,0.35098226877667765,-0.54262307789718811,0.016232068835183498,0.44848973945827036,0.99648065540138164
47,10,2.1486764160036746,1.2272892153910104,0.43788031414303141,-0.26677562839254682,1.0471866809477093,-0.73387825570602017,0.78536130093666112,0.49495091902859939,-0.83070905972106845,-0.30104282014759876,-0.2198941002549647
48,1,-0.49081237142746681,0.85268944240092204,0.30495904651953093,-0.2742069565429065,-0.026573590165536256,-1.0046900430735193,-0.85836909830548769,1.9032427785705923,-0.71541684423355933,-1.2748377761202407,0.25073871865747943
48,2,0.9901002434877193,0.11961946886980149,0.61263886626502728,-0.9020175505045489,1.4826245538006133,1.7346152734967968,-0.19359833438229246,0.35846480260059754,-1.1873756355933758,-0.44810187618526842,-0.91423353786887585
48,3,3.8837170271415156,2.5452675664304945,0.66686702672664311,-1.013358892285005,0.95677526365952559,0.81884675226533421,-0.50481349019921262,1.7110419074065195,-0.0063473919153510198,-1.4611319637384428,0.496198479908187
48,4,-6.0027339296398177,-2.7982507616150993,1.5576489244476055,-0.019727129488283642,-1.6393342853885502,-0.4007728788164896,1.5408016843574892,-1.3839336708572505,0.015860667545684735,1.0893167535777584,-0.16041150798927065
48,5,-0.50256697682288198,-0.22537261766134575,0.84720222010607416,-1.6301365528700873,-0.49172072266234657,-0.8600803272928107,-0.11896302371801352,-1.211247768363146,-0.3754219282991918,1.0163155987595391,-0.53618932222240034
48,6,3.7938686866364861,0.022154787689374469,-0.60860421287062394,0.65443373332906962,0.98743088844980709,0.95106288227444125,1.0845798599786651,1.047954185224055,-0.088896375791600535,-0.39482367217255293,0.4955358900030335
48,7,3.5647204255023732,-0.44854379281636231,-1.0049346242546762,-1.2129616467689956,0.016566914290689811,0.44825962744393688,0.69185710807059675,-0.59168631293508311,-0.49048107401216312,1.1336779428735027,-1.6155816966057275
48,8,-4.4090217860399532,-3.3934794255419884,-0.53912727920919512,0.20802903822744284,-1.3367330995191249,1.051835285478453,1.2772862886442893,0.41970653538293673,0.45579341884080776,0.64212679523253247,0.30162112099561494
48,9,1.1264160859216512,-0.30482734900572583,-0.67125098409114725,-0.3354620936439201,-0.35459418332200326,-0.5826769802051196,0.13758252852327402,-0.55593900987956923,0.30770393476725277,0.62033187474441431,0.061645618953884949
48,10,1.6424264381356812,-0.46166338285510439,-0.7796032284169464,1.2997927040085506,1.4984935648161559,0.68428229150128683,0.88034732415075134,0.37888279303391703,0.64773131767533965,-0.7949431577202718,-0.14015940143088745
49,1,-3.4739373276851415,-0.50042588658800957,-0.87919411449754303,-2.3274319866200219,-0.96854427346305927,0.10846567233218836,0.59642227138748538,-0.035847554057740275,-1.2503256307168877,-1.8676853797829844,-0.056876362385267894
49,2,0.80555841396132633,0.89288711083489158,0.13839127272914697,0.44489468703107543,0.89104149285911227,-1.5460360393806578,-0.63412572853647997,0.18530506001459821,1.4558895549080031,1.1711825707766215,-0.21067384546214979
49,3,1.7049981296277172,0.34338746749065369,-0.20978154824327894,-0.60967783101209305,0.46604988178587636,-0.44031346168710733,-0.34723168717730263,2.2429225148335572,-0.56112464728891653,1.6686314215691191,-0.2580773986674797
49,4,-4.3986657878909599,-0.84632807924634534,-0.47256221262494291,0.38371116229587615,-0.35125557571028065,-0.67871211938861431,-0.54787889887455143,0.10917956529261102,-0.50184559379392168,-1.8183483807545642,2.2037614425915515
49,5,-0.1134781097535571,-1.2927763717696297,-1.6510824560308197,-0.67514676198299628,0.76325705335302185,1.4695661832231508,0.31549392962279205,-0.6078363623139027,0.2937229810453228,-0.58844165558054062,-1.3351805536764794
49,6,0.13705441511591721,0.73762265846899444,0.2295034572962536,1.3250304117063194,-0.052203981424688822,-0.46952165874418988,0.21245978015341585,0.4251077248077742,-0.40807280501021037,0.7333045631425037,0.83933308152229713
49,7,3.6162229801582413,1.5115358728420887,1.0110217198700509,-0.53030045476810295,-0.5820714786811404,-0.97858282831371968,1.3719584257214583,0.33554913762206862,-0.17096979463058665,0.26049933380971391,-1.7203481729238861
49,8,-1.3945539941917942,-0.32942960636086788,0.4851454067090113,-1.3335613963068307,0.77926952658083526,-0.23582884366352963,0.59186523449900919,-0.96253883189688672,0.98944827983543515,-0.92287331486449808,-0.55568172556124162
49,9,-4.2358474703101976,-0.27043530527707454,1.7649170142918982,-0.091281286531533959,0.012323173269693453,1.684529586411214,0.21691217345904185,-0.56497538064169628,-0.23370164137663033,-1.1721442415756413,1.9014127358764095
49,10,-2.2269715344991092,-0.08254287786575569,-0.059711326987248792,0.74218436030592538,-0.94285922206790063,1.6441811856773298,-1.105275341820801,1.5580532089804662,-1.1081853674239264,-1.2866516081039963,1.6739890473614571
50,1,4.1057919349725776,-0.73631049182614816,-1.8344303242547773,1.596966542250239,0.65711854993605234,-1.3583439040716772,0.89902378351126,-0.13776017744792707,0.013000681633688312,0.26622498914359127,-1.0172445323078383
50,2,0.57170623301295764,1.2076722943491141,0.55635565638653195,-0.005352087810443734,0.11529915667062603,0.61200902827744497,-0.44876388966913344,-0.67929965458059371,1.9577135635067167,0.065917150488053286,0.59895185001372753
50,3,-2.37184603121029,0.32368403906142157,1.7250276539078535,0.1542722505071264,1.0245021396073879,-0.20732535257089676,0.55849668710980727,-0.91373142811942076,0.42288044074399977,-1.1540687294999104,-0.16869313441678782
50,4,-1.179457394408667,-0.76374208233059371,0.92903446317306349,0.70466558886430031,0.59021563997283299,-0.61822026100777161,-0.71583260409209426,0.1071987763712732,-0.58046493640338936,0.092139699066158404,-0.22681699097205404
50,5,-4.3242965063089676,-0.18729234328670213,0.84674020067821409,-1.574012690322603,-1.9267558187863343,0.51176082437417758,-2.0542747913428001,-1.9356517535006179,-0.93105086187898622,-1.0436204779761296,-1.1009917719974653
50,6,2.0660396003028669,0.78380043404092981,0.81890549902598397,1.550815759218283,-1.273580885921973,0.90827973567306619,0.45656309852317523,-0.048901175374920738,-0.67333575044021454,0.79113596395998387,0.49773894898765536
50,7,0.58647471053680889,-0.95003215340996405,-1.6147580525864347,0.76261722945475918,0.36301095270459288,-0.040377650667623659,1.1453496272783534,0.15301919326391056,0.79693249862277693,1.7262754055140901,1.1489951181082438
50,8,-0.26884229728525166,0.26004335770575859,0.57052410389332742,-1.4836723166776886,1.3276118406805961,1.1456724761834047,0.10213350834496246,-1.7922945314720171,0.044331694763233905,-0.5702096532347658,-0.93319279914496045
50,9,-1.2244201762697222,0.13980346194219728,1.6046511020340912,1.0906335876466586,0.094196595097169378,-0.92012437639436084,0.25679988125407116,1.3919339522281087,0.44834422178602784,0.34250028434782948,1.726715325292393
50,10,-1.3673372878587968,-0.18782695354289397,0.1903806248628602,1.8828268820438343,-0.31237955323296568,-0.92257533531684865,0.26378253410110214,-0.1172096712041263,-2.042906212555387,-2.2038008333866812,0.86243925043675573
51,1,0.10153100882829336,0.57652236275819846,-1.1893558371038835,0.33452719839909223,-0.3807369220839949,0.7351633316599957,-1.5501307391664676,0.61864654392328233,1.0968457038220043,-1.2273575185228758,0.93229159507213488
51,2,2.9009287131014041,0.24023707196126853,0.15377090703776813,1.2712332775507329,0.025801639071453313,-1.3948034732005616,-0.080717573563850897,-0.50014257842609666,-1.431707737249434,0.94369704463489679,-3.2601616522250718
51,3,-2.1900176908755107,0.97595112257649297,1.5166322729057968,-0.20769792120714919,0.77535254368907969,0.23856871360551285,0.68263844502597193,-0.8615492009715664,-1.3492966922612009,-1.1148665808909841,-0.65055209987818363
51,4,-0.38885383121184591,0.70148142429792237,0.035755418277628646,0.17493550798306173,0.34620726665041857,0.025494092067837777,-0.54556123588715233,-1.1174378615091998,-0.2925600354969512,0.098244962050220791,1.0250516141368053
51,5,-1.5694943971308153,-0.41202491150933468,0.66950302001691975,-0.41205776636587726,2.8730889492949054,-0.15956038052348742,0.57720212361267831,1.4282213268753134,1.4122201757753907,0.86567391052204634,0.89129979270688253
51,6,1.2655018413645989,1.1890157507166577,-1.5946073682096644,0.61962966443174505,0.16173073780948505,1.0803903137222022,-0.29295046967634847,-0.89913641516787091,-0.77823520746125885,-0.87751047254793413,1.6565892712977193
51,7,1.9445183948996589,1.2830951211077033,1.1064296601757251,1.111921571207007,-1.2408372278041355,-0.72951119440566892,-0.99228241370665338,0.82116762113546649,0.30044763193137719,1.1193456583054475,0.57263162526682165
51,8,0.38270531499335148,-0.28302308599362547,-0.39740410268913973,0.17682126869652348,-1.0000129209117048,-0.38955005287157862,-0.91136647545239391,0.08104922174723346,-0.20573521455633839,1.5304986811496837,1.0088576119047976
51,9,3.8440963484942663,0.91345202841411488,-1.3658321205857946,0.57477605559609835,1.26933371704767,0.9611447040422586,-0.9132250203263329,0.0026392067634258796,-1.5341254975547662,0.022726983816721214,-1.2847453401035522
51,10,-2.1621375707301196,-0.19529902490060014,0.52900347164752015,-1.1735635750200157,0.99440996307166252,-2.3044045263746122,0.12383162637042693,0.047704415928487384,-0.63176943752059633,0.76174300073479317,-0.65254232378217036
52,1,-1.06837198922153,0.96072190521979828,0.40065239398352182,1.5087908984515015,-0.2815705143017197,-2.0352126093780987,2.7114398854612474,0.27718181338242687,1.1025778895101253,0.18917007277378961,-1.5289162766467845
52,2,-4.3103182655287142,-0.2145143037440613,0.25409326312563446,-0.35769953427808393,1.0095056141716801,0.018767556281758215,-1.1798355765759512,0.45275544670203255,0.65991713385829309,-0.82050878730981425,0.75632605637256844
52,3,-2.6319825582492848,-0.4310939784224711,0.56946059230094903,1.1810136142693097,-2.454535235667576,0.97819784467426618,0.56274413948184343,0.74549912458160594,0.66353438086088734,0.097951575959059053,0.25538838228190147
52,4,-2.341198249482265,1.0639263186070815,-0.45089149793716338,0.69805774250869523,0.17058686927990574,-0.26876183771492779,0.36387613610187114,-0.80543625150519726,0.5006120233900534,-1.5449308551973613,0.79881223205968188
52,5,0.5226438917477485,-0.23598911120920624,-1.9731939146714472,0.84224911704892835,1.391215601497948,0.49372221216218976,0.23219818141867782,0.94217178191431228,-0.23415203825787276,0.1144160452840651,0.89687949451045312
52,6,-1.2525999896484636,0.32305072146718689,1.1446502208822076,0.31278900374303403,-0.7363417989703358,0.50261859729945335,0.24002467358519897,-0.97412742206936309,-0.53282639693268541,0.67233678174348621,-0.86726517223243815
52,7,-1.5763298916324109,-0.44547609149439527,-0.67346614164241025,-0.80767714842127203,-0.54728476519630687,-0.99821178546164402,1.4791993760043554,-1.4823248857920535,0.015791838719336208,-0.62270815883236141,-0.12746067110046516
52,8,2.2063518088290737,0.60421595823033036,-0.28861788149932233,-0.72151304725355403,0.49323180043846615,-0.12955651789248199,-0.12629838996275217,-1.1607684632541619,0.18071776072926732,0.70341144475320194,-3.3917139575069042
52,9,-3.8459814855233851,0.19954034169222745,1.2599048617614446,1.395120903131718,1.5616156977798084,-0.55055283353582907,0.12876241455631782,-0.22442366711284928,0.17833089068605695,-2.450370316177406,-0.064862438984832765
52,10,-3.7441140249230584,-0.53383889473250412,0.96180945086355663,-0.29678946073186291,0.73927378007608779,-0.59198790403089918,-0.12009745838417796,2.0426756637401726,0.5906350907857103,0.45486472099236192,-0.078182413898018166
53,1,-0.14758812650018494,-1.1414770433249513,-0.47208598750072628,1.5303899578042155,0.66970963520120874,-0.29183431363012219,1.1431381267434535,-0.22690837246559367,0.70862484501416245,1.3577465280399821,1.1999392107163001
53,2,0.45981596942215464,-0.11008881280664301,0.42147293076932274,-0.071370731089454076,0.82024684164852257,0.55800940635057028,1.2577949133778901,-1.5460845991536001,1.3021117770080506,0.087369465464100446,0.15573732775757237
53,3,-2.0794419688676835,-0.54722435262643598,-0.58345500369061809,-2.3942133498003089,1.3550332134905336,0.76725559482751027,1.1294617474014734,0.45198331578881296,-0.069121006177052066,0.5713108828446658,0.240412126778798
53,4,-6.3015967229682843,1.0622489334987038,1.7913769412898159,-0.40551154912455334,-0.26294052375097116,-1.5252776926118274,-0.0051160400550215104,0.86910259635742215,1.056693081743397,-1.3719857938356079,1.6331323336886339
53,5,0.1092871583189902,-2.2655293494556243,-1.7569119636212853,-0.65911425152335246,1.332890770858641,2.4355992134715869,0.42082843525766167,1.882055301090324,0.14534605898434944,0.57620714202378087,-2.7211119541923274
53,6,1.2521086521300284,0.95930488935419056,0.64885389602476362,0.48686060781839724,1.0448374623857628,-0.29561871192736561,-1.3394372674333237,-0.14316515909729982,0.25438411889921381,0.68891999894216094,0.83118473616216126
53,7,-4.6152043494571808,0.33949369290989806,0.34723583656782231,-0.68264772274797114,-0.34612783313922707,0.75673602375721782,-0.41092286074033185,-1.457966173559931,0.26282830730650891,0.33181292844435517,2.0943825234546964
53,8,0.84382197083907517,1.2161250602431479,-0.5025813944727977,1.665723282699421,-0.6698044859888368,-0.49197697816832703,-0.053775329959205018,0.57862467647064575,0.52782469097151408,-0.32954401365231761,0.031670834175439574
53,9,-2.4209308163007153,-0.38585955512273912,-0.82233038395052227,-1.5529835744077862,0.3238977495597094,-1.2197951992541674,-0.29962233895429585,-1.0017361439460601,0.49911612852694998,-0.32736832793066412,-1.2315068115703882
53,10,-2.4668286388937051,-0.1677865703647424,0.20956741322395836,1.5391923250103445,0.93706333971481959,-1.691332469809335,0.15812270980989721,0.25254708680613597,0.86267102966946219,-0.28485997000041197,0.64735908732012337
54,1,1.8896261647623893,-0.85337567370866796,-0.60148935168496764,0.26440888713086697,-0.93917394554258593,2.1103262683543864,-0.76130065661657487,0.63254458453781592,-0.37213860916988228,0.29344457808329411,-0.38584223041622567
54,2,-1.5284620259170216,-1.3398294723417297,1.3066904759668925,-1.0350152517082216,-0.010104814722940411,-2.9541478128050285,0.60080611826011188,-0.4081152453886554,0.3489934041702174,1.6916382532435306,0.71948878447042031
54,3,1.2416861172235785,-0.80923995895458922,-0.74878104993982797,1.4633067914396329,0.38055504973548504,-0.015681127910721501,-1.3585755575681187,-1.8152925383414249,-0.4951053343504333,0.16816062524141037,0.76663104617592437
54,4,0.29669103670263969,0.038708509250528947,0.16520514168276698,-0.27863034480152588,-0.91696924976613481,-0.13610750121763629,-0.47460526540119147,-0.77283253787013884,1.8064055869008711,1.1194706145432956,-0.25932707906216723
54,5,3.4951438402523825,0.86086138783728594,-1.1094282750122761,0.44237986321318246,0.6556674808571098,-0.4510630415843358,0.28398251012936016,0.093861033172035743,-3.3492834771624804,0.29450828817528441,-1.5643097204793002
54,6,0.75173238416865762,-0.83691879133068703,0.35214340027570235,0.37644569344329276,-2.0705490608417478,0.32127683463104734,-0.12758049047987505,0.81334407763355898,-1.1164467018297133,1.3833222211015561,-2.0669193268916559
54,7,0.53989194423315612,0.064062557999736189,1.4593829026208831,0.37995005032496504,-0.0013006010799657358,0.9572110226167152,0.29200560589760866,0.34114529194065379,1.2645366789942571,1.5749563064121781,0.25541144159806145
54,8,0.39094188477355463,-0.019643988468791326,-0.26736307437761125,0.4787491679711719,-1.0821443906379811,-1.9042131996274712,0.64937807185071938,0.31666536024012248,-0.75043714298957886,0.40216500642244474,1.0999869531864319
54,9,1.8593399504476709,0.11055573520428777,-0.29711701416200198,0.43387987416025642,0.28139215976309762,-1.5201653612786596,-0.5570526837824088,0.099048332055824806,0.79374641078234698,0.48531417382207642,-0.11959957542470517
54,10,-0.058871271811898496,1.4972833836995578,1.2957780363469427,-0.34060884997185759,-1.4593355726035615,0.48949713205824419,0.63247650654259957,0.36825802578384892,-0.63020416936065882,-0.33920185052240792,0.025056829681378751
55,1,-1.7031874344595153,1.356351115364552,-1.0107007614721082,-1.7310802998941068,0.045506931307473915,-1.2813104298412459,-0.030700759909742043,-1.9572204006187517,1.1759137999696263,-1.6514499882014428,-1.0191249409817242
55,2,-1.5085522760073451,-0.29059376917890206,1.2426280310587727,-0.43708664363060346,0.41147815799733312,-1.2672408207956265,-0.057522696205020998,-1.0565982677164805,-0.77389309703477738,0.85661613441225237,-1.4886039813098633
55,3,-1.3882557411365308,-0.11421357927547947,-0.25255523218741038,-0.071336420872235032,-0.55939268024799049,-1.1979710341784824,-0.11828446175084618,1.434539732275609,0.69513245121062861,-0.0063878559656056419,-0.0025636563972154152
55,4,-1.5116350658334226,-0.2683346151662333,-1.1419271636993491,-1.5058182257779356,-1.8715179806801832,-1.2456852956992734,-1.8315791721583059,0.82370253266766635,1.1011343105031652,0.20052207184597406,-0.78150530909087479
55,5,-3.4956185548924488,-2.5587425090853562,-0.29983402773802492,-2.039000646750631,1.3462113246946008,1.2957047706071887,-1.136985785528424,-0.9156104781200376,-0.91089398252613263,0.39219649090040765,0.031129467064669947
55,6,0.51567536463854191,0.35705824712201745,-0.819339459861262,-2.4603825795437415,-0.19081558820914465,0.68082523157022723,0.67133371524033925,-0.78413357739718625,-0.35258177219495984,0.51754494614740632,0.99006841498293696
55,7,-1.532930635592098,-0.38603218109633175,-0.33639709102160525,-1.1643710847972797,-0.31941499690070935,0.76028399317128048,1.0639911820067296,0.15553907019821242,0.069902574373616147,-0.19992205773689001,-1.8306748663983006
55,8,-3.7508634297989589,-1.7078832171059832,0.68955168107773945,0.82772156598334412,-0.42009460309439134,-0.43979614164484387,1.4723433691044516,-0.96434318951681375,1.4886864436301794,-1.692851200616081,-0.93191339576225651
55,9,-0.98046456859826181,0.62290017497413885,1.1507417889991165,1.4500669845100169,-1.71913905430247,-1.0494248102464974,-0.7304279778855578,-1.7408498450510124,0.22288599976312926,0.1940865576566792,-1.2635772604098952
55,10,3.1347935022459978,1.2300971854448497,-0.89213450986241205,-0.41047463832701803,0.87167536515781674,0.11592406841694573,-0.27426840450490114,0.93823002282848467,-0.24702369026696577,0.083515065845016542,0.39383266000335526
56,1,-0.74015661960716073,-1.2353680980496278,-1.5162446166802501,-0.058512569282043313,0.095972987066305526,-0.17589509920878038,-1.2817249767183625,0.83145957991727004,0.35195123944582574,0.5091988054210439,-0.092352366051022997
56,2,-2.1674975007182304,-0.32474070804383581,-0.58174067897361104,-1.0251543334836823,0.56641289792973371,-0.3070860496745797,-1.0045040764124522,-1.7814690932584376,0.34965813555743752,-0.45128029182591212,-0.039517613308900953
56,3,-1.1979655018373965,1.1743984257437656,1.6305682205434502,1.4674087277729624,0.10118819990095944,1.0602289086271688,0.47779172240148549,0.31401517912225252,-0.066296359923103371,-0.49273595899565475,0.71355279882705591
56,4,-6.5638828605804882,-0.93226785927557099,0.47776294307235334,-0.22881701360729489,0.8084173370287534,0.35745562050519286,0.29374967094770454,-0.4443584478869263,0.98526925706655566,-0.99457951166029657,0.96398064551163909
56,5,-2.6155201907905248,-0.46262131427225989,-1.1176678532559345,-1.7301662130143356,1.151887296318916,-0.82584101793599218,-0.44467498553584311,1.1127028141159625,0.75786818943571477,-0.89517626155507068,-1.2498726938273552
56,6,0.49793571059043262,0.43182640387565435,0.6868957471113013,-0.11712776974045648,1.8087853123845357,1.5812071621114046,0.78101182502835953,-0.14259430157977318,-0.30198650369368402,0.832316807672701,0.21466883187432637
56,7,-1.5754650083037789,0.33423388384787689,0.70467632780291145,0.35821691862246524,-1.1908177968492604,-1.0676145143251572,0.8601467430753551,1.1390494021877311,0.015541070615556528,1.2948259885700986,0.93979957647578216
56,8,-2.79232808498449,-0.2539373882004719,1.3456241438753758,0.66930211807069462,0.585304003220387,-1.2559178642740447,0.74417264248166393,0.62374685339880331,-0.81254326773855123,-1.1696353756415618,0.52253069292715149
56,9,3.7030001639725643,-0.51683518913089987,-1.894093008676442,2.3025230868494071,2.3694978093574801,0.8497423557131385,0.49768458790433923,1.8133368423560101,1.1726118997605079,1.4819540460746456,-0.035517890200094979
56,10,-2.5810963772836968,-1.2916091712627757,-1.5347803221993066,0.78500873141998539,-0.87975554704533554,-0.21501157748211722,0.68736024899092352,-1.7929960725784599,-0.20248283761156857,-0.37258058897223606,1.0719413652437515
57,1,-3.03260080051645,-0.395324735775267,1.9216786962331263,0.14258617630042555,0.81866877108714375,0.99815166169661207,-0.86767743787892726,1.3538024124224768,-0.54951885213685137,-0.75082182480592785,0.75960113828634024
57,2,1.0215906468580749,-0.049815408620133145,-0.31857609853849184,0.44351067508334502,-2.2646090282839633,0.23774597555692367,0.38677712163728223,-0.95503242132680699,-0.90630760228805296,0.039401838137451337,-0.18364381495078685
57,3,0.27035000290925271,-0.00052104832065952603,-0.16099312310152591,-0.47831308014628693,1.295506601237767,0.17563304987819925,-1.1844498202771874,0.44541031684127325,0.025503043239869402,-0.51848416441659806,-0.61150242730629101
57,4,-4.3191847184355368,-1.0945897880507296,-0.78854722970837277,-1.2005203263191451,-1.6485044951587442,-1.1257529275987277,-0.022800103272896208,-1.5168510929930159,0.62096293515846657,0.13162765615885205,-0.12865948289819593
57,5,0.082689465814751673,-0.76072428023422622,-0.10853461859686989,1.287049663543413,0.25413401158719856,1.683501767547311,-0.95465829064433205,-1.7756885029146421,0.93818050637633876,0.87746313951808963,1.074425376995316
57,6,1.8927023352164631,-1.1946209992555405,-1.2705751807864245,2.4120544938323762,0.61509271798431986,-0.98511187273233469,0.59414524526647883,-0.3420325899772923,0.33138255549306611,0.34000425546873569,-0.027658470109340035
57,7,0.25913394535686585,0.57804902525337942,1.1747349151702882,-1.3716464084347448,0.32685324653749848,-0.098188326002029674,-1.3698589437927362,-1.1187734070764592,1.7598117999566398,0.55692038929146792,0.39182894239936161
57,8,-0.22231651235179328,-0.20721070809628711,1.0158681015785189,1.2366585803491199,-0.40872694650733093,0.27185236145055969,0.32460334297572968,1.1057214083688855,0.96166267716437803,-0.64846553378574856,-1.8444840901269139
57,9,1.2958094613285871,-0.1736574292008585,-1.692676748781244,-0.065729515296626753,-0.93226461135706029,-1.2893161870490302,-0.17402565316829685,0.24250785144793552,0.13169412965349117,0.81301108944736578,-1.3900093554974009
57,10,3.9460538435234644,1.1178484630831433,-0.58046590240978124,-0.88394856355591223,-0.69331868365007954,0.31677216398014085,-0.69665560817261984,-0.43755782403506749,-1.3043945050774097,0.1948911475150501,-2.1767025095284533
58,1,1.3045391506326605,0.32628581372595755,-0.79637644351882775,-1.0020413555695273,0.57154020805881012,0.22265955787363551,-0.84646607464831725,-1.4832981036573776,-0.69868708459589801,-0.79244854975511558,1.3783972778329132
58,2,3.1488227527245032,0.31038354667034246,-1.10830657481422,0.51620489214745147,0.16670885539312383,-0.23784437214852483,-0.80853703889869244,1.156029281687482,0.772231523259019,-1.4188727387810334,-1.5651394556308782
58,3,0.13829539996014245,0.1671142011231305,1.525887122348633,-0.67599100531806544,0.16598757605384881,0.1088256521676508,0.64651001360801985,-0.73725654672788754,1.0805623961272217,0.56125331679828749,1.2684603926549218
58,4,1.7298062244399079,-0.038759294888075072,-1.1285681997450829,0.8029003616499959,0.40210326362651744,-0.95363924911772602,-0.82299643051127624,-0.20875419933240177,0.86205785147641845,-0.58911038330956556,0.067307438826156085
58,5,3.5082222735237303,-1.2761773265054737,-1.1991181133561575,0.79183709881376518,0.81608315603839909,1.5028677285987369,1.749286483511201,-0.30899650000154222,-1.2395619299965241,-1.1160068903491458,-1.1300574523543456
58,6,0.059319955104911587,-1.2870119250672667,-0.43192476036653166,-0.13825978759682159,1.3452950041746057,-0.15111370883308509,-1.4167177556198269,-1.9192729491344485,-0.38454493965581182,-0.15960559145270242,1.30658098881859
58,7,1.5933775097200429,-1.300740333783645,0.26460556439379229,0.61455903322391903,-1.1286275864021793,1.2359469709212818,-1.0749590777616114,1.3753493715609106,-0.16858158893656611,1.8892690006159389,-0.27680479289641247
58,8,0.94404987431977283,0.88377606971729805,1.2241878280146565,-0.7235167810937998,-0.069229969045175255,0.2358439664387478,0.18918268197984114,-0.34151998459218075,-1.6163656650057507,0.20488834895517477,-0.36501416600353592
58,9,-0.50745002192079713,-0.73104192961781633,1.727248326382425,-0.44800272448199074,0.28387724373711959,0.62379514858190011,0.39898897825513013,-2.1849434304815274,1.6878591358090764,0.059265566854379129,-0.60585989370326887
58,10,2.2518410252161316,-0.41510698119693995,-0.71328129870278545,0.03209695086322209,0.80671218932840927,0.73146623931880461,0.38630630762293378,0.31612570441382759,0.22341069606704642,-0.091634115066754784,-0.72786785823725308
59,1,3.7695750267346071,0.61210624036336247,-0.2422926826608027,1.3118375696627835,-0.22514655320608687,1.7568443980661885,-1.2887099432422151,1.9135399144697953,-1.3991076179023636,2.6024828145188414,1.0088072595577868
59,2,-0.069913648683410989,-0.38885112157188267,2.1994266837574297,-0.12640975520296574,0.91975400111002725,-0.2152962588516126,1.2207320487461684,0.165298641396604,1.9724531870448192,1.819676251321146,-1.0733485413353672
59,3,3.2186868291197896,0.64390785973645004,-1.2719629961191319,1.152847436946719,-0.9142950160433958,0.035093497718025675,-0.80699393018075638,-0.77768476844896439,0.1030417771119352,0.60792425489355739,1.1721059787776478
59,4,-0.83457415020961201,-0.21157246763944501,0.60989031735579913,0.37882102471312784,1.3661091846019948,-0.57638046657284803,1.1736193433875093,2.0007656508029759,-0.42338400591027997,0.39607424810187658,-1.177015447934199
59,5,0.76744051736459007,1.0126402071806986,2.0831427648602938,0.5560829177835408,1.4154407984444926,1.7444218328446206,-0.87531934524552724,-0.23465644644316655,-1.2938371266709323,0.29597514351174276,-0.21633986274068615
59,6,-0.35774699858226811,2.0729276523676767,0.24816608473289936,-0.31347985266123035,-1.607382856596635,-0.098424271653646311,0.74538287150841287,1.5536267690053613,0.44863758786600028,0.16434588092404265,1.1794002785907218
59,7,3.7285660553149436,0.59454658277806538,0.0045952484281836159,-0.45916755511128809,1.1571358590295859,0.44309578359292634,-1.0629445286179589,-0.93881445458628099,1.1149050979266337,0.53262828892772363,0.39276714999756596
59,8,-0.80341391995349687,-0.6395923637538582,-1.0030822560605099,-0.81434094030593696,-2.1249617288418587,-0.50843697915733876,0.24086534167625401,-1.0232415591762027,-0.32617473385876566,-0.31994093900676712,-0.77877626735374483
59,9,-0.61355294679714434,-0.26001733488921264,0.0041287230504903644,-1.893789253693245,1.1104318143512706,-0.52477634951434327,-0.51925793789958452,-0.78235268127840385,-0.01206871206995578,0.17853976493096263,-1.7543364017827967
59,10,-3.2274960139787154,-0.71290146870754201,0.14737352996299016,-0.60177120433712827,0.45427330228141738,-1.7652763115705823,-1.6170109232833725,0.22174382133153644,-0.75219470044455228,0.15694079443865852,-0.50347490581312582
60,1,-2.9682822399069111,-0.87845616365917234,0.77854474767701221,0.3304469127662647,0.78905949833501388,-0.80479265335250227,-1.1313171101086734,1.482719929514857,-0.016072969737347925,-0.89449849553186889,-0.62170006293572144
60,2,-2.4579858566769794,-0.27335897265919507,-0.0011173025212769224,0.83446987770124503,-0.15073218007248132,1.5910305189481109,0.96579914385431886,0.62892612913185908,0.44241038598552429,-0.8203163821626327,-0.12339751430612411
60,3,1.9917798785989214,0.17906702558171975,-0.43874512949062638,-0.73137409040547552,0.70318744345481154,-0.076935417262538386,-0.67901827960230166,-0.46469063762057838,-0.28591506959942087,1.4585234893096721,0.0043232169421136288
60,4,-1.7369889600987296,-1.1666373666567118,0.084500747155428393,-0.041949831272730533,2.1515922079002427,-0.71880972595557069,1.0759654381326502,0.85566919676697739,1.55438628366444,-0.92874190313201077,-1.1899601701374212
60,5,0.06684748370245841,-0.83555840668686365,0.18686558093096253,-1.3061659156649459,-0.014864670365389182,0.20968817923503533,-0.90097291405888802,2.6593058257803057,0.63755507550504753,0.62066954171854194,-0.016466567053075379
60,6,-0.83173123322917297,-0.45055801937130313,0.43648478215081382,0.84441535057156381,-0.86228421738010064,-0.62756105783047567,0.49510998776784071,0.96382114210861025,1.6609924235731086,-0.67154578683070643,-2.1599024560298652
60,7,3.6506551701502614,1.8410881681134559,1.1372132515391982,1.8722703163145082,0.37294983912679852,0.61538448455734318,-0.31101141553424722,0.1660378520465029,-0.59336624896268608,-1.0694645209895937,0.29687401703587885
60,8,2.3517512565869412,0.3892408068173267,-0.3459062934932669,1.843210101620214,1.2349420018286452,0.10754369243811407,0.82081752154051191,-0.20921968899516205,-1.7967133303981688,0.095197920594125449,0.29408879535869464
60,9,-1.696950747069575,0.96652100917252859,0.64558423124211006,-0.28819593975579677,-0.70016201334799055,-1.4675667666046244,-0.7462611381125811,0.39872688439815618,0.66528335558951335,0.19345191306745124,0.19257385171876074
60,10,-5.1686008567089887,-0.63076993693833328,1.9595056823317887,-1.3629746947123522,-0.1401139461389504,-1.5599464601597972,1.6501886049705221,0.23528834385284264,-0.083508965333686846,0.19663677432448987,0.83742061054244932
61,1,0.36761639680344699,0.99378787958760073,0.5317307618300231,-1.5205496873441109,-1.4810594111838893,-0.064946712559861813,0.48466233704077677,1.2187568213001785,0.55996032376806215,-0.56525284354908145,0.36024791506192172
61,2,5.2322627991177599,0.71441142691457271,-0.0366935553567556,0.39765061402580015,0.59525239701277999,1.3094117446129139,-0.095159374264357818,1.3366308793988444,-1.1330853844512638,-0.048312550245559464,-0.58184024869204365
61,3,-0.72341780469387595,0.32437195565370758,0.3441374452502598,-1.2222543778624633,-0.55719117921417105,1.8896691684302447,-1.0869305252447243,-0.41839661708113934,-0.17392205418688156,-0.78761997604748535,0.13346246994689659
61,4,-1.8392883187040288,-1.2242084071500077,0.58012133660373666,0.86818674709027477,0.38325482459564136,-0.18956199036589028,0.76573827091436364,0.68143545650357928,0.097106586184554977,-0.18047777100032678,0.036532109509554281
61,5,3.4683145126607378,-0.5991087980144284,0.35320359602166518,0.37288332693400239,0.53038312163726609,0.35667655790480729,-1.1097580943931995,1.9567469117051082,-1.1778046236135433,0.57690443101156685,0.40975755679999482
61,6,4.8747999244590696,1.618240019959178,-0.92094461952087736,-1.4064087337044056,1.8281380431033276,0.891941333847031,1.4624857138484779,-0.33678333838363522,-0.52252078135096758,-0.61240209420886649,-0.79578239732228462
61,7,3.3795674835492138,-0.29769204516383424,-1.4304384784298421,-0.65854594273675926,0.49759548902379974,-0.059617211263317434,-0.12265648444516507,1.1819835772347858,0.43983731576918095,-0.50402299318962163,0.0055044329385445763
61,8,-0.41501832420496587,-0.027207262413800132,-0.4564468178294101,-1.1120403249576918,-0.11091022147181782,-0.91955022344390414,-0.49734134638423882,-0.51210131722839192,-1.6386815464933648,-0.23056019178420656,1.5860417971537013
61,9,0.11630660180123975,2.1069863892896148,1.1539655719082214,-0.40146154515722865,-1.8785060207409716,-0.9260822947908236,0.56774843179633383,-1.9541923575423545,-1.1991725750994551,-1.2577792704845718,0.84688522660851895
61,10,2.9549876604576015,2.2213007481438813,-0.52969599810512114,-0.094084121623439432,0.17763963008824279,0.80272275618083377,-0.025238206737085309,-0.20911222854367562,0.8761380386307468,-2.0356205140678791,1.5070664162377247
62,1,4.1048299541291691,-0.68220835725371287,-1.5918736853708046,0.14413717037001553,0.31261922641419559,2.1896773207038058,1.2321122885087055,0.21253702475371752,0.19933815453339818,1.3169480967932758,-1.834289415754061
62,2,4.3860189205892484,0.76653981943017779,-0.94759125447606973,-2.5518726862447618,0.27192911536183295,-0.49747534802879873,1.4507984760242041,0.66415662193887171,0.43333415314323587,1.4515634975079708,-1.4230933979468814
62,3,-3.8712554654456679,-1.2658329340283447,2.1514116125788156,0.79083453484935173,-0.35077307947744835,-0.14321631319858619,2.001414332135413,-0.51725688228662314,0.47095837118239814,0.87265300759991393,2.1021107326226627
62,4,0.07464309822105708,0.78354227470070159,-3.3938886678737448,-0.8950091439022867,0.064585047434406462,0.48930507140137747,-0.11267267495805994,0.094794132712219967,-0.17334224304228321,-1.0549614826255342,1.6243842460433704
62,5,-0.012737749389936201,-0.41060885359162969,-0.14156419614689114,0.23825132022105733,-1.5963289632633193,1.2304634992699726,-1.3365324529813138,1.2246704909742028,1.0962947151720364,0.66608666771908309,0.027594821480076064
62,6,-2.277788536695966,-1.7214090907023962,-0.17090393149497932,0.6645374999439998,-0.90893479657518172,0.071449473215610571,-1.0078594038862791,-1.8782622137487519,0.58424924378072174,0.52581801139696438,0.011684382758746207
62,7,-3.0323056326874589,-1.2552368954680215,-0.39521242615807933,-0.21906921213182795,0.52816279312422953,-0.58729392796994984,0.40862216356531605,-0.90911261672549681,-0.8572080094613751,-1.0208639714509484,-0.52636197646007477
62,8,-4.2468761398351953,-1.2431057956119596,-0.13229573627358285,1.5804673496878299,-0.42496449455494079,-1.0499435291796071,0.1028282489038707,0.78531102662932228,0.17552032475147178,-0.98341902346626786,1.1322803982651133
62,9,0.27925347417875424,0.61612571544879124,-0.49489671727284085,-0.30947568284062893,0.42803265884951619,-0.061284906236777521,0.53906604078280707,0.4843379443677337,0.63476593927303737,-0.1103599443950538,0.92413901376516605
62,10,4.8798922402030147,0.26103679789496653,-1.6638026334238709,-0.4909761589387926,0.47661876730564123,1.3301749391129816,1.8196277328809267,-0.16151530626338909,1.8651565140804098,1.0400064223459684,0.062398442541444894
63,1,2.3493465763773118,-0.14438123177667367,0.94691000201864428,1.8472147978385416,0.4656719421339669,0.46054919855521259,1.0170039341319943,0.51109108913802859,-0.11284812780539315,0.81002296548931141,-0.25529774674630445
63,2,-3.0457695160112674,-0.75388160276723681,0.77444296982557115,-0.70377554666563025,-1.4915961514564933,0.089748032614276427,-1.1890101831677717,-0.17547839868084442,-1.4028729874812862,-0.24059860956208196,-0.78914975343441174
63,3,-0.59369815979310714,-0.75705745137612468,-0.75678686977948106,0.1781038360509736,-1.146871899284599,-0.88562248677233335,-1.2396806319139586,0.57064495148771166,-1.1844099472179797,-0.23792404522388227,0.058169013687175621
63,4,-0.61434955965803972,1.6180868358696852,0.018917173468949187,0.14874579960725126,1.4849068257870697,-0.85373056228634081,1.6616661890140683,-0.67043346684126059,0.47184226143456875,-1.4274687801499828,-0.18263860043149238
63,5,0.67239391109558899,-0.67274937384970879,-0.23835958809840233,0.21761533121271062,-0.0881681095362499,0.25804145285603919,1.9483300175498366,0.58681148023080842,0.33747354095829279,1.300953038145952,0.96339967546139882
63,6,2.2009898704717044,-0.32591146552867672,0.045026109840874268,0.58625684646137055,0.45230663903881901,-0.18962044966610683,0.99937272921635767,-0.17100691970775184,0.19488317893183915,0.11839482843083936,-1.7569094599813131
63,7,-0.3385322880187891,-1.7865111034026044,-0.14780516788639825,0.64685645222928589,-1.0398356040895413,-0.15479524901082609,0.17212056838863168,1.5032601155932219,-1.1632348639019983,0.40831491419699478,-0.69193920253659513
63,8,4.9553607901444074,1.0054783595124082,-1.8342676403091001,1.1604629437116649,0.81624749199391033,-1.9858940646793712,-1.1006374913448522,-1.2197509116106589,-0.22964128348586693,-0.64916761265415379,-0.21810183399385102
63,9,-0.49338642548930506,-0.7017791968803051,0.0042566805126640801,0.084307930028565667,-0.18500867129594137,1.4294884451197107,-0.44486915119465187,0.12844380209357242,-1.1842403002454478,0.74196584371522412,-0.6641359466958433
63,10,-6.5271160781985618,-2.0788230553018034,0.015149055728895234,-0.64595498666728368,-0.49070031076032761,-0.42472448587426753,0.57794834696683128,1.2129843735242736,-0.030737051842429332,0.19377210967146369,0.43634462158956644
64,1,-0.4127706518938708,-0.042116769234962784,0.73371762667390517,-0.24872785146612561,-0.1891764836361684,1.6827127287215453,-1.7499281744656585,0.58166036300097079,0.19131485408939966,0.61251998256837226,0.72352520631823414
64,2,-1.3218139878544477,-0.95308861137854839,0.18188078045336156,-0.049429092825138944,-0.426809103923177,0.81524377130721704,0.20083411407804749,0.84640474012089317,-0.86130535954979992,-0.1423068305389327,-0.49101798824017867
64,3,-4.1738677696444286,-2.2427805268800696,1.4055958255709149,-1.212014902998956,-0.25032183765494742,-0.49999193634703704,-0.13536139748098355,0.74414260146654643,0.43590354401197123,2.1473737269212223,-0.36769707649058225
64,4,0.10756742318240364,-0.45162369105506717,0.71868410250313619,1.1601010289671263,0.77402777341897755,0.011090254679207948,-0.29467369052468551,0.30776478177731653,-0.40199384903734608,-0.11253657713184953,-1.2165984773701564
64,5,-0.16017938778295387,-0.28104408310914381,0.58098709985382291,1.4543107620389109,-0.45105612550351409,0.015800030046259489,0.2619701791631413,-0.69708577283101947,0.70678013774838122,0.90547928334284356,1.6477463198055269
64,6,1.7361637481368306,0.59081539509534586,0.91686952822631806,0.23815602375023306,-0.22523800887362966,0.1592443356924759,-0.87323305623218594,0.81205948429438946,-2.565421963722669,0.84589390930950314,-0.58539419427026118
64,7,1.9718376880716295,-0.058852791965145423,-0.94443651362664871,1.3459907581848016,-0.88913215003906176,-1.1388597508503495,-0.034272169214774717,-0.60338171003869878,1.930184679640351,-0.07440549800473191,-0.66929648912669404
64,8,0.79778518269654597,0.5551231154999221,-0.41533605873782492,-0.20085486842491931,0.12451753134969627,-0.61253757433144163,0.25446964457531285,-0.8929238563883557,-2.6877165009780399,0.42794694725372401,-0.54867846304170997
64,9,-1.6677257018922056,-0.9495344875293712,-0.067977617685555408,-1.2741463485769318,-0.072768591894321846,-0.50565284557815049,-0.74792310829190145,-0.24211865722260384,-0.98885742812454047,0.25671239201093765,0.42381392988172145
64,10,2.8303117205660966,1.051647597365527,-1.9153610814910353,0.080576083717546029,2.104538525203544,-0.74503414540709012,-0.58483440381036289,-1.9200995706706014,0.39827859453415876,-0.16668677751882013,-0.4828427834414834
65,1,1.1996762044341651,0.33539953108149112,-1.0834088201592229,0.65417276600817953,0.31859871397762707,-1.375069741104501,-0.64736271090949415,-0.8091218295802276,-0.81851687219382474,-0.93093925807738487,1.4425075853551164
65,2,-2.2540709194945441,-2.3806962104506537,-0.40858225875782284,0.47929982776636182,0.02699676064731156,-0.82996884088749423,1.7590056606908056,-0.55274835949264056,0.49959490308888904,0.65274274418236888,1.1663541420038783
65,3,0.58933983155859249,-1.3806520997480101,-0.19106884350980771,0.49908255524244383,-1.5381724462252806,1.4466246708255373,-0.49761963861479891,-0.30076781091509264,-0.38119366375501901,0.2570991663162,-1.6178246582591567
65,4,-5.5454343504785877,-1.0639952571185975,1.6151194321207025,-1.1160465307622107,1.2663948436701118,-0.10975891159242723,-0.57614265446757984,-0.27819937573436887,-0.073182201703886118,-0.45105517790931099,-0.319165568202049
65,5,1.1974732972539908,-1.5437187022499526,-1.6152352229146349,0.71557816397638907,0.54806967154024344,-0.11517222304454783,-2.1421407111133588,-1.2322105277276469,-0.60267482355582991,0.56020337330424463,-1.9450067824867596
65,6,4.2325735307022896,0.55541522476280025,-0.19833681704424033,0.98054036297721525,0.10909264236847728,0.5338885655046498,-1.0315825012376392,0.7791635585417237,0.17882439048333251,-0.39489371555388258,0.28700541021841702
65,7,-2.3339863042024138,-0.51115644013321149,0.17199827704092321,-1.3278152878208704,-0.84907801585645815,0.12637741313973092,0.99220421499919076,-0.40501487444170592,0.012919548436228325,-0.56896017884862871,-0.98421221461984676
65,8,-1.9962915248916695,-0.94041345787483421,0.089487599862660416,0.22537495853701761,-0.27102501580578769,-0.96843775356282724,1.8044959893024624,1.0373497180710549,0.06618239034336923,0.089071267066901702,-0.28208218945710123
65,9,-1.1797666519554784,0.39428421933691737,0.94388157651012661,0.063823956923776182,0.14020740633021125,0.17009165094656012,-1.1209432718919468,1.8351340336586179,0.63464590998637271,-1.1780685041846246,0.79887571435777982
65,10,0.71601442928131021,1.4647216449503242,-0.0069394257539521689,0.72418323978284749,-0.93271448077398622,0.83402432275145699,0.55325469667780713,1.2448785977414372,-1.3319988016348587,-0.68766858127586239,0.00035542104276009405
66,1,-1.0907896612626904,-2.4847641884793319,-0.63948971657153697,-0.67165297558149573,0.78989157515233577,0.044290348356505395,-0.23052500151168712,0.48668103658119871,1.1310637259444303,-1.2700555231802275,-1.8551277799214321
66,2,1.6547950691619164,-1.1942788297689571,-1.0941391549064918,0.047443442196719039,0.76930162958667292,-1.3165686341529166,0.084374750376147001,-0.80491768552442056,0.10458394127482043,-0.5267791971542275,0.043458476012000757
66,3,-1.1824386072880224,-1.5520064376224287,-0.54161459919884691,0.098858022220777275,-1.0810606709775774,-0.32148553163555071,0.52819943449189888,-0.28192280045414242,-2.1187921198116038,0.71577958042023804,-1.0376793711034653
66,4,1.766328292347725,0.085840653277705792,0.28254408311881551,1.4767887677424367,1.8125500904316443,0.13221293976682355,1.1009329913366823,-0.48007354337590169,-1.6179418122182443,-0.51507395427624969,0.23920086308291952
66,5,2.5730742838158838,0.31782523570798654,0.58963229641191062,0.83315360401533767,-0.13404858983143733,1.3427245477488474,-1.2424277760923688,-1.7586023650992231,0.066179200073715833,-1.0706075908697603,-1.3103910783750417
66,6,-0.44434043815441809,-0.48848183065250494,0.33866217547751626,0.077207196268783695,1.4522092654769805,-1.6916251242567515,0.48102456896719414,-0.63622985578625546,-0.66385753862835839,-0.24212263754979929,-0.42776681569172431
66,7,2.4569689699178943,0.48397767694030031,0.19531415152538356,0.64802168179292818,-0.12475942123952884,0.52250581005710428,-0.9761973342752166,-0.19470260382914889,-0.36306400588061449,-0.74903751748660452,0.16996345028702162
66,8,0.47288426999935718,0.87109764017856028,-0.017554776492368543,0.09519079482208985,0.10702075134746571,0.71303942130080156,1.6801773969611615,0.197597050985405,-1.5399740694214259,-0.18234147615026258,0.27767173406606355
66,9,3.0531485951434574,0.76266036142754878,0.25068848464407151,-0.62635076498635234,1.546182426492658,0.38183165281428927,-0.87658985338081186,1.0307348930088933,-0.98599382010935521,-0.026660068621623158,0.64868384773692056
66,10,1.7000431141219652,-0.74535646703653757,-1.0292296965147807,0.89751132102747155,0.49741929594292617,0.50489092542858416,-0.2811883579574696,-0.1334663424139178,-0.41551753250320733,2.0916004945280462,0.54220040379646739
67,1,-0.18200931115867086,-1.0243430288910347,-0.57190969608642417,1.3161745412001093,-0.67322308352490656,-0.17552153713286306,1.2405925583838919,1.0002823311110118,1.3544859383095429,0.60319156409533115,1.1007912374205091
67,2,-2.1534138368625264,-2.2060016853452948,-0.50953111025113629,0.42956879536817072,0.45892113371673487,-0.32381754809486396,1.5719594854026171,-0.19498309018272106,-0.14727518288985261,-0.99323977445454958,-0.45029352445254206
67,3,0.24213027364508,0.91172781597932051,-0.2414430921923289,-1.1738085675041632,1.6368926179520762,-0.84070064426772761,0.13035627415794909,0.80473334795084173,-0.89361337290410148,-0.56745288377077285,0.61857410117963207
67,4,-0.75464266337870134,0.57102877877185498,0.42194387713503312,1.1498967566860607,-0.14814768267498674,1.4344611525104858,1.2470223645611469,1.0458581717804585,0.69214936768411328,-0.25467477361555035,-0.44882282957086084
67,5,2.82067804483916,1.089012739445355,-0.5495560225923718,0.052076526341090321,-0.096743412835416071,0.088396032898050925,0.05871991602082903,0.7940987355390704,-0.48628571758761513,0.30978671129683755,-0.78957642015311336
67,6,-1.2518389429219787,1.3108469660881894,1.2590590219345759,-0.36894335185861366,-0.82477834941873684,-0.1863521826814187,1.1928911840313432,1.9119377124313175,0.41163145084555364,-0.046463849379015321,0.49966574573506145
67,7,4.3624630942111509,0.33101969765950873,-1.0101264717675269,0.11640747674133445,-0.74729774871074894,-0.98564685840269739,0.036080586585210232,-1.5929137278947276,2.5137573871599597,1.5855336031062091,0.32570267370694572
67,8,-1.3216590539234909,0.045848827041277317,-0.76174169938386671,0.065115829305401426,-1.0700401537197397,-2.496851113574619,-0.066496335728238098,0.7237126174652605,-1.0454448818849806,0.15636895626966196,1.0228202835704163
67,9,-0.095220318552889122,-0.29171266267232354,0.19496440069939386,-0.075582140691802899,-0.71402483946102824,-0.51034175351242106,-0.4798704802335339,1.852188210913402,-0.45161079168754659,0.068196965951535279,-2.0746414352627252
67,10,0.23701643537037054,0.47401918719144803,-1.2014579960600047,0.48009953324002053,0.45982740021822088,-0.77275142289809806,-0.081574117883473851,0.24986551084515063,1.4001502023847274,-2.0520797464931291,-1.1380022036882309
68,1,3.3139289758877561,0.58323252050915464,0.95997286711914109,0.58169508693485261,0.94096658277941281,-0.021885504249007461,-1.4707991287805513,-0.39703743586881718,-1.6104533754437416,1.7054048564927828,0.96396729202653597
68,2,2.3130330854047303,1.0421490848814192,-0.68463011777068128,1.0758093668058786,-1.3250250826027046,0.31700712730536168,1.6100182742252855,0.30696040132738589,-0.70308473082231626,0.13237448654452419,-0.5063920716251451
68,3,2.4396016954769539,0.46666257670702921,-0.33392336487697583,0.49306191533697169,-0.39117441788222246,-0.029753120508253465,-1.2098421295997088,-0.77132499153795031,-0.3903124356576636,0.71379446316220019,0.15193809068721584
68,4,4.7577555982182895,0.72835446520907932,-0.752220849418057,1.4047947841217894,1.2242492040254818,0.10017464278519508,-0.38717213866275313,1.1613321294699011,1.5562723853882103,1.2746385189829645,-0.77613793028032163
68,5,-0.47857066119513969,-0.24193126473314799,-0.30978771862589938,0.99273823948064965,0.022960814482315291,-1.2554438143149169,0.76003841406302308,0.58016079707401691,1.1181208708248074,-0.34422279382391324,0.27860989683396997
68,6,-4.1165354238454146,-1.916428656360009,0.20490289274753742,-1.5305351687682534,0.73810135636141205,0.73722761577934293,1.8177553304101965,-0.1393395912565201,-0.13687944590781009,0.22399911879013898,1.3240904555685387
68,7,1.3730460735817696,-0.17195015673605521,0.14619372960455451,-0.46854895689262782,-0.21879185374876481,1.5718162111712486,0.17573739734064386,1.138995971727867,-0.98114593393194993,0.98757627536973369,0.83339840987720981
68,8,2.3279557089185254,0.72180898426068929,-0.56854311966446769,1.5705166954824556,0.081415733299291512,-0.86030686662865041,-0.91318970804255484,-0.50552457528930228,-0.9546370698509391,0.35877846992316181,1.220373987318669
68,9,-0.17118725310116584,-1.5470420459061787,-0.9237029845138196,1.24627886056522,0.1874809460201608,-0.31034960505845394,1.6864674175579342,0.17093178987995725,-0.36717639505638522,0.26612957955959199,0.72972860064418743
68,10,-2.1163669162188583,-1.6291127882555867,-0.066342805650251191,0.25215939642610924,1.2709787742410192,0.5206783543825223,-1.0962182696509211,-0.08142866556489381,-1.6019160545015467,-1.2973501414994772,1.0388183347683366
69,1,1.7980814889139543,0.44555713845011996,-1.8175461275172871,0.44157691157809265,1.5545784882311231,-0.74528542764157213,-0.44804673946006768,1.3402478368332507,0.2148813365878455,-0.72546087790766811,0.44399583315838625
69,2,0.68522179948024142,-0.56126419612869527,-0.85479810228462827,-0.57111447995815934,-0.45630196036309173,1.2411589081468759,0.79992273383782253,-0.64392214882347731,0.61135530243987102,-0.35688775013387175,0.099671758881460751
69,3,-1.0190340230621238,-0.66174968355773556,-1.1696234906067229,-1.6377953068580202,-0.8048292224299346,-1.2783628990047977,-0.51466852592081391,-0.55291352968632312,-0.99694475055808041,1.2981159511863551,0.784343587613755
69,4,-2.6620644763917749,-0.8929914065935618,0.11376877642087746,0.086391789393321483,1.0164312965152464,-0.69708943924746958,0.69333185979331502,1.8970273934934192,0.48357628244897793,0.91133170857399748,-0.71459020427766395
69,5,2.6735409152553298,0.36851711756081962,-0.56548639678305257,-1.1659837395083252,-0.94036663657647945,-1.8633632257513868,-0.877513044372493,0.61875300634507169,2.0971701560422211,0.98751392170201557,-0.74133970088676571
69,6,3.5208948168323104,1.0838174741758195,-0.96167012455759648,0.33507249016836943,-0.56447529008474395,1.1585384014049871,0.65029616030014425,-0.1722041625474918,-0.5085307621976588,0.56736280277927209,-0.60445558671181154
69,7,1.3832480094156494,-0.55624924004486809,-0.78313034162862938,1.9311095768228295,0.77713552688076848,-0.37348668912330674,0.75514485664363362,-0.4948994789584833,0.19330821364763223,-0.73597656812739565,-0.52724190945080318
69,8,-0.3501885040378282,0.80435309979763869,1.8892142670226126,0.89923716757034677,0.347896662665439,0.21470295559240019,-1.8010629196419639,-0.46770321476029486,-0.90658578339545515,0.027849825890020132,0.45731856851304359
69,9,-3.1635536956785537,0.40005301381781061,1.3088854886469836,0.11873150968263305,-0.098075940636718886,0.59935788647978405,-0.80857627997081483,0.053337314118617626,2.3655039805780032,-1.1684458809369638,0.80078404063795783
69,10,1.4317277745438624,1.6408064664112167,-0.30869060165124584,-1.8934374860960344,-1.041930182405489,-0.52240775035642995,1.6007840969114928,-2.5410195597032321,0.83830302623903374,-1.6673868797275944,-0.94185554717029973
70,1,-4.0136056646906839,-1.1034943580568988,0.89401759737669595,1.149665523951773,0.04174915789814735,1.4276659312784423,-1.1331843446908589,0.10269654864001901,1.9436802851606165,-1.765700187347055,-1.3609534914259029
70,2,3.1711324276132373,1.4616802475266186,-0.72583031783562657,1.6348655557195007,1.2168165752539173,0.87689274850723742,0.58791625015510252,-0.8364852357463527,0.35799524680774392,0.018768899090117558,1.9941952454049074
70,3,0.02879939977064816,0.2999357128312905,-0.70620928049457221,-1.5729221069983204,-1.1062489137526503,-0.70247338397187731,-0.45363915153822465,-1.5831408081052538,0.020635396175576651,0.083226501196362046,-0.4341412670547462
70,4,-4.036826668877481,-0.33792887053020226,0.75173784283169809,-0.53728585630505654,-0.41827091856486015,0.006148513033910649,0.86009134668520404,-0.66669829859164564,-0.74074037409129834,-1.0972278430653277,0.1602826293356206
70,5,1.7360024901181554,-0.88647898235494205,-1.505453492881736,0.1387491250705884,0.57787055516129016,0.61333779472227423,0.41492942535501065,0.19070157806788687,0.55319416218371775,2.9033067703945674,-0.6538794602098229
70,6,3.3192085828223794,1.1273760677343847,-1.378392635175208,-1.4861537604275721,0.53904066778741666,0.66391844596057215,2.1294982958982125,-0.28680988214084013,0.71860464074091579,0.46169636001767073,-0.089820091330221646
70,7,-2.4394556773227469,-1.8373015530420385,0.5162260774917794,2.1018248557602366,-0.71733760376976718,-0.33114257139783954,-1.225115833125441,0.14997010395759544,0.59054172078195877,-0.53559220244389816,0.30151863974323084
70,8,-3.7352168495870508,0.64747785087865528,1.2565031795623098,-0.70939013576785004,-0.50972658667130821,-0.20454479267992237,-1.2106943835246304,-0.89953037945903191,-0.59000272224326655,0.3127314059071426,0.56068418504152295
70,9,-2.2902895306829105,-1.0638389993839148,0.7229269017518607,-1.0628745472726069,0.64301904753366246,0.41357023100544277,1.499660340414064,-0.39201339380247274,0.88223599323808255,-0.13654498130619047,-0.66806499811564268
70,10,-2.0516183842082887,-0.86642717275384828,0.0056758761341538649,-0.97416699156117736,-0.21862048992800573,-0.019765204402085439,-0.76633047894958639,0.047534230924139741,-1.6056570387617981,0.69089535448844541,0.14744843359980878
71,1,2.5706041383826466,-0.12399285541478948,0.7130178328324559,-0.31299090630939341,1.0434416830955497,-0.46931107224024754,-0.63895196168501844,1.7970457474829131,1.3006425888925603,0.39022563974637808,0.47875189210588659
71,2,0.21372919669797966,-1.8840567469684242,-1.8646229931752463,-1.446797676707245,0.098945395024048047,-0.45344974750856781,-0.96523346870953619,0.34070675214782886,-0.99240146296340948,-0.51661682535739251,-0.87259149979093042
71,3,1.8008994903292874,0.78807354547170849,0.99198071338501437,-0.85130317128323307,0.54813417200851988,0.69454867632135664,-0.48837452795987424,0.23639644104323163,2.4872537103624683,-0.84717959188561442,-0.45406660858343761
71,4,-2.7203563683263967,-0.73537005716693982,-0.12042351508845711,-0.31559449858110705,-0.39784170393957052,0.40052902337069518,-0.19097751934262336,-0.0718694558194235,1.7013369178236981,0.38569218316996917,-0.55665448807544182
71,5,0.8865811652780391,0.069566704036499991,0.60455722264357714,-0.54154811299673822,-1.3181802658252806,-0.55653713650231695,-0.023726056464433931,0.74407130455521686,1.696902416578647,-0.23516622016760233,-0.4046633224678074
71,6,-0.68027911384986384,-1.6991476251350597,-0.22342960202652304,-1.0289075490268038,-1.2660922348754777,1.7664551057122415,-0.27930715352687152,-0.79014550004337114,0.65663880269331498,-0.02482131505888863,0.92479542300753181
71,7,5.9325138230926111,0.20381405966079502,-1.2199410986104617,1.0082836899589078,1.1766872485294373,0.26385131713011262,-0.11836787310894434,0.35601864186223725,-0.55855393272507436,-0.62925017822301044,0.058499913989836859
71,8,-3.5366145783386855,-1.2846933531466411,1.5041978077680453,0.75004447126514195,0.24134490263690628,-1.0231898503971761,-0.081165800316897671,-0.96118837782860678,-1.9741206091757713,-1.1321881342971083,1.1327268853830723
71,9,3.596937720120728,0.75078364064233993,-0.081410959767366967,-0.18736347861286642,1.250899533785655,0.50776243908538754,1.8033718894644315,-0.51124931123378647,0.63123816305136593,-0.5107386171299666,-3.0001662369437709
71,10,4.4395983647460175,0.20649702455235344,-0.19657857950881708,1.0466062580844391,1.3025194219944913,0.73424993157168628,0.19065114823768542,-0.38950783283249507,-1.2647866838663404,-0.18138201804779239,-1.0872462390335165
72,1,-1.6573525317511446,-1.5986742760818415,0.32877646358204904,0.39724761501026101,-0.4344166944638716,-0.26723409456728897,-1.8079264820089722,-0.73361940359385158,1.1570450062548572,0.29772771508018525,0.77877720972621223
72,2,3.9131285396392093,1.6532574221540202,-0.0062332257337119933,0.34721600444945755,0.60998514894663169,0.031923432023402067,0.49926268960171677,1.3539430457865309,1.158292042141448,-0.35620830843841927,1.7751204362120623
72,3,1.4784337688575917,-0.28610299163863523,-0.91765967423274131,-0.24279871452169396,-0.10311366065326101,2.4805060998991166,-0.079759390727753163,0.38219244334268498,-1.3028197924885871,-0.78877724864028398,-0.44341703663611293
72,4,1.0458740176289676,1.9953815697882815,0.26238737518841038,-1.2024090284746483,0.72065769795803047,-0.64245730415719859,0.82868211237516043,0.032542413419120175,1.8086011025712885,-0.19370194643480507,-0.06225335557924451
72,5,2.0477028463123492,1.2521578436765053,1.0488070336504358,-0.47913536888765335,0.33792620081582975,0.49087882573750197,1.6967963558623109,0.57722688688452117,-1.4542190097524788,0.22112616617938657,0.27929488967719401
72,6,3.3591284316870489,0.42435716184825134,0.044143117139637575,0.52271545123916485,-1.1881894745066994,-0.30239388612005819,-0.6945457202777886,0.51239457334231631,-1.5330634498742182,1.2970006235078808,-1.248223114587153
72,7,-1.2486008598086134,-0.52829957343392242,0.27075881502908744,-0.25650969919691302,-1.2363500555562956,0.75011945454493445,-0.18328836313399097,-0.43763949097338173,-0.29498593975327081,-0.43546358174466121,-0.48965259892199281
72,8,-2.5847768718369712,-0.38717403924665167,1.2016729986498993,-1.956735196237519,-0.0018239127152311317,-0.40892338333192574,-1.7794750571284277,1.2950332295395699,-0.75497544186442411,0.30905526505524927,-0.14677451529184371
72,9,-1.8432311532856456,-0.41671595614951062,-0.12396350905252793,1.268202584740989,1.117994605383851,-0.45638628824292099,-1.6950395267499831,2.3129634156734857,-1.7046742418034184,-2.8424629883418859,-0.3552379358813017
72,10,-0.31314953668448192,-0.43486039242586455,-0.49189581144371208,-0.45169606749648505,0.55544057207214148,0.97240395545561298,-0.51278468820257528,-2.8267359614405825,0.40653619807180974,0.3057201959475756,1.0938312950396736
73,1,0.88828474415915659,-0.29810480199433509,0.23680937605822383,-0.66527639962868945,1.5097987673158384,0.69519990681539423,0.25835684560572358,-0.56761452219943154,0.13123400851962197,0.27074341378731859,-0.70461155124900099
73,2,-0.22680375834155395,-0.93054865013109145,0.21237913555766486,0.31163697862064349,0.35127068679917994,-0.25091856862432521,-0.51781112597894496,0.32392425297884181,-0.59524108838747969,1.0118696403400729,1.6633410094527505
73,3,4.6953403426745437,2.4265125142746777,1.5925580290696149,0.66336213500386276,0.35504854011781001,2.1881474374939853,-0.51501397157793616,0.57614476115488966,0.86939396620652232,0.29712766572615351,0.21665682861844071
73,4,1.5293459637894389,0.46995524604677896,0.27842220226539122,0.57117381601670425,-0.87673000456534345,-0.29266973628399978,-0.97240313175947768,0.3036962059668466,-0.025475055676284452,0.71337993687422074,-0.39249526554436787
73,5,3.3248008674185856,0.37513905680965137,-1.0671891793321595,0.077519426944592171,-1.3681222409197544,-2.1442212583874083,1.051058406318599,-0.63216372464359871,-0.84211777711034719,0.43022005660491214,0.097830918025588992
73,6,1.3029911773863065,-1.4612761363801321,-0.69588959003993078,1.0988605108256131,0.24886477292488798,0.56634585989505604,0.11287833613384585,-1.7708018513396813,0.46201868827012837,0.21900557397916887,-1.0510028660883357
73,7,0.60323185622112108,0.12735123967766704,0.12886695849946878,-0.76619591859991731,1.0432651881412462,0.65753780570870368,0.078030788991842723,-1.2294751628504479,-0.41278385043770971,-0.68792477806027108,0.14415619167795068
73,8,-4.3725193103537441,-1.9153504829726704,0.80082242427477646,-0.11091501733351895,-1.4502597067371708,-1.3870165249934663,-0.006777989604669599,0.063724173281433233,-0.95196368491262018,-1.1495254077374717,0.96002033115147301
73,9,2.5544691187833282,-0.45656404514084614,-0.97473506123768661,-0.07761751841080225,0.25874183987263699,-0.18383802921985512,-0.56620666564132993,-0.67741712769552542,0.25959521905745986,0.83523821207230964,-0.11522554001288603
73,10,0.20903343391719298,-0.49710361910200335,-0.92072559810446775,-0.11251361992013569,0.35816391449676382,0.4211045966425912,-1.909254519165241,-0.46380259533473089,0.23964034633216255,-0.86356825324903075,-0.73400458769961785
74,1,-2.7166355524867689,-1.1694175771311981,0.17590821226283196,1.4439163078591866,0.82959167548574053,0.92008571819195062,-1.6223488796890539,-1.231734222278339,-1.297648552298845,-1.7631447049957643,0.093933844893476892
74,2,0.90124025739574665,0.32178876559753861,-0.61805885665833538,0.16867099811008096,0.89469247827754705,-0.44276567530924216,-0.58529066305414268,-1.4980205676087861,-1.373809928016444,-0.16730036300055223,-0.014938807609762557
74,3,0.65204281947524201,-0.45750891483131506,0.084496188291359089,1.5492724836486425,1.3173230623725896,-0.71348245465007099,0.23983325948092368,-0.35479090377075684,-0.30156433210097633,0.11484675593129359,-0.36053972028722059
74,4,-1.4976318243300184,-1.2526366911796982,-1.2692787216704966,-1.5277098302299785,0.069633612294700928,0.21794117310137032,-0.072455795374954168,-1.6818034213577333,-0.53387575966545731,0.63619165237182052,-0.59734817427669584
74,5,-0.83100594878402045,-0.5828030982429232,-1.1417149817919265,-0.27359587468754709,1.0227053519340179,-1.220885761255214,1.7860619527621731,0.68911488351551031,-0.43254869561960102,-0.29449803934252883,0.13275689456434206
74,6,-1.0122544954126858,-0.32101000978690114,1.2738251584334215,0.037661200219553201,-1.4149483262845446,1.2469441228777018,-1.1565355706951645,-1.2015420493489843,-1.5435550675649572,0.80922576074121411,-1.1168584922037412
74,7,-7.0686233440256112,-1.544457235018363,1.1618724672943217,0.59738643604030839,-2.6477681733677683,-0.85441121739818149,0.11725927135475468,0.95428617034441299,-0.8126891153407797,-0.22137930627712299,0.9793426725083465
74,8,0.030850736543080237,-0.32535031926213914,-0.5134196384663009,-2.155631377947905,1.8260447658049808,0.94988402907591263,1.9538069964286557,-0.43701711248694691,-0.56714103459974141,0.49041767403032815,0.34794826412357938
74,9,-3.8477961348589691,-0.42886704624075628,0.35569680184991653,-0.011618925472587893,-0.43446880898904727,-0.60102469735079078,0.41767263135940164,-0.59461194376815762,-0.5585202087226806,-0.43026209635043244,-0.42002961533926442
74,10,0.52508531833624794,0.60221510139215761,0.40421317823081016,0.4796753298835974,-0.77807394492202875,-0.4692975927076658,0.44931852608559009,-0.08869636303402105,-0.23305298063567828,1.4987511752128908,0.26389044298451614
75,1,-4.1445042984536338,-1.7064738989363224,0.32271083903291936,-0.5709979445176655,1.1218269777058589,0.94017395150060901,1.4295951327006173,0.089443947439585822,1.066623626937508,-1.6205886161613763,0.48547894394717028
75,2,0.13767277617292167,0.72515258577534869,-0.30927163470541097,-1.1253125437825175,-0.16512075733938994,0.44425634021027133,0.78741644499601549,2.3328012240492129,1.2033987140397764,-0.35863769698244369,0.93200335709773741
75,3,1.0659209427165122,-0.41601199880823297,-1.0028275855650004,-0.85592939145431735,0.51307863699429224,0.30721907816790478,0.76124897446520767,0.055570482631918702,-0.42355485391941533,-0.83722502863162018,0.58888818009159005
75,4,-4.3833641305653508,-0.7616636562541107,0.30750053770628566,0.29048051248636764,-0.51010217450423834,0.85120896187074668,0.82545054547133434,-0.27607327914481972,-0.56374934189095138,-1.4579183870551078,0.84345603366502553
75,5,-2.4211654850328252,-1.6110794419916894,0.17951950333091879,-0.65569764520295581,1.452588787124534,-0.8100818214545632,-1.0233692773766612,0.75142554918374727,-1.1231106761106542,-0.87980197950136219,-0.97974847312422453
75,6,2.2429243545373625,0.12118019146888856,-1.0719835926825283,0.57682980378459736,1.0484560111767462,0.22076455427378111,0.67831567943687099,-1.9194271441577639,0.42701780355516039,1.123366651477447,0.047669686583337638
75,7,1.2867438278806955,-0.93074230026466176,-1.2649873156510483,1.1456894696106428,-1.977072014719071,0.26513029708062641,0.13025169690871893,0.032912390243362025,-2.4944047749733422,0.077452936070169356,0.24790496770377562
75,8,3.1273849882996956,0.47305003833767745,0.47732346948270488,3.4219592110396468,0.012390386080828727,0.023691667922183492,0.86809566606575628,-1.5927391003307831,0.89070242303613312,1.2350671150811472,-0.097081223834016322
75,9,2.3489964153205598,1.0790298624891974,0.40446123003474554,0.89544575012371241,-0.40126115133656787,1.6296168314358264,-2.1097277794676232,0.63001380636640125,-0.49302132477167082,0.9551000803549724,0.10333392741221957
75,10,-4.5612208997977586,-1.4142202774896293,-0.28967050706783154,-0.33789546519644914,0.9764180085069929,0.19909499581013171,2.7175829221169927,-0.59148951769644209,1.2108338915017431,-1.3109151585679646,-0.79020630090089772
76,1,0.2617430984593565,0.33806802725178248,-0.090938459303993149,1.5683061230000572,-1.7268205642465322,1.3776879395123798,-0.12859652802615371,0.39947923025871235,-1.1660908874138249,-1.4728498161981516,0.43685668036406455
76,2,-0.76118510579232568,0.41267069413298607,-0.75102087279382879,-2.2102839125837481,-0.28937230614935844,0.56967938454618439,-0.24219538329251764,1.7057005484879022,0.26114370563549621,-1.3983261731387977,-0.26120579201432381
76,3,-2.5919326063227888,-1.2113954817042645,-0.070075321612687161,0.35974817757995542,0.78265680022627804,-0.2052469577170862,-3.6254070976429809,-0.13324080854206125,1.0225094386415998,-1.7904534534605501,0.18283003671386344
76,4,-1.8321135774706017,0.28125136399270456,1.1523304045869101,-0.55548669370865622,-0.31766900150261712,1.2651853539776563,1.0173317206999914,-0.87001603285907692,-1.2231758063257898,0.68784571322590382,-1.7930670210278716
76,5,-1.0713247764335023,0.44500547193036399,-0.79039997161765263,-0.4214293746010942,-1.0478494571979016,-1.2637005713636071,-2.2131076642376373,-1.0197841983633218,-0.85183003560104076,-0.19539264355865674,0.30644504297215758
76,6,3.286182833166448,0.53766843053395574,-0.75696765130265831,0.69349834857036974,1.4167635812462314,0.78337621293963799,-1.7049036489330331,-1.071123075557912,-0.65743326710166083,0.57374722400455869,0.75592354223687108
76,7,-0.28807857683677973,-0.7793330727647132,-0.8868420245456774,0.095106828566697152,1.2493278127011851,0.22363453649865808,-1.2274324562437984,-0.93580308294977754,-0.39593731651978514,-0.37607932855161164,0.097001734584152829
76,8,-0.99588233549024585,1.6828513933393139,0.14941183187539625,-0.084998669734886706,-1.3313947681680074,-1.2294711665738625,0.48199934661851851,0.74812728360575964,-2.1356599258035045,-0.89715667463498427,-0.29966098903123822
76,9,3.9542475025334474,3.3156146727443767,0.13313989290757375,-1.1211357549623502,0.60547651948145509,-0.16731939046483763,0.85196090382577316,-2.9231532620105467,-0.22539751640572933,0.2594142677975847,-0.43455975461651092
76,10,-2.6555092886077976,-1.1007885767304553,0.030810166814822529,1.4122253320700797,0.72957989669869561,0.97825270617882087,-1.0523878654372454,-0.45604215593105246,-0.72125807231355143,-0.30223528739639316,1.4532640715671554
77,1,1.6874199228090851,0.54102895174010812,0.8384106835511147,2.3114822085607067,1.5064490623277205,0.47705069291301228,1.1767288336931079,0.84806639913848936,0.71417255442376071,-0.96966478676284684,-1.0459371853684318
77,2,2.0507892856324141,0.94911298501384544,-0.9048011710520345,0.069522996032931231,-0.67366265898733679,1.0125484747431686,0.074810206910494489,1.6186599982467098,-1.9228598807580155,0.070975982998588275,-1.1186761639750236
77,3,-5.2322616373976514,-1.3989142019908256,0.75646354575474128,1.1307255606860636,-0.21009130932300754,0.96498362938667936,0.1202441311877617,0.96645813740037423,0.21925641334177792,-0.077032741499809029,1.4547519019049322
77,4,-7.2737300128082145,-1.3806417400587618,1.231319579461241,-0.73250596353380204,1.1913782511551629,-0.57313487216279069,-0.6150384553492213,-1.3404068422099331,-0.42423435639337914,-1.2406132672711598,0.8435572572726896
77,5,-4.3377741888591341,-1.3012183040194463,-0.89669881843483967,0.12001668205975669,0.087722986391051611,-0.018836967669310589,-0.8756117214368081,0.47284476930230163,0.11836192795809704,-0.6516487232689715,0.87705776432013771
77,6,-6.5563921331096768,-2.3668159238030038,0.24156052066679151,0.79613291539007958,-2.9773143707528251,0.40607191395020992,1.8982065819816811,-1.0623388817228925,-0.36886173925059657,0.5652183350486738,0.27816076674245094
77,7,-0.027480296513017199,0.19283475314845769,-0.20258214515762857,-2.7352657308845441,1.2020072141015978,0.6599778522179538,-0.33876142300470991,1.1093991944718318,-0.0023809923175610445,-0.80227898500656858,-1.806212356150622
77,8,-5.2945202568887195,-1.0598694806403948,-0.64585349885346022,1.4094269002987401,-1.1181931017595885,-0.54785986549481747,-1.4726257372843579,0.90507895759666745,-1.0583290422918361,-1.2746652809535075,0.68758026954758122
77,9,-2.3140927250810983,-0.019056819351324143,0.11251466345293841,-1.191254929920212,0.54995911723034141,-0.57166886871697442,-0.24125109859515215,0.68189647623943339,-0.17104889166026535,1.240615517442015,0.14464887652568048
77,10,-1.1046607495714209,-0.14915269249759239,-1.6217562356361681,-1.5401324551698052,1.3494131635245474,-1.2325632449938804,1.4051680552468622,1.0929547124776502,-1.4339234221800592,0.19086706080397656,1.0050911842130332
78,1,1.5316980320307243,0.027423720598846853,0.6976558927706219,1.6385146274947342,0.37896303903903195,0.19821804677101018,-0.35339001029481165,0.22117763019050504,0.87324485657702133,-0.69975745834623726,-1.0677588893365164
78,2,-3.4140433602693538,-1.881675969739903,0.82212513048898805,-0.54629564924892826,1.1131999406685515,-0.60842860786160768,0.82794250995017193,0.5125397644623646,-0.92276806521936205,-1.5728729862557262,-0.64143435755627731
78,3,-1.2215623301359277,0.053837533959612133,-1.0062614237871101,-0.72931069951034067,-0.30856524153364695,0.64814508093253886,-1.3101010140467102,-0.40867320901980869,-2.8361861410085849,-2.1903093281276114,0.28256145161413571
78,4,-2.3832713287148088,-0.60355726750844008,0.7269842538957042,-0.59701995928803142,0.7894592786853325,-1.4795719682621793,0.78482589921594903,-1.455518247459803,-1.7630167275962989,0.14876373093454204,1.0730493925530666
78,5,3.5684316308923441,0.61604366903346008,-1.9615240369316991,0.1388535603787095,1.2152386025821609,0.44764796557053932,-0.082665822463014377,-0.42680468783749248,-0.57198213274737919,-0.011481245180365515,1.174673730469719
78,6,-1.1076129693187453,-1.3692328971812231,0.64037391070174765,-1.2945715298795131,-1.0339277469247519,0.036485850785996053,0.18300709623868094,-0.4734781006724037,-2.0058701163316872,1.5918713473060184,-2.7500517318453235
78,7,5.4753128295410791,2.4739784802616698,0.15175336869664099,-0.49872857760720923,1.8016116868097491,-0.47526605032321034,-1.5902278790722433,-0.31222474748506873,-0.12457990690587878,-1.1398605585170531,-0.4079985391631239
78,8,-1.2943269691192816,-0.89974962910424972,1.2728786527655229,-0.18006951372254762,-0.12753556063138521,-0.92352125510469885,-0.59674554316913808,1.7607459443202238,0.76640599772897133,-0.3656216185154556,-1.4917181005880236
78,9,1.6956360151163543,1.6862813108132637,0.28181437997889169,-0.020539993835437833,0.34331666053795074,-1.1666693616880739,-1.0739153376491333,0.030345006726582469,0.59941364966450805,-0.89143992496216451,-0.1975904036407595
78,10,0.70439738071762814,0.73808828650560654,-0.13408957542708527,0.014180106905402437,-0.030651525520221729,-0.023406544770303156,-0.93796130210245254,-0.64534089245801352,-0.6907285721452282,0.45001707842349697,0.86875432133634378
79,1,2.5205405905904437,-1.0749077679810617,-1.2736360206461306,1.5836297882025168,0.70308318350748233,-0.38273188439972311,0.39923327371586653,-0.34819265432783175,1.3122478189034821,1.7162975698140941,-1.8631693589833358
79,2,-0.14203361038179052,0.42248958014681648,-0.066370023163699443,-0.37833630256866291,1.6592059392946121,-0.46446166888438761,-0.6447709772340563,-0.26011438652618979,0.021139752131147674,1.0340876028369754,0.56507800643292194
79,3,0.53230843579491838,0.040775514960067448,-1.0360111000105203,-1.0615003979730617,0.75338303198511869,0.086314012910985449,-0.99438471725241895,-0.11696598990696044,0.12938007265688312,0.66646557666321715,-0.89150683550221888
79,4,-4.5416737195542982,-1.2664064012438274,-0.29693604257661227,-0.75947738369743556,-1.2899725002746114,-0.70308389412413219,-2.6717121704557933,0.4972599373788491,-1.906724427744797,0.6792835870082099,0.12716404167862985
79,5,-0.52596837460983603,1.3347896032165567,-0.62474092726747033,-0.82071632942015382,0.92642740005516133,0.37458246599809991,1.5145834536995904,-0.35036859006707927,1.1009157721606613,-0.21002112921778723,3.2671654502795899
79,6,-1.7181751068851314,0.51466647760532214,0.54232266332005041,-0.42203686355191622,-0.2344990902573178,0.33026193746601901,-0.29436737819362085,-0.43525019785193547,0.78538880724132931,-0.16902730186990519,-0.62578727590990979
79,7,-4.3404061500566886,-0.17926685836002548,0.81135450035261292,-1.8995917516321257,-0.53081986517402069,-0.6318808212562298,1.3207071720396311,-0.31955543398045505,0.19582498672906362,-1.3134832985104616,-0.44986759362303397
79,8,-2.1307899062358735,0.13340775725570878,0.30579057087058309,1.1406708566825232,-0.13999813446816689,0.30795825125178294,-0.57782909825592299,0.21363771654585367,1.4577684752174769,-1.0907966946654661,0.86959581887391191
79,9,-2.1295637543445665,-2.1900331475225392,-0.3636883041300718,1.4100318683874149,0.56618314509030676,0.60442252907134408,-2.6198789962456264,0.26314587254395982,-0.45156892860119247,0.82738969395487116,0.180168228799062
79,10,0.014765151724659364,-0.25349713232561893,-1.0555827046680064,0.95945828028866709,-1.3996048086552522,-1.1664806601928355,0.36945763097884915,-0.026281225704642447,-0.74365458521779237,0.092898380049310128,-1.0067811534891078
80,1,0.022414869260687809,-0.24013224921401022,-1.043286244793326,-0.37158329739566198,-2.5208066282256931,0.69180459206155487,0.17560097460424479,1.4054548970593301,0.39015837335096698,0.050377138458592596,0.057855485057655913
80,2,0.88275439102143216,-0.00051534251054535329,0.11061306388534944,-0.49624856415594787,-2.5439828327031053,-1.9579665351906914,-0.46350278408880874,-0.62099775069504748,0.6190250024496311,-1.2865706671266997,-0.76438148704592479
80,3,1.9159244499701455,0.2737969547602041,-0.20167677922881794,-0.19713934402856409,-1.8632661920197422,-1.005423467304315,-0.66750373718642619,0.85788108098927651,0.33799097777048065,1.3976034305520393,0.56630259401329786
80,4,2.0229826449185366,0.7429500395449351,0.85020811713350886,0.33764413997512915,-0.082026856088456918,0.75022697978528996,-0.80869116695472187,-0.088945939745035341,-1.0479756220073868,1.6890963290716763,0.68490365505145079
80,5,2.4243079808153629,-0.28803712855767211,0.091247247870138048,1.5386955798587032,-0.95019304909566782,1.0068201890574593,0.6841413977888976,-1.0224178974128093,-0.65586475771112585,0.40644399154385469,0.67460140976741811
80,6,-1.623254527749717,-0.90653157624158198,0.96355253382029982,-0.61859125996326247,0.38152161499651172,-0.531450706000689,-0.25627918351361545,0.58794779985229939,1.1033663861318646,2.467347310084743,2.3354552680626632
80,7,-0.80016863556170903,0.16036336645780544,1.988236717207114,-0.82680362212760561,-0.61039752510242096,0.60064698433654617,-0.37270828572908143,-0.88532137466244376,0.92795721042305046,-0.36315567046987524,-0.93456126543414275
80,8,6.5871215598623722,1.2482218095730182,-1.2053534003857114,1.7840421143771468,1.6200832715633335,-1.6876893263474686,0.19145561386560114,1.7387910673312945,1.8892192693766283,0.1171379751938145,-0.0092184352001965109
80,9,5.4038671060564756,1.2936007874410462,-1.0311441204411402,0.64989145316522634,0.041430280183462509,-0.44688010784530519,0.64448801989151971,-0.27246350157651938,1.7451929764354341,1.0890964785077029,-0.53003441351383118
80,10,2.9721376987932437,0.086469831736041711,-1.0865642478673083,0.94758832527085035,1.9728604844792086,-0.0048279379707076219,-1.3719604170323045,-1.0786594874333906,-1.4891460967569954,-2.281253453033361,-1.3502133412002433
81,1,-1.9057453803466935,-0.57646605144027419,1.8974675341930431,-0.049759024271977544,-1.0092988001545193,0.16726481513771491,-0.069572770988355806,-0.35835377939612323,-0.77113395982228738,1.4542369435800313,-1.7022354992145405
81,2,0.091494012012921289,0.4878798959309309,0.66132679638175806,0.24963325119896079,-0.65263592333798592,0.36142239192890857,0.41216331020780933,-0.076757365975650249,0.99687555049598908,0.015484757655093202,-1.8568036753752406
81,3,-3.0167845937566322,0.70661196840068619,0.22817008444847636,0.2213017299305054,0.31434416712799162,0.63847787954867796,1.0122315790792977,-0.37718936900219108,0.52996909025702588,-3.1372036544621658,-0.079460526865719541
81,4,-4.5009237192578038,-1.3131347002287472,-0.63233635045304992,-0.039735972874428045,-0.1677050886812807,0.74349883890221757,-1.2549567599043703,0.28676220536303038,0.27308857211447513,-0.8900070487601438,-0.66721391848048484
81,5,-3.1741254169624589,0.069358835962293169,-0.052214421553077497,-0.87160432907352281,0.3621414970802635,2.2291313203097296,-0.82261546963507926,0.047104317941419269,-0.74012076416294448,-0.90349684354195292,1.3896060343981815
81,6,-4.8611768013047119,-0.16409143685200639,2.4030193790151206,-0.7805294003998402,-0.47891272036861271,0.91398474736267266,-0.29652166834985594,0.09515473757356406,-1.6853740679304257,0.091385777332919721,-0.40176401570793974
81,7,-2.2612877887064009,0.17108352354775797,-1.0953294370372391,1.2373915708786734,-0.59152996603281349,1.4232347576100401,1.141405766489942,-0.43476416670917389,-1.1079886154524019,0.19887025920899454,1.6017656606666792
81,8,-4.9555299738612852,0.050930941849282568,1.213975312096419,1.1761389188916271,1.3574824500337295,-0.400619870182778,0.50071419935393613,0.5058698786169511,0.078162320305085908,-0.37741075489186976,1.0919387396747653
81,9,-5.2898904595839067,-0.13913339438420941,0.083038169988846,-1.330580921492668,0.19999016425821733,-0.56775371730333613,-1.3739724596202665,1.3561440647946086,-0.087476126338974322,0.46297243183709513,1.5632544509539488
81,10,-3.461584484199645,-0.45951880363689851,1.375648556032343,0.99187964737910017,0.9686974818744184,-0.099347502441640867,0.35791509783749392,1.9785577811315582,1.0204596871471909,0.69741378709489366,-0.44751973501025588
82,1,1.2545843210664032,0.75609130991156515,-0.91806548092647344,0.91787352943598588,-1.0072143083284613,0.23333407033588188,0.83945924204971689,-0.91998886545387515,-0.87498337346607402,-0.19740797848443103,1.4745247909799637
82,2,1.570595629952221,2.4604565525190445,0.43796068220007367,-0.79881806752593287,-1.0043749801875037,-0.56564554819450308,-0.1358596244660927,1.8185634109200302,-0.93067910896247208,-1.6257670317715609,-0.46215007774380346
82,3,-0.96337180323723626,-0.11642245742181379,0.67580481768926104,-0.24129445028217089,-0.78726259936083576,-0.95305608294553623,-0.65902520110359797,-0.26776938330001127,-0.20391687302779252,-0.70459743409595488,0.22835755551154036
82,4,1.7529466020441631,1.3605266654917159,0.8914526447562332,1.6972222783060329,-0.30664439065047122,-0.58932968418484166,-0.21464373579572077,0.96971756060618663,-1.7056472640405587,0.40008834340577965,0.84059590967816455
82,5,-0.18458648776505704,0.52537711347524974,1.2367642121396019,0.69918249955783174,0.050966503372814824,-0.072807584560412433,0.4053428527443817,-1.018101803374144,0.3232684175622566,-1.5155147368824822,-1.953706410978665
82,6,-0.27008157377694375,1.8493881644650427,1.9802480920491983,-0.13029840108901605,-0.10629397498447817,-1.1464759979240995,0.194333761081875,0.10387939916822196,-0.51091854358348965,1.2717083013158974,0.97340204333230052
82,7,4.310300129782628,0.89962505033606233,-2.6467813497819219,0.55941672542446585,0.16937369351828208,1.521537018835873,0.27925902255858509,-1.4808963946968752,0.040412808314357417,0.087660593313404131,-0.46036388260928252
82,8,-2.730706135414108,-1.0196199432778061,0.00081926453278527184,0.96749485408362312,1.287058910251168,-2.3742864812840434,0.16747281449250848,-0.43879673569320021,-1.0630520052788479,-1.0914586266357931,-0.08330463365696579
82,9,1.5754179414750094,1.4005709117919554,-0.81258380960706567,0.66878486039279073,0.41487338468376617,-1.2364223514279844,-1.126516306988399,-1.3745596384584287,-0.43277417891012321,0.64627123820923771,1.6230608704582103
82,10,3.7987846696631382,-0.071265584682230737,-2.0367617325116476,0.51786000906249396,0.24347380542306821,-2.1453497196289701,-0.47959717697200349,-0.20351980724596516,0.89158131918472827,0.12029141082506188,-0.95032027801652719
83,1,0.62770064773818013,0.85351439014052566,1.5687969812190237,0.38513244432165633,0.78440908061469461,-0.26041376239757075,0.44047753265760287,-0.84405348723427354,0.20724750696206581,0.91647289744976146,1.8465516051846791
83,2,-6.254670294448835,-2.5977367084755056,0.63809481002852508,0.082140329150999308,-0.82990541126535522,-0.40726429207661713,0.23998971772208721,2.6945275012018213,1.2634571911657755,-1.4652576479606527,0.53505057759715702
83,3,-1.5710133069939161,-0.33598126155410574,-0.50227996491171256,-0.30779260679552706,-0.51317075731306816,0.08736049211747772,-0.55025932104937614,1.7715708149011009,-0.077302186433908446,-0.5164113538992039,-1.0747655560941896
83,4,-4.3780741976055726,-0.50261793505848007,0.28120188474225116,0.93900735147216818,-1.8790878857693838,-0.81381536998225856,-1.8919628492871214,-0.48399533594864347,1.8069424422040081,-1.785875627324315,-0.31542489010561481
83,5,0.38499404196506837,-0.3083726972369944,-0.69402231097861877,1.5809730623431673,-0.024199269560263224,1.8723159312029791,-1.9009703085980825,0.056480477242545402,-0.050928287481881475,0.75345114371066979,0.58827486978359067
83,6,-4.1882775911433896,-0.79362935510623489,0.24620265098899394,0.5255369930399616,0.74411010148513435,-0.24752615585880267,0.63907758455121788,0.29343565549836964,0.76735675497109701,-1.6089269728356992,-1.0734078908833169
83,7,-3.691443279769036,-1.7353629772379591,-0.18392837910894239,-1.4496126612860873,-0.80555181095555173,-0.86615300661576788,-1.339023056399457,1.5194194791754501,-0.34068725498896618,0.22898604893736671,0.24040860894884725
83,8,2.1382830465219684,1.4912542451344093,1.1364393830334347,-1.4528907117797576,0.21506841739831986,1.5704963819580451,-0.16479152548497189,1.1745186916340313,0.19677340172729357,0.054233482025637693,-0.087730014600124306
83,9,-2.1304106307983606,0.86416476134957365,0.7503675115161903,-0.67744793246242196,0.23541018595916871,0.017943959624432074,-0.062262419188871994,2.2813528184822327,-0.42106608020463115,-0.52313229429451003,0.88676482933288581
83,10,-0.62230206465974325,-1.076721731043409,-0.80921703673694345,-0.71988360765203441,-0.62741425364840087,-1.5536500171408798,-1.4766144417101603,-0.23346389259199526,-0.34198985300963453,1.5476392329975059,-0.85356911855932005
84,1,-2.4998334626359866,1.717147513067194,3.2671349121011173,-0.80791189239679573,0.65335735007699958,0.21547928143192607,-0.71853388391311279,-0.84819552733139525,-0.90431400531903672,-1.2788009704856436,0.27235206286003172
84,2,-0.060763459467707115,0.3031852262432162,0.0027130648495673508,-0.029776869343633747,1.5670862113103483,-1.4087409540113274,-0.30635664580299726,0.11220969558947155,0.12481703040698801,-0.32717122277705801,1.5510299303872424
84,3,-0.36806360695625595,-0.002903955518871992,0.0028376213107270281,-1.4362563057222182,-0.57514579158819823,0.57259187580805393,0.49588964405928537,-0.23144116076358323,0.03559258246321776,-0.68726634611941928,-0.39014655987413011
84,4,-3.8377592727454237,0.02089600092658336,1.0138510172475474,0.30997444516423306,-0.4078068784919161,0.11216737820905882,0.7624920518467444,-0.71234229977642038,-0.00021507673714163172,-1.2466826475476327,0.72083561857208844
84,5,-0.53427489434848807,-0.6197096935072044,0.32604835768112772,1.8334764158859709,-0.3831145809453792,1.5628350090699543,0.091293773423143099,0.47457108700281053,-0.44999584078125004,0.28413200124493992,2.1139417441403547
84,6,-2.7373241899451228,-2.2024017655584589,-0.5369541473417957,-0.67729341734176318,-0.56943334351505714,1.5799936135936481,-0.090951876990309544,1.161858839526376,0.56098586697655173,-0.62055729269578341,0.4999950182655033
84,7,-1.1117063446379347,0.32756234884999996,-0.040037011612342153,0.0044256279308045625,-1.304942288672194,1.3032406608570091,0.15120212804041788,-0.87985741225506831,1.1696288602886931,0.19816246476294999,0.12240497300631291
84,8,0.98412568944790324,-1.4333757220831285,-0.78450898834106031,1.8179729272424459,2.1526114465755497,0.16777834899272168,-1.5563889737875423,-0.5125757997254986,-1.0080766154222729,0.81684110408244426,0.66458427634396089
84,9,2.8993705436106239,1.326927870293559,-0.22242572749355585,0.76232142976428108,-0.37866698705620983,-0.27368830767325297,1.1472010690192951,0.63519925518217668,0.84288195181974912,1.2057385486950372,-0.89997610329693833
84,10,0.87929999822486782,-0.36696082237353989,-1.2584472002636093,-1.0459684051252887,-0.377184505614926,0.15949433354023365,-1.003892807483858,1.1346334956250235,0.21733821771769246,0.35846813868507432,0.5487957574213389
85,1,-5.7319381273765977,-0.27336921623162114,1.0490584538246914,0.39379588766419366,-0.060374719167572151,-1.9312842372183101,1.3915079763053713,0.0097482755504635712,0.8053604299165853,-2.1439763290361706,1.4675776420994606
85,2,-2.3112623421619789,-1.6478998569860486,0.71792559231321051,1.9210571473011977,0.076000511625688633,-1.0068944631948376,1.7651099045638305,-0.64619316396349391,0.21313251598946997,-0.25568566261534081,-0.70663824332454561
85,3,2.6882574230169523,1.1073277022589867,0.64401251137953341,0.33228879181029319,0.10607585793975338,0.1762461846248097,-0.32552357935906451,-1.2999621173994445,0.042679466105163905,1.9317810172090895,0.40561998258027282
85,4,-2.7309373069339933,-1.0238651493082642,0.55113084777990273,1.4379312954645358,-0.091950013460159602,-0.82743965475352022,0.00050196260564833281,0.94389815949180755,-0.59948878830082286,0.7899996403415197,-0.021566176597170382
85,5,-2.1905958923413782,-1.2792749320840129,-1.6257318967924275,-0.80640560907893244,2.0043107924882797,0.44013940791660888,0.30360826931824925,1.0465329824182577,0.48994797181183636,-0.44523035443248266,-1.284539198879852
85,6,-0.94671075222647261,2.012934088691972,0.056917733692527221,0.18886528182920398,-0.35517012984542234,-0.95498819210556563,-1.5324166409369713,-1.7147856630680713,1.2838477798335264,0.63531539515040114,-0.003788611423152535
85,7,1.4420635199065595,1.3071332488962519,-0.094129751037269782,0.033005465763863658,-0.13168648700871757,1.8597289195073212,0.43221688293431354,1.4102284241740874,0.84620054596857086,0.68076149056440494,-0.27642763807395604
85,8,1.743128064077712,0.51448295317819248,-0.60822496864264541,0.50728552234210966,1.611246774282151,0.36209779448382462,0.92471728259253749,0.55629620273994407,-0.043633238872933695,-1.0120898411904389,-0.96160163224203254
85,9,-2.5443938297065403,-0.13911891450373182,-1.2272592226501788,-1.9830458264667445,-1.5057300508961262,0.1656967851881434,-0.47603527017784231,0.37929569867457014,-1.4585503839682559,-0.96039295456114915,-2.1749295961982549
85,10,-4.4686881943287791,-1.7787429331496212,2.0834972304085979,-0.1098856792555956,-0.27703178044100396,-0.50368663186824436,-1.2871908131006866,-2.146828838842608,0.71987945671486864,1.2880080093769002,-1.1095551683671678
86,1,0.6142257867273111,0.91385055271302584,-0.40689153896049535,0.4256388259421231,1.1119670188309541,0.6844095253222926,1.2848193999135107,0.23950496887933423,0.19257575075461464,0.94820639166145859,0.40190368189547737
86,2,0.013814184378882155,-0.55855778176299142,-0.95300010625282183,0.25451745334658354,0.14095385891419687,-0.12252310759817107,-1.0470399166315696,-0.34043580993312011,-0.79559366952143573,0.71124453198445536,-2.2272646078871174
86,3,-1.5671415337550019,-0.27380103267586453,-0.74884777530224933,-0.19630813944140513,1.0601131780779232,-2.1476702595631347,-0.7664093098020931,-1.0905859074992976,-0.13261457112635966,-0.65999811552050713,-1.5039021782272275
86,4,-3.5280131949620159,0.20689367713311771,-0.056404526214259072,1.4539463602220914,-0.18655059973050117,1.1704636798200929,-0.50891748412771254,-0.30696630010534071,-0.20114271026988498,0.027005685860768458,1.9986097128909153
86,5,-2.8154237944394893,-0.23620246947010498,-1.6974228217935785,-0.34653837766012513,-0.45822406000655946,-0.71017299823947033,1.1023321179732228,0.28993034595264161,-0.24347705612108542,-0.40929948696896745,-0.67246943924836633
86,6,-1.9070579237513114,-0.37280733930232618,-0.087026134568939886,-0.09933670367723102,1.804788715333371,-0.89017847315881737,0.32980650149904872,-0.40476520471899735,1.6474055502193674,0.13664735248716919,1.4083725035124295
86,7,-0.39302580464247255,-1.0000252186331915,-1.8239903904439594,-0.073633500124029971,-0.26229415846060489,0.6679628179597078,0.062868159406475096,0.88990358956779758,-0.14804687354566479,1.22484087442185,0.17252076837579558
86,8,-2.962409775489304,-0.63594091524591889,1.0019368646177689,-0.32915322426498139,-0.5158102602773722,0.63146829742188015,0.39945024729944789,0.12763203275359683,0.95984585791693544,-0.07738256985349462,0.89465161389896553
86,9,0.48938453898817935,0.13490710331848338,-0.83659288830291434,0.79227210690644612,-0.91227327415480164,0.31327033819566263,-1.690175374721911,-0.38988334558574228,-1.4129843288219688,1.4641262729430307,0.06151541069147981
86,10,-4.6510627286804427,-0.53068094907768804,1.8037188871734064,-0.60435546879655599,1.551309763473099,0.051885576779617713,-0.54153554430510387,0.74350481992323081,-1.2187378278940357,-1.9200423259732307,-0.87852686593225215
87,1,-0.77011969045124395,-0.77459247583741098,-0.82787536440821008,0.022271702007616891,-0.66494895263465348,-0.37284926771698657,0.75328237050656566,0.28307486391274422,-0.068346408093635083,1.3220845285950098,0.87462315251373435
87,2,3.2455262924938686,1.4505519404647498,1.6746865839565317,0.67018408070791857,0.71604766974003331,-3.3592035159930052,1.4424034313801313,-1.4089490897361572,0.38114486653502561,1.2438805685471619,-1.9645528762175799
87,3,-0.4236039348020475,-0.69952839988869675,0.0018117019563119604,2.65230958941821,0.013441810448503939,0.36245656419478806,2.1309519095396818,-0.5181352738230347,-0.10101678442606032,-0.93826473713621783,-1.8809193624078708
87,4,1.9618501276157272,1.0458844595946302,-1.1498159384893294,-0.38728784787757381,-0.96796779490306573,-0.5622464377084897,1.1037469125321482,-0.43629432653729888,1.280252871631997,2.2964755358639439,2.2511715539986663
87,5,3.2082965096457485,0.98898492365073831,0.52175372319013713,1.9013906221455557,1.457283534907746,-0.38955928643227372,-0.72105190994389901,-0.71543153464230402,0.093413248916325117,0.25252239455774916,1.2119599559550871
87,6,0.79506940236284585,1.6237166475456093,0.53693089421731255,0.083759949520958235,0.24865354671526568,-0.57017479250811665,0.64812637597398115,0.0977847882502966,-0.26409080145382413,-0.61038497483443499,-1.0321435400406143
87,7,0.19906513579583462,-1.1851504460624098,0.14854493785439515,-0.34177521702435842,0.56017424724200948,-0.13847348212790089,0.14277429333947647,-0.72240504866525068,0.92751086370626679,2.7234734340105633,0.11389100340988746
87,8,-6.2338799423336102,-1.094671464174759,0.74845469306496182,-0.28613039507864391,-1.1017785456741913,0.19328727573398283,0.62249365565296855,-0.33830900916064738,0.05226405758811134,-0.23528357274591941,-0.4542273276193457
87,9,-4.3428824098930097,0.29188453627916372,-0.018727202189441263,-0.049191222990513879,-0.06907817439698799,-1.5933618928596134,0.37823511653549913,-0.4287958741765186,-1.2749055339295181,-0.33190518040765099,1.3063105164559998
87,10,0.38165991086118528,-0.15901651135035375,-0.14580131443209532,0.43113744603958032,0.1616132703213404,0.87933676289441443,-0.56763108357264569,1.8774897668419632,-1.403065892138297,1.1876860891996153,0.68169213701264153
88,1,-2.1860533119407988,-0.26521269151241367,0.40432152569705737,-1.2183457875259844,-1.1825740562713107,0.90154898561315855,-0.40993277751521484,0.66057543395415941,0.65108270238704358,-0.071734243199436359,0.39971962527030175
88,2,-0.37899839424354387,-0.42508175850566093,-0.5539153917808326,-1.251821746462334,2.1439329583089597,-0.32509713300278964,0.64232381763201818,-0.78910140664335471,-0.14374320657748274,-0.76382166848112198,-1.241724817557103
88,3,0.19940709891178732,0.5757958529506938,0.15239413525046819,-0.20924237898714182,1.5897678728756794,-0.77759472721130996,0.46795514244724634,1.8041242199172485,2.4303945280665116,-1.6024216673656537,0.80443813421360755
88,4,-7.3307009528811724,-1.0004901531914798,1.9912224233994855,-0.0023607952509922593,-0.85460958077998006,0.96354772692329516,-0.12770907245901297,-1.3318297712827081,1.4333690537820181,-0.77820145637977478,2.0421152222018204
88,5,-2.6126391230140751,0.56221506116227482,0.59168896953525896,-1.3368991425682364,-1.1183999730850263,-1.1119712284034087,-0.87610433502065521,-0.84574636395123648,0.55257519995312998,-0.72868285799926802,-0.75061900975311369
88,6,1.1054517987164565,0.3021190871400376,-0.72296178493290653,1.6399668747230753,-0.091675411900717194,-0.19453237753959385,-0.73282600696918287,-1.6370015925950232,-0.14701589056294534,0.15235191755307101,1.0458130960105558
88,7,1.760258478411415,0.59011512664556387,0.0040810670733349118,0.94569476289031762,-1.6334201730791371,0.73571735626280843,0.12952291600326063,0.39636940483202598,-1.3603843340831865,0.72541982736234412,-0.66419237160951605
88,8,0.0089726687770645824,-0.25053152845187499,-0.63466947316014977,-0.67854870984855253,-0.98033407463933431,0.061144482663902426,-1.5913505290731285,-0.78707435175620044,0.43609247260266887,1.2135022471920334,-0.71409995788835279
88,9,-1.5635418300513149,0.73035811540494888,0.95906210926661617,-0.49448147545001719,-0.77238516871208485,0.9057021078937344,-0.065067902845879891,1.6309278058068657,-1.0586196450433054,-0.71175003013913052,-0.60273505048997444
88,10,-5.4272427336897895,0.11995428502133053,2.507449043246325,-1.7344836334985518,-1.4739151051948625,-0.3915611014143367,0.97701351679302539,-1.1719258219490356,0.51289741763519148,-0.054494876458007976,1.7129083426783724
89,1,6.022598869956072,0.77479871422312818,-1.1414262928638661,0.40102149623780797,0.30099688041203621,-1.2112971404658617,-1.5139749192212004,1.3101396903366243,-2.0129377152549299,1.0578951802932433,-0.35768170493135748
89,2,2.5090206344295822,0.36937870935801703,-0.22235192582350419,0.20740630387296816,-1.0614202988986925,-1.95692765848629,-0.48122377478107753,0.19712499734545838,-0.90968346497769015,1.1240693097499213,0.39211244078578811
89,3,1.4353689352826646,-0.25348838262163786,-1.0970337560456549,0.35155714663501758,-0.95881921987369556,0.11107161341875339,0.94136849883528195,0.53486211989324262,0.55376358288073912,0.2902578029193067,-2.0924915305913014
89,4,-1.0250695818712132,-3.0662229850750164,-0.57573794699872261,-0.22972023644319781,1.2890507023940001,0.66022951873963553,1.5366687214214414,-1.1838667534117702,1.567248044809207,0.1167734601095491,0.40464467645284163
89,5,1.1803002445658057,-0.68438729095160811,-0.70259192812087845,1.2500299654346132,0.17668386351270621,0.72307986660160528,0.18675639029090874,1.2844195778676664,-1.5955426971178424,1.0653572435355596,1.9100810382640465
89,6,4.7380097775076448,1.2975576331273779,-0.63098358140735666,-0.1501469315278455,0.030597502294579214,-0.6756473091898485,-0.98993554390130034,-0.063790794204061155,-0.44241995121627181,0.2480407948381867,0.56571947701846637
89,7,1.5684229859899781,0.0019279848174307524,-0.43251135610923713,-1.0300641797739041,-0.61866974475057224,-1.0176597135266026,0.9591923818643262,0.32202286039306138,1.3021554279677776,0.15878558575683377,0.75235669777091119
89,8,3.3366696254701851,-0.11989798813572898,-0.17999048920866959,0.79245863058801014,-0.016993771430454628,1.1104204132289102,0.43697311549901086,1.2411780723035202,-1.2727712158775413,0.76580936999579385,-0.92900125531459288
89,9,0.3938513059589499,0.11767559071471576,0.26899770691291081,-0.17033288966440643,-0.027172072122084098,-0.42044127165679357,0.91571731192934969,-1.7495140024300735,-0.040408219762345106,0.72322860037082337,-0.15573802959710689
89,10,-2.2045598156061366,-1.3578806284902383,-1.3751362750266169,-0.26587965595150764,0.17690506974142919,-1.8713357450875994,-0.051428130661307178,-2.027298133066382,1.1508454217684436,-1.3949847156800952,1.2111839403239155
90,1,2.1860317258825299,0.48187527522063994,-0.14202638327399289,0.31158954651871862,-1.3054361727968178,-0.61010209337100874,0.34880562407355342,-0.24022343832820509,-1.1670243042096939,1.7563747417563642,-0.5432102857786365
90,2,-2.5290054532697952,-1.477067078653888,-1.0860883627035276,0.83259348982043735,-0.074070308827493631,-2.1834407080901941,-0.41264079066461334,-0.62201317710047543,-0.66362074963642637,0.042396288659846036,-0.21430196470266899
90,3,-1.9716744739717087,-0.69654777024269576,-2.0256012614226298,-1.8129751435071206,1.5708022799595389,0.20916168421296383,-0.17755122452589633,-1.090239316210422,-1.6809614828325299,-0.13405355075035469,1.3258477909570174
90,4,-3.5078016464948121,-0.9362387542186279,0.19033139952251132,0.18657539908867632,0.034371838183412821,-0.12324714119940108,2.3525678511731778,1.9746578636912622,-0.38827450605746477,0.24157636812545788,-1.1030635462378737
90,5,0.066135552607588743,-0.67949299391800411,-0.72214466698993585,1.3294450602618555,-0.21083502018476413,0.57351809174231871,1.2121529284196102,-0.69778090047750907,-0.49528580079715273,0.30290795431830569,1.48411169104757
90,6,-1.4927262816173643,-0.39916729728915901,-0.36632454014276117,0.052429425947455859,1.2176067853386583,-2.695799555203525,1.2397884941271564,-0.32605497807153072,-1.5581365514672494,0.17652404589232482,0.2349507963689646
90,7,-1.6035912613755481,-0.025207265318233082,-1.8522047677107722,-0.97085055346550231,-0.65006425530276191,0.6461116693220299,-0.80740472593794776,-0.71692087692748818,1.027784289182764,1.5210150232713124,2.260803190971854
90,8,-0.4712120383004631,0.37450281688638326,0.26008252899886802,0.8054876707573897,0.82599962833670304,-0.1274181786918471,1.6089312939758835,-1.646618180002174,-0.2784244096642467,-0.29771638196397493,-1.4600825904026533
90,9,-1.3551411171796108,1.2657533074433733,-0.73614993558678465,0.44366258561604111,-0.42635674361365405,-0.23045786054305667,-0.2421055481941338,-1.0405865222241419,-0.099262247619215954,0.7323288215889967,0.32938902304820622
90,10,-1.6141098532814022,0.19208153505839173,1.299751326597842,0.22895267829805122,-0.35005807045522075,0.15497025980667761,1.3095456147158258,-0.92488529032582323,-0.070906193817972571,-0.96937873280563336,-2.7175549950970974
91,1,2.3247041235769696,-1.8771333659419784,-0.6705603095996937,2.4516235147380994,0.42919347083782466,-1.2122655513056251,-0.91413792944022687,1.0973599430505074,0.35644141275548319,1.3870589375678493,0.45422267079622564
91,2,2.9044081903242365,0.46798534465071906,-1.4208908281622843,0.97860056770211579,0.2126916591173742,-0.81096727416447556,0.55614807980083802,-0.16034496666324358,-0.4622590981383437,-1.278841244548411,1.1527327169995374
91,3,2.1131409323068988,0.99602649838954282,-0.23789636865524119,0.77175744994427475,-0.53075385563226507,0.096739310197282949,-0.97771600843608475,-0.92510330008418085,-0.45535103555569617,1.0725319551876633,0.96259348365070685
91,4,-3.0774680466579416,0.51613677557451998,0.63458690387248473,0.023558714815343641,-0.95221058870948916,0.39399352154603273,-0.29537910002819306,-0.88029213916606353,0.6466582371084667,-0.87225675746383569,0.64426813953199591
91,5,0.87707330039107401,1.6777574864895644,1.6945753754548709,-0.14790323695383201,1.195181166233783,-0.24654939347330843,-1.3095281029032577,0.85511828335318063,0.094460309184728738,0.31184840631403316,-0.049687824351524891
91,6,-0.87505885148781337,0.2951318313205224,-0.22763129058151468,-0.53336409242933158,0.59823453028846107,-1.7741875478733415,-0.60499442927259439,-0.25513222656752582,-0.69531470852323873,-0.66523810558320473,1.0906205715270723
91,7,-2.090183087675336,-0.0085391978234069313,1.2124163627334412,-0.27219324171517978,-1.3024067955262186,-0.978562451276209,-0.81088518523893005,-0.27589869938134559,-0.33882203383651116,0.84179853291161166,-0.62384513491560922
91,8,-5.4023207033899565,-1.7049225065618909,1.1053154410779673,-0.33705216150705697,-0.21802133449608146,-1.2237843789442091,0.66638793271939833,1.1607987017613977,-0.2963641344197091,-1.2405233715225752,1.2816602060627575
91,9,4.2651165435648082,-0.18469717535370983,-0.21486870590158105,1.8361871718995222,-0.2970461094831407,-0.56607582383560051,-1.4041413128538704,-0.21489441530367426,-1.0163724360413886,-0.12328829642076655,-2.0053005489003981
91,10,6.0109190724901671,2.2190271821765073,-0.79559844640344135,0.60914138129157425,1.1504612328348154,0.20576412701489488,0.48011650889667018,-1.0864055160040773,-0.0075009400492329443,1.4845093538773069,-0.61730926576579137
92,1,4.6386175166135324,0.28295423331164909,-1.4069677358414412,1.254494581425476,-1.4468277803185519,-0.28947236282882155,0.16275363254709355,1.721310537353913,-0.73153237456294629,0.63663480424979002,-1.8868796514717359
92,2,5.0401056878993016,1.0481562769877688,0.55641420646416451,0.59960896623156534,-0.21517633727582516,0.53355068341934953,-0.057722885814013018,0.73836727967290616,0.15818433056779094,2.2030241983573182,0.522398378192374
92,3,1.4175307764631708,0.50881243877249627,0.078148785210524915,0.78803568532963697,0.54717764087706133,0.35260927853840518,0.95099568572882898,-0.42960070377981996,0.76553853658898763,-0.23963333830115488,0.7878475299441553
92,4,0.77445157149960009,-0.059220192004743141,-0.044785085397892721,0.377254832194306,0.84416299542953743,0.0035107771264286099,0.19930681968671238,-0.045809982681876298,-0.0070553219776089693,0.57909275496788915,1.243735009661296
92,5,2.6805872667197548,1.2421093599076896,-0.39991456195520481,0.03531793392252576,-1.7801484692446674,0.27313404344716607,-1.2002703280292319,-0.75021047309988609,-0.73781119345984614,-1.3142702420969743,-2.0070099398649677
92,6,3.9628748918087959,2.902397402685851,-0.77918412623066069,-1.08433021138132,0.8595775243023035,1.0993941943226446,0.69967995654374837,-0.75185488083293117,1.8428328782252403,-0.89526586194353008,0.11945252107485917
92,7,2.0657739474373016,-0.2086354247105143,-1.6946501880528531,-0.1070312127522034,-0.29744278804212854,-1.5933042619255104,0.33464069045479206,-1.1946310612123274,1.9813515510568678,0.30815771883791071,0.84359553821406819
92,8,5.8066885952139629,0.1998846460019891,-1.5671025113092985,1.2336109700401039,-1.7510320076393375,-0.24026835294394988,-0.19744775074780677,-1.1786584947959073,-0.51338208544323127,1.2972668530850633,-1.1807735887173556
92,9,-2.5145283836330403,-1.6892220126451747,-0.22107126362047333,-1.3746057072650115,-0.087984894036961886,1.0518111054402433,0.87157420470595381,-0.14015403317708483,-1.8530278132459999,1.1205658845966768,0.23208805095523033
92,10,-0.28892526297368892,0.045472297333766044,0.83158265359979011,0.46850886282127591,-0.030710443317829569,-1.3842379276199166,0.46288565411829119,-0.21872563920416033,0.61448140583484501,-0.61240457255622416,-0.9251780375184232
93,1,0.38149953720273078,-0.61913214500384028,0.90461340151625602,0.28363339405051852,1.3653004099373556,0.029167789663082967,1.4841977601485632,-0.4919839009000696,0.57032729840261676,0.65488982200583234,-0.085296167165239398
93,2,0.83177275733659428,-0.18107481562147298,-1.988681043752065,-0.28316733343807321,2.2013109900416117,-2.2005176248925649,1.0657743401426265,-0.59105929152673453,0.60478310387573142,-0.065517910249501793,1.7394970166858348
93,3,3.6932434844467164,0.75089300456901109,0.30377339990265534,1.7349034787039801,-0.85299106019330206,0.91952866075135442,0.056413682434124569,1.0834866864956816,-0.00961485741558522,-0.71433849460316368,-0.99018915939293728
93,4,0.66195855804321857,-0.94276715133490263,-0.95402933639320364,0.45724885081379429,0.85429985586186541,0.30174824518088844,2.0667954613153006,-0.35773238333000656,0.97822968558822709,-0.25389735839714778,-0.081118902603797449
93,5,5.5524185977346603,0.52346742376584765,-1.2870700436090667,-0.026016936126860648,-0.7577517074318787,0.27119549763882128,-0.67576162280191243,1.210146262651665,1.3820615078237821,2.4346460323110088,-0.93070293316683317
93,6,2.792273456855904,-0.52804016477896709,-0.28406192202740504,0.82530921185956707,-1.4016474034133404,-0.22405523538979308,-1.6087867829554146,-0.20214003709642014,-1.6677370389655581,0.92931654654959672,-0.042875970878118348
93,7,0.29806040237779297,-0.11734273642063048,-0.57851715861815589,0.29199535198185805,-0.55385822398847528,0.797130555695585,-2.6270611008320874,-0.98134772584114061,-0.17976727584022451,-0.57250328297643116,1.4930304164498824
93,8,4.2451590687547336,1.8756044902231859,0.46996137585421777,-0.62374147761450038,0.46916528916958777,-0.20180063268588586,-1.1733185835660995,1.2056278751495071,2.1575745379855928,0.49752253491922682,1.6180458877029453
93,9,5.8324949459022193,1.1128176783958017,-1.6260855272876862,-0.36066531469174878,0.45422031507687616,0.81234950004018391,-1.0524599071507901,0.21130347420513895,0.55878813041273845,1.8805414259602196,-0.95419941623697735
93,10,-0.78247821331945833,-0.072522405098337683,1.8082239177419164,-0.6306404741749051,-1.2696647489529984,0.57519651924801196,0.10173483560902646,1.1555737281330656,1.6285331240674219,1.4067893802075653,-0.92134038314835132
94,1,0.76619353118057187,0.4254631980525368,0.46557353038233396,-1.7271693510010349,1.4908935240231826,1.2518577842880336,0.5072942977781737,1.1332182799244064,0.0076595183304961467,-0.48872851506166914,-0.079101115744126926
94,2,-0.38231011924036001,-1.8031622622810806,0.14965092782123693,-0.87059241327902004,1.507457445173332,1.3400196905203314,-0.16753820680351444,0.076403147257124424,0.10257120207737615,0.71164730630412598,-0.3497965731702305
94,3,-1.3850576757863853,0.046767384005638443,0.93879023437112863,0.042405661995729663,0.24259892114342746,-0.050485203111296825,0.71509959962418423,-0.5520798702612103,-0.64826227130351832,2.1172552762226937,0.92236621374980909
94,4,-2.6878325600168642,0.82810570968081942,0.88015961697075396,0.78033399724349228,-1.0327090624551862,-0.75010502633614606,-0.73822936798892458,1.0560923951805921,-2.1729681637899505,-2.1527847463203194,0.065508014622742708
94,5,0.014479828116413573,-0.79511624257421076,0.88553046439572436,-0.058321619192351584,-0.47465409111749657,2.0050721886964289,-0.071873202993918514,0.39213575484827062,0.12607950974387419,-0.15199902343679478,-1.1765288714304873
94,6,5.9920588540278921,1.7259414845207999,-0.062725369154749133,1.8904108410437268,1.0311234256551718,2.1613894161707532,-1.6570468328263914,1.0116932974571751,0.13931219788153432,0.01306469709620779,0.2630220668444993
94,7,1.958580070249532,1.086367500777595,1.3793338594571964,0.55359878818759534,0.42726208210943178,-0.61090281194909268,-0.59481269691157812,-0.3642034978387001,-0.20736691332990564,1.5033287884102917,0.17569492595711844
94,8,-0.37705249530628604,-0.52211713306258811,0.064604526143775765,-0.10588882235518574,0.87869952806692209,-0.75910255248048319,0.66289808145174067,0.12453940898002344,0.094932368843449813,-1.0426869404217007,-0.48588290232373205
94,9,-1.7339373679056655,-0.51744296407288914,-0.78595112450617155,-1.089586804481969,-1.6343420077813176,-1.3231309327301126,0.53468114606499506,0.61106691905026533,2.6822350538408859,-0.91648626017013279,-0.63134189115952233
94,10,-1.1962665223436888,0.31156375855363311,1.2186618611802282,-1.572999454102012,0.092954920871364963,-0.62723226277006716,1.2320905363166585,1.319961005485337,1.1954165326399284,-0.02124869658295234,0.16406214728764129
95,1,1.3128434063541778,1.9479557925827731,0.40874687081743838,-0.68061500242540718,-0.17532848049521696,-0.40139949091802463,-0.61656847275917437,0.97400741741566754,1.6359675929309379,-1.7788803231758994,-1.1600762031808851
95,2,-1.4958341119102321,-1.8925604946023755,0.97728378842122765,-0.26798609658328765,0.53968642246759557,0.50752069335875472,1.161847897087112,-0.1726798732082,-1.2060285733102674,0.20440545002068441,0.15879382158086741
95,3,-0.52059225457809433,-1.3626441539255618,0.030113575901088856,0.90114677568069912,-0.52444952475548534,0.48117039286286878,0.19975736894824933,2.1176598975766603,-0.73739716102386865,-0.41256050253427717,-0.97026253574184584
95,4,0.84280423955997064,0.13964945298509307,-1.034938833514587,-0.41627832255664954,0.36339847746678894,-0.59763334928951162,-0.37156910073865451,0.39065560373403652,1.1337626156855916,0.33187500015341265,0.057865108555693483
95,5,3.1213330957362766,0.02773159265758772,-0.84267360276326075,0.34246507163345835,-1.4832523498955568,-0.40169579713173775,-0.83884911097000103,0.073598042496054034,-1.0692477470573245,0.18947643702147807,-2.5501961246428055
95,6,4.3597437995484611,1.2169598335772385,-0.050667122814753489,1.0345092607213555,-0.14378017794098097,-1.0586145597090006,1.6445171837601322,0.37687677925854174,0.50717498472031264,0.23260276511408734,-0.23143821778761092
95,7,-0.85073564352616682,0.056049842508570424,0.76642708670306681,-0.83315306938878397,-1.0453441156386045,-1.8830550026664747,1.3204229585625169,-0.90526428664614211,1.1064353923147605,1.0754549591037481,-1.3669325263971177
95,8,-2.9672729923305128,-0.89683993010044993,0.50611527464170725,0.019065553056273735,0.54651380231131874,0.32759217951314473,1.6592276881442285,-0.64992540763047435,-1.0457212334730952,0.21121956870323913,1.2683241938800984
95,9,3.4371559255725601,0.69693928997586208,-0.15031490282781615,0.93621854117569603,0.080402052322114267,2.6582372756321884,0.13767660636259332,-1.8410166166149844,-1.0628272903017819,1.7235258460711522,0.65483260858776859
95,10,-1.1809304857653584,-1.8734989656358676,-1.3555773975853243,-0.78248281339631742,0.39237898488393519,-1.1670290402303105,1.3432173841414223,-0.76921523132988623,0.12142869479448372,-0.49083457570578481,-1.404031637309529
96,1,-2.6857985774619793,0.41179146635222941,-0.59177246982862752,-1.2372530136865199,-1.6757026342934174,-0.59451323173545334,-0.29808037230548867,-1.6093401468341879,0.46200965303696317,-0.40157704371026753,1.9436756844505718
96,2,0.1397975433014147,-1.0232277661427966,-0.82015709118780922,0.28085274070442079,1.5957005772099835,0.032029209492062373,-0.87124659041538832,-0.95091867474559355,1.4834848847881648,-0.63262199628952731,-0.06281343302286288
96,3,-3.4289479314593452,-1.7223837839845197,-0.27927312498662032,0.41030143924711121,-1.5225456069615857,1.2325118976828056,-1.3719921180172467,0.038895035828493019,0.064893762782597328,1.2440270081373801,1.0813704404480471
96,4,0.42998582663883345,-0.097835621648511201,0.85092806475175553,1.5073107395535825,0.6462883478464384,0.53084847076659314,-0.2511927596563488,0.73084904777198623,-0.70000119128099547,-0.13744154904277381,0.49351477814355255
96,5,-0.78897434531820587,-0.53365666931320654,-0.095798561215729716,-0.36035081052800289,1.4567097216297549,-1.3301082531469652,-1.439648471962367,1.0902369727615677,0.29551991876873723,0.051884521754573754,1.8565101491020366
96,6,-2.6157740027321088,-0.1959028420601413,-0.14466491764074763,0.32581367235888231,-1.9187514522702043,0.27828662696165368,0.23053491239901211,1.5739687364943418,1.2133937290134607,-0.80892628857027471,-0.18050821154073329
96,7,-1.9739665000673468,-0.70919068354481185,0.083689328031214108,-2.1424802085769548,0.23039164276986404,-0.25066712591128543,-0.47811379560330869,1.4564546852457538,1.4724038994484561,-0.35797246717182662,-0.67515436726241362
96,8,-1.5929779016381966,-0.80473611086860564,-1.4870408881238051,-2.0223968887277923,1.0876320470142724,0.83065788151465347,-0.71559789638826921,1.473262681062703,1.0591868678115772,-0.9554385585878864,-0.48798996234917519
96,9,-3.7599165998037445,0.1184749618712774,1.6139415563057304,1.1538973562459565,-1.5183921739145578,-2.3831180239152157,0.57979358985293783,-0.56095874493753672,0.53637340516165166,-1.2284043037174912,-0.39082452697658637
96,10,-3.6902842521473471,-1.067895219722254,0.26866416469654497,-1.4328035351720552,0.73411122189561928,0.17052252452715017,1.9430861928272329,0.82245100521318815,1.0723370322124335,-0.49786525550753213,0.082579725583235397
97,1,-2.1700647713179642,-1.9154004523110317,-0.35641788935458146,1.2508085956032444,0.96135929012201748,0.47098826963305218,0.38593348160743207,-0.83102860045491156,1.8159247554051918,0.57343322878256975,1.9385747538073423
97,2,-0.4509459827132527,0.33068815563408493,1.2716843343505748,0.29749057917468424,0.18213509909570297,-0.2662908915682608,-0.38232917086695917,0.008200315019314168,0.73095105894234502,0.038212689106150249,-0.16202342020709962
97,3,-1.8336296753441375,-0.55559224628978465,0.45374593679616854,-0.28802729420021317,-1.1452448990051431,-0.99842395351031277,-0.40228211734901842,0.19801355650951563,1.024430374395098,-0.7298678637655136,-1.81639863841685
97,4,0.67157319045802044,1.5774031289660466,-0.75418603868153444,-0.19636093671711422,-0.77405036768567514,0.17447872018342436,0.67146941283897221,0.70410343837079892,1.0721667236947205,-0.46197773994821706,0.91606234763643668
97,5,-1.7504971584510627,-0.16260892304126937,0.03037035752298162,-1.2456652943277728,1.7278935660572292,1.2184434954749217,0.56056943425001704,-0.33957767377295428,-1.5373176034165739,-1.4404472822201702,-1.4353927420224191
97,6,-4.2401197566283741,-0.95339604719460114,0.21704742221324524,-0.55963067923879628,-0.2510270382480857,0.081828708775613532,-0.69135439918665165,0.11551424333542713,-0.89735711746232583,-0.40663509658595343,0.83816129536630724
97,7,4.0139978435630281,1.0703418765932269,-0.030654236038443271,-0.17865778759616718,-0.18633021285507759,0.25264936204705329,-0.41010260886495942,1.4453688780483598,-0.49282459106581578,1.6709520913372367,-1.2963687754421183
97,8,-2.5634449395129546,-0.2962714210251749,-0.3778024015173847,-1.3344867159241269,0.058405828590729063,0.28313890392741009,0.40062233892195287,1.3686871040302195,-0.716824726633016,0.049914442373240352,2.7810202375809334
97,9,1.7966271681557193,0.069088953607631259,-0.42968172622532019,-0.16660863358783892,0.11389353274130176,0.11111773239783838,0.37306717084224039,-1.2524341273637301,0.22578933072673738,3.182995770743267,-0.94130397637986818
97,10,2.3979632145490966,2.055966029123987,1.0731680348125592,1.7624069238210402,0.21576704028795432,-1.9309425694347311,-0.2940051515439685,0.74855310278720666,-0.88578457397539823,-1.0663661896252408,-1.114333697981106
98,1,2.1627689576341691,-0.83699420614308395,0.025514720283390958,0.81501172661310306,-0.56850890868462112,1.7052084855943106,-0.45450207377421442,0.93363343748161143,-1.3137731225572054,-0.086161893883049012,-0.87931613434611811
98,2,1.4851474547567012,-0.029684151681141559,0.75657622780965428,0.60014446990790404,0.21303361673133575,0.30267064057185,-1.6411664568135715,0.81071462125985305,-0.96813980836690428,1.369586272108436,1.0263615968804944
98,3,-0.7574304535327876,0.094519021433119632,0.96315856511864739,0.085139888591538024,1.9233331628006438,1.8170034935685329,-1.1700956217572294,1.0078958394686459,-0.74069742780805659,-0.32819882172112308,-0.44490762348160012
98,4,3.2192690956677108,1.0040536603674688,-2.224786122789526,-0.41735320874984899,0.8797074241921673,-0.36461584904905397,-0.44504244408740812,0.35392330295631552,0.057001896554644875,-0.66617918087075911,0.25272804474695365
98,5,5.8776121897143527,0.50478999978407213,-1.540767097479244,2.4997950356863852,1.0152182523751374,-0.56459140263024454,0.10015337744588379,-1.2451210506183661,2.0677730185361276,-0.31337861500235081,-0.22779002683974856
98,6,4.0331360781456418,0.9369928654222015,-1.9786707536102563,0.79194478457682504,0.83323837821173674,0.053374743483057749,-1.63957940328609,-1.4274043148903026,-1.4573113159691569,1.5741368777558467,-0.14465754716084148
98,7,-4.9531476933147847,-0.58173930583516265,-0.18211526160143357,-0.37520662793810178,-2.8552496597725643,-1.2901125149310035,-0.35088098919412963,1.8892601115332368,-0.96660945313162927,-2.5123736184693324,0.049787972663378088
98,8,-0.26006858289946788,0.1799209979342902,1.6357178582782801,-0.83398727145020923,-0.024266800920126171,-1.0280711288770434,0.32723085555341369,-1.0440416168045927,2.0857063179017348,-0.41025935647909889,-1.5224138707131067
98,9,1.6606699382916086,2.1803272238035376,0.053442822122695882,-1.7526765263915938,0.41851204288584892,-1.2150620966285648,0.0030399611113886135,-1.1816271655082653,1.6755374558701071,-1.6188329972068878,-0.30722009494366803
98,10,0.60419739610757994,-0.04781619131872944,-0.78983033126876168,0.18508731311302523,1.1912975288314815,0.17757775977647475,-0.66910884113888203,0.036085024151188284,-0.55075093518492824,-0.17177381728075924,0.92422337907382834
99,1,2.455880639135624,-0.22128790861425029,-1.1320463874775881,-0.6655308041032274,1.116551406974196,-0.97151134719925247,-1.9319429340128629,1.5101276157752137,-2.2250604681082402,2.1024904401737214,0.24100206352360476
99,2,-0.42185497378173364,0.68550878584899932,1.4302981610803536,-0.32701812673517505,0.23452612745970125,0.25565795292001769,-0.051876397372466833,0.27914741557388772,0.19650517256779004,-0.66342286068785261,-0.69991320658344525
99,3,-1.4115091179699955,1.1912979364657388,1.8857162543588617,-2.2058657834098474,-0.23727386042343568,0.98847720711741927,-0.58004824975297886,-0.089747764754415177,-0.622852514489172,0.1905760390013875,-0.98572703454494892
99,4,0.70141442924347208,-0.50767564632441553,-0.95056902228498452,-0.13927941681299449,0.12959365385784682,-1.2560245742151142,0.60932623809541442,-0.18474814575062262,-1.1890718357250636,-0.46568212570254147,0.69232303119008887
99,5,3.3302624273187083,1.3491449305569194,-0.93307436190000215,0.52759074651587856,-0.93747537501165834,0.20572822530699614,1.7821352031666831,-0.95781883051842653,-0.25592478986928435,-0.79170305270304009,-0.58162845139135178
99,6,-0.53301130034409594,-0.40465048154413458,0.77035979166610946,0.56736719415897274,-0.21540327167043366,0.064605944405085561,0.42483039701582076,0.36772744149094616,0.48633053776381385,0.065101158161547421,-0.20699001303533945
99,7,1.4445774602180328,0.40790422970263213,0.54722573695411081,-0.02120682823360464,-0.083930802872515795,-0.78738147997776453,-0.92232705804317017,1.9363710067453688,0.322725499948539,0.43025252765004146,-0.7663952445223795
99,8,1.3663641877839658,1.7490961186883651,0.58343436305651097,1.0269374427059914,1.2856949524995112,-1.2560087438889203,-1.5120156015635748,-0.20054651639554311,0.63254321790552048,-1.4277232311406556,1.2050868995578823
99,9,1.7032041976314622,1.3221511131064991,-0.39641875112195185,-0.049415008574042261,0.41000664251369523,0.042741325184880836,1.1294644345370779,0.71708072686871405,0.10579301904787085,-0.97810119972345211,-0.076731883642234988
99,10,0.43635119297975944,0.54368562113440688,0.86436856430761055,0.11683708301194512,0.76715326634670811,-0.89798929165076213,0.62737611612461652,0.032058572330177899,-0.15337326229866086,0.58537980039934745,0.34133924600390025
100,1,0.041562067620061316,-1.5903012504512719,-0.38048451091583818,1.2846973020874346,0.90724697303200019,-0.2972893962577518,-2.1289364414408714,0.79491888185745707,0.60899137364423395,0.64737898403926553,-1.9240900935022349
100,2,0.28178351067673679,2.0130789054086362,-0.50193796081730058,-1.0315142235634054,-0.27900878022951453,-1.7486567748840325,0.91423772740527853,1.3078773229931344,0.021287686980050215,0.1483010512945675,0.55833964931424618
100,3,-6.5561084605377946,-1.8061346356107004,0.51425426489363102,-0.8685452435399823,-1.4824286153686537,2.0718245171458425,-0.085498545638774029,1.290355722988461,-0.27186472487591845,-0.62624528963609782,2.1875332060839758
100,4,-1.8277041371710718,-0.16080850566737029,0.015700099209544075,-0.7985344956743845,1.9216592740994951,-0.85347110885102351,0.14476117574322864,0.084517131271880042,0.80861794672799248,-0.23489459212150687,-0.13803277683249207
100,5,0.47360469712233078,0.80703071043921804,-0.42008062844157751,-0.43833312177439043,1.7393479670940366,0.99682558123194842,1.796133868196762,1.3603713554161927,0.26693413145834549,0.52761697928860318,1.7581361968059011
100,6,-2.5109080341851042,0.056645261621682631,1.0620488976019893,-0.4261922976334856,1.1057940399939417,-0.73670718843587679,-0.26227347886468549,0.5399165876865325,0.25145944542858978,0.73324052129091855,-0.38927637517770919
100,7,2.5462711538946854,-0.20523068058532482,-2.8430524671830728,0.78362917322427117,1.1011798068458258,-1.091431807490939,0.85846233067486344,-0.054158573780012306,-1.7277110245598448,-0.23409328708778329,-0.91140714030674896
100,8,-1.3163920251286323,0.32524365541280303,-0.30869020475990877,-1.5646959564085965,-1.1065858250527696,0.40125990101906411,0.071488329729603173,0.48353836901415342,-0.33514018795341494,0.28650923008226742,-0.3048237253188385
100,9,-1.5052604315750753,1.0466776553191603,0.66077598749444333,-1.3706583952340989,-1.942698443700468,1.1256096509281293,-1.6465780035141424,-0.71630699598897318,1.5094791022861769,0.6673848948193003,-0.21766555898744336
100,10,0.98531753410230427,0.48381300900654717,0.39507504438814739,0.822870199103927,1.5307735147952222,1.008949486078291,1.0108900876282296,-0.12911050346844649,-0.9656977868333092,-0.089769077454779134,0.98436956695346811
