individual_id,period,y,x1,x2,x3,x4,x5,x6,x7,x8,x9,x10,x11,x12,x13,x14,x15,x16,x17,x18,x19,x20,x21,x22,x23,x24,x25,x26,x27,x28,x29,x30,w1,w2
1,1,5.9949312195910816,2.1701427354462086,-1.0118440127334583,-0.38578759378971411,0.55383472898307895,-0.15312885286025932,-0.80761231977219938,0.08112708888195895,1.4761248319471869,1.8389292148191443,-0.82136346577718666,-1.2361098621737709,-1.3224810828132916,0.52091863939257377,-1.0761229217879211,0.79443970710679146,-0.3460321624321111,-0.1218230690279023,-0.11148709815549497,-1.4446679217133604,-0.34287318424230678,-0.43049182857369783,2.091957034483777,0.92457911208051058,0.68190958883112096,2.8218313238144686,0.80756076667082644,0.87549993238102997,0.3704577064546532,0.26055807492512628,0.094347965718789117,0.85954697134297098,-0.071925759602866679
1,2,1.2002687201106117,-0.85998903207009281,-1.0464385260216513,1.2996530972344231,0.24803973366074114,-0.96614778838219684,-1.1677300212893742,1.6949993774297645,0.065318235744612554,0.20985581037232762,2.7483119281721153,-1.3760262168786037,-0.22777595323691804,-0.90418043704653794,2.1090909669941187,-0.69525044095341804,0.048345183310285388,-0.44463089124426458,0.27603100824054189,-1.068526043792966,0.24011784701796748,-1.5908262893037119,-0.18947134906731139,0.68640569619127845,0.28626657930065497,-0.086162302972384031,-0.43262999326225327,-0.36201165068970192,-0.70389873562361072,-0.78927356895961853,-0.50002404063566541,-0.89102562834261778,0.31053396495297453
1,3,0.99671057817869158,-0.30168476479060002,-1.6267735650567599,-0.024994750738640714,-2.7152775262374953,0.908154716774214,-0.96198302251850887,1.5856435429771067,-0.83830894750166995,-0.34497374249847995,-0.099708363196985061,-1.9742367473331541,0.19488722671938272,1.0222569032881783,-0.10693816136653661,-1.3626836302177161,-0.38104258080800557,0.96889082135744342,-0.23905785323405992,0.13302101099739083,-0.7430346375749266,0.67469028719688195,-1.2207362646221158,-2.770653489074447,-0.028188682221858226,0.64460558008949143,-0.68167362217163163,1.6999210603395722,0.044129254713750093,0.18839386848132947,0.73345519741979892,-0.31815703897806868,-0.25186885598802089
1,4,-1.2933624442919465,0.077998234724711582,-0.44758186841249192,-0.83178806401819849,-0.54737228563306273,0.051057980147388105,0.56996401951979936,-1.0105033738858371,-0.4221736479278258,0.36479731493864714,0.82357860384463355,-1.7814002870002568,-0.94763809275635025,0.2430110783823218,0.1166222786174978,0.36398576461120263,1.3896832689537808,1.7511577910730514,0.85065236384560383,-0.99293041231828605,-2.8293260401662979,-0.7205013640324337,0.4845867385928127,-0.64712963822410519,-2.0560574043085524,0.89054346596126199,0.41965086960252784,1.6296510211140378,-0.46979622141236066,1.1297770548377251,-0.22359633749359703,-0.82199525988545796,0.76891530490977067
1,5,3.7658258833768983,1.460228860082055,-2.5302547658176455,-0.13821468984318527,-2.0064917385789789,-0.14236840842022705,0.60102057753452476,-0.80520595316706878,0.056436097557624056,0.38563395655390548,0.94799371273934541,0.68391524024557449,0.68800868161599493,-0.86276193077875141,1.1899191726613196,0.71235856364327099,-1.0691212288975613,0.34527309233172809,-0.6758098524264744,1.4720139892297137,0.36021822035766637,0.36022112316146171,-1.2918568649497806,0.63203544590878502,-2.1542091426032788,0.17476816274329499,-1.6043366592819823,0.55462101095077132,2.1319358046181867,0.66017640778631459,0.60801127118135478,-1.8497472888536048,-0.72892877811774837
1,6,-4.5848193468937231,-0.93064124448483421,-1.001739545049795,-2.5003629864127355,-0.78885204776221163,0.078478715751265346,-1.4463621036411953,0.38115580346967737,-2.0166575183228468,-0.069978766924424868,0.57374084221651911,0.84905783532204593,-0.24001290508508882,0.013170900897241917,0.18275201307716712,0.32501734770994067,2.5472174345215883,0.43997247537421508,-1.3674039932828859,-1.6211931516251248,-1.0120311525619785,-1.3021992197340568,-1.0657463146836039,1.0019994511136878,0.089590216505026535,-1.0290774466060746,0.19955405997399051,1.2180415491230536,-0.019154028234734995,-0.32978756055733932,0.65999573898177033,-0.879491574585341,1.2892398139125101
1,7,1.3377130968840683,-0.47342879837442242,-0.52395105465214264,-0.75877789275803187,-0.7542457151530324,1.1415773062116845,-1.5347931268977306,-0.97529727008603739,1.2249497671126814,-0.11208296534316017,-0.87084754016338484,-0.34820664334124379,-0.94035108479099627,0.74958002240654309,0.2247958666236414,1.0206272681068682,-1.0173930999190524,0.25539446021168738,0.69373196173370266,0.14227520038686967,-1.2000202738472465,-0.4349906637092491,1.5181442154012486,2.6509203071062895,1.5522367013142793,0.21397933682257889,0.46616283198010505,-0.41359419317992058,0.068266149061445208,-0.48787361742544916,1.1998914427952736,-0.56972613278421524,-1.9386208689093214
1,8,0.98868345709216365,0.53069226604175568,-0.80721590626860451,0.56948086705881462,-0.91612592321962349,-0.37151950972695486,0.20951990348166333,-1.8008522955315962,-0.86693833277715249,-1.6417010260730749,0.031435613912351078,0.58062209031742007,0.98554075264183494,1.0267125591035076,-0.95657311937326606,-0.58750672813708071,-0.81155479199576508,1.2552919230141975,-1.1240229859285591,-0.01488292639396639,0.24751354340436862,-0.3520110071517209,-0.61288741559736259,-0.39586785477795794,-0.47840417859992335,-0.11912044335785907,-0.38195679057369525,-0.30725135247895413,-0.63922632554627257,-0.79034171937910636,0.59836175257233537,-1.324042536337112,-2.8170980549544367
1,9,1.6866737929472724,0.61776645311775724,-0.72452001715673697,-0.72494179966793548,0.17789114567061343,-0.033738936777764135,-0.85336185074525628,-0.60949776053515081,0.50098511849363803,-0.94148836069797825,0.50374857737253143,-0.056186545923359033,0.77561892639370944,-2.1350902920407342,0.91890178787392873,0.37145192707759517,-0.86376067283452918,-1.0316695989112092,1.0163838591576668,0.072282063113793482,0.222860202610315,-2.0834098184762269,-2.5590149686084471,-0.78831532535569138,-0.42610742964473353,-0.17767115351258536,1.1623430000588724,-0.43203580131118463,0.74488250426266611,0.40088796582157199,-0.52594961872435475,2.2068254727720218,0.15089339231825394
1,10,2.2030486815463766,0.54795868761605626,-1.9244921266280608,-0.48357611469529649,0.11295685272701136,-1.3410360426741355,-0.53268915973289699,0.82136974198604495,1.4983615264421479,-1.2795950618802341,-1.1915816851507668,-0.35262905257665078,-0.65294236118313043,-0.1097639646816527,-0.03723052794771866,-0.076368716820777893,1.5503951152134674,0.37611050618404751,0.57086480576105147,-1.885685996549272,-0.10524397893165977,-0.85350920113296891,-0.77806928410534748,1.0573221595460762,0.17613395791573905,-1.0294211442451573,0.98169884095760329,0.74508233557554515,0.67280264425534553,0.35596160618973738,0.50809645052971042,1.3471197943553876,0.579490193358842
2,1,0.80395159941817318,0.8141881284955661,0.41327326492690541,-0.29706717131811744,-0.076117363417558481,-0.71511395663748478,-2.2040173940794996,0.57863176291725982,-0.77303386779126049,0.64186444195383052,0.37472320950642368,-0.11338292311649065,0.67110053124007785,-0.97127215175047577,-0.31443943956247034,-0.52357501639932547,1.0598271548860447,-2.5763463079539752,-0.26410138368887298,0.35872627145257002,-1.3184386101802574,0.84577777089435335,0.99588707589466607,-0.29368983205866828,0.056154359565225666,0.5095369752599187,-0.27359183662961767,0.397756309639474,0.22919357111841612,0.20800612999082016,-0.15725523256570684,-0.62492304760256956,0.60221113448886088
2,2,0.12469132761310053,-0.67571320594953188,-0.27553233259047516,0.23196519705112123,-0.44433228348127124,1.4874825187484568,-1.3246641889399666,-0.31208644587331502,1.376599639407436,-0.076811549309405674,-1.9800443638660929,-0.39325523587384537,1.2785283757936377,-0.54461835783139356,-0.54167065680876147,-0.10087721450842474,-0.79570493198997527,-1.4871640299158806,-0.58910664681612002,0.64831002910775704,-0.67961209038779768,0.32031942102469868,-1.2900347598307673,-0.17548055792364947,-0.95051537124479135,1.3895719216778095,-0.14289467036811507,0.43271391202436654,-2.7998669209340381,-0.38244416760377059,0.9347825276332038,0.18594504915686946,-0.77695477483573805
2,3,-0.34913243280656703,-0.060504153079307038,1.0957632285459962,-0.44178938586332112,0.42735229341013131,0.18048805508134919,1.0204912660162213,-0.31384308281106948,-0.66295137788620262,-0.1793551105198877,0.35335215890999161,-1.0737860657717537,-0.54953445774743914,-0.53950866145406373,-1.3232385528478081,0.8058071956504379,-0.2242723712176774,-0.93097813438605348,1.3459899993405211,-0.6972691911293365,-1.3641418487011701,-0.96052469435532406,-0.48035640011631475,-0.26114310156767612,0.58615961489382462,-1.1554566034164599,-0.07441386471586621,-0.07281392602782065,-0.28338892003414862,-0.4438384125887625,0.44187111562819165,1.1213957068928577,1.4661010798663439
2,4,-3.8769042293108895,-1.1887670983577887,-1.52610081459625,0.28074781841575824,-1.6094023894043135,-1.4550063432087639,-0.75253521345519025,-1.197186799526311,1.3483051659451424,0.33696314788428905,0.20862919992982695,0.66754712152530171,-0.77041595996650725,0.76154464609575456,-0.9989440609565613,-0.94254407493304571,-0.12072459145255841,1.4727030158104701,-1.2669440511818801,-1.4609457857621067,-1.0768682125315385,0.19124368872245232,-1.3570962778289879,1.8434034422242118,-0.45864899712548995,-0.66524139859618536,0.034559601391235165,1.2932823754439207,-0.20893226083689073,1.240556510653585,1.1623208855288689,-1.5273076159122696,0.43523647355396028
2,5,0.45824662812582528,0.32204680963808718,-1.2241238005908017,0.096800552229835274,-1.7582375459177093,0.61228240080346863,-0.6159219244517794,1.9798083756863212,0.06770561299892168,0.45731738742995282,-0.78108806873408076,-0.2244124707185268,-0.62769670593736815,-1.807406172641504,-0.17736610512127621,-0.84651211062296705,0.66862511998940866,0.85286157520845296,0.10033252133492188,2.081111168864215,0.77657226618610042,2.766623130790145,-0.16306026467723955,-1.7691944553521426,-0.43120580390664826,-1.0386254756516491,-1.9051909791051627,1.607474169638639,-0.79270588337953041,-0.64814448643815736,0.60645644654815678,-1.033726368210647,-0.34599752449828641
2,6,0.34131172758190964,0.87686351680069563,-1.1767814544251145,-1.3556181532068439,-1.8038512495037686,0.85257228859657586,-0.057964954326055085,0.8719712410934265,-0.94476903462435358,0.39080046903007259,1.7953366713340113,-0.022365408064003819,2.2016672620607705,-0.64744626445965336,-0.52167911309976889,0.72068396218825126,-0.35547442258898193,0.3603530188483367,0.85473228660081169,0.016829581163518827,0.16906592285321817,0.77480197952565633,-2.0589230700251089,-0.32380816535417123,-1.6324039096422429,0.0054746902878334202,1.9142787583513063,-1.5951723513187843,-1.1527605152117928,0.13980695565597739,-1.5235883474313996,-0.085128191287118682,-0.2455490053299676
2,7,-0.78622117416592863,-0.83754509872327387,-0.85135566824306697,0.13303535890486209,0.56026432698900308,0.99009370139748976,0.153414251318718,0.18218348307771792,-0.29256342409937747,-2.2115510143598254,-0.31463801286679066,-2.1485088676425592,-0.93386602248776385,1.02704414315216,2.24735165065881,-0.90023820218766137,0.95349146242958716,-0.31955000742068185,-0.78439249633745678,0.48841748776125715,-1.3105206315740487,-1.9638480456067495,0.68145903879281999,-0.63871217718252804,0.42000959014999495,1.2853678981562136,-1.2910399097260856,-1.0863526490402478,0.66193653232385252,-2.1149446465547648,-1.3834225430606761,1.5955541057718208,-0.027650112071141028
2,8,5.247311753937594,1.3831129143553529,-1.9580151644120478,1.0049526947519716,-1.0082100651222956,0.093012290526212585,-0.73422323254173094,0.081893756047600949,0.70106677054710353,0.76569097589684187,-0.010398350889403492,0.84596617323888235,-0.69654862231662573,-0.51716449065931669,1.3243237371076886,1.5748078487259525,-0.18014259685173697,0.36005687538941905,-0.014057270810038784,-0.99387799282333489,0.35787978235374551,-0.025359918413830094,0.5110741649873658,-0.36680268095703794,0.85905345385137821,-1.1121878890816725,0.52808977453378259,-1.1332925750270257,1.1608957586877011,0.16429315009815337,0.75316969146020329,0.684002791703472,-0.7376940182490912
2,9,-4.2352418265254572,-0.3156542390888093,1.4783232153045296,-1.0986590447338054,-0.41029783383616159,-1.2023508628333752,0.88588116418232421,0.27680632875049377,0.34081490563410299,0.18212056666140686,-0.4268775398437174,-1.2899747864955724,-0.56446695234607269,-0.3516388481694418,-0.64967189491205768,-0.61060781304535716,-0.69888804613161393,0.73963058255057423,-1.0200761979377064,1.509015891605493,-0.41631449522610253,-0.35383787677171386,0.47639273340739807,0.98114906787092149,0.10218291700896263,-1.8355070547315115,1.5883094499256045,-0.9597479303901929,0.34503607548408322,0.56416271546780594,1.4177951187920115,-0.49324697440129933,-0.26852031297305051
2,10,3.3881521227564573,1.8533113916667792,0.16477301228260754,-0.40149213458914812,1.0112781015796393,-0.36156180258621101,1.8120998806372135,1.4582045238639416,0.48565789425148492,-1.0881556684116303,-1.0800711167945631,-0.44362535774592987,-1.5944624839993455,1.041039116440897,-0.65692326101590615,-1.6866478701678347,-0.29885561820674672,-1.5225325776010299,-0.50592678240708766,-0.39607537744075827,-1.6314332930980804,-0.62646782106468091,-0.02042262454589969,0.25795831513244893,0.42923290348042675,-2.5214012097156284,-0.83077724475707049,1.8006722883875403,1.3980488241473243,0.81800390541265666,0.083357866975398029,-0.88204620277275536,-1.3313936876041383
3,1,-2.6095153024611166,-0.23823956096584248,1.0560578055490377,-0.32574902004635398,-1.379992498084359,-0.55849044204144682,0.54528265773575224,-0.055463541050521509,1.3030073288420936,0.29184649361405113,-2.7126608198396736,0.53968632385460846,-0.16394185387414437,0.72873165845179744,0.77643275838892301,-1.4750355852191455,1.1739445207957444,-0.98760189783000008,1.6456063708761091,-0.68281030253770991,-0.13154318878594504,-0.30643578107161568,1.9170993643895389,0.043691410886065339,0.45965962659060006,-1.1947724054671109,0.98219825440852515,1.9552643159181442,2.305629021145895,0.17910845301548012,-0.26405095879340085,0.65782514586107843,-0.49258783106394055
3,2,0.42339150791933161,-0.14324219608567898,0.24189938614245457,-0.99115665972160416,-0.062397003554657014,0.33159955977702221,0.17593018874216537,-0.024948836147412803,-0.88162492937095427,-1.4207653243796861,-0.032086573843389136,1.4828321843648922,1.2550169622537786,0.27312578576980168,-1.5924508804292459,-1.1232888898225231,1.4800167955537298,0.06941508839532054,-0.58677027693082462,-0.18152826571612793,-1.0324303287580443,0.64005558396112183,-1.0024973932417167,0.63049466535367271,2.2260299704327045,-0.51592535051159183,0.56317565242078382,-0.62438787401275297,0.5036356736300347,0.84568366362863634,-2.3136525170631752,0.50448771844393669,-0.08276759972839165
3,3,0.076460069692926957,0.66488382533585866,0.89275986180964273,0.27267271578809288,-0.048889670954925794,0.76876781664805049,-0.030844485753795881,0.94137335119496224,0.16342574700519039,0.25052490302717906,-1.4481142462124099,-0.49606360986288051,0.50406668155350387,0.45503595175851469,-2.8476301050272226,-1.2312428350613436,-0.47478741733334617,0.023756512132778549,-0.64248635864237358,0.31196363920031672,-0.39582653961303854,-0.18777183927874794,0.05933970231174799,0.13054861173113466,-1.4460303880342558,0.074330026545963518,-0.59493329296088082,1.8451356055735932,-0.32986940374967438,0.83570561738211502,0.96179121265861067,-0.094858520555624576,-1.1522195988920463
3,4,-0.18032707881250598,0.43365453697795064,-0.33703776711817862,-1.0547487195608587,0.49782644616415828,1.9994612268121899,1.0082038594738487,-0.39912162596420597,-0.22040509725205837,1.6714873092401858,-1.0055586284916138,1.066260370275677,-0.73282486104601074,-0.41763559442391079,0.65059864929621669,1.0210772564766262,0.10552808263166812,-0.35065522623034368,-1.2217005416385216,-0.31508755141442246,-0.38487795494385496,-0.27939644593009721,1.3585509751623945,-0.83285743045514093,2.4581457582973356,-0.91013154935396923,1.8962294059929017,1.9855588512455649,1.489283156005881,-0.46184733117688237,-1.8903129121539879,-0.070937651212730823,-0.75241573560428898
3,5,-0.1470062812017281,-0.31944783066666743,-0.74461857392673669,-0.79867794773678413,0.50508546837447998,0.8828503966247464,-0.23385672898204732,-0.66158358163019992,-1.222469605551449,-0.54314697926612121,-1.4928632700262701,0.017687715479696522,-0.29522090111623722,-1.4524028303635381,0.52881963885781735,-0.28519374240168727,-0.79475531071572958,-1.655037649760432,-0.096579118996061836,0.19772819316287352,-0.54873765427207577,0.80953622070738118,1.6284559116477153,-1.34064858065385,-0.73077662872172711,0.92679305641346788,-0.69941554781035564,-0.005711810516424754,0.4418438667043188,0.45398553824047311,-0.89392103172741422,1.1923919117825643,-0.51983509552056717
3,6,3.2000324869351688,0.22935147237994616,-1.0421106790765648,-1.4424938516351791,0.87233378383383975,0.23752958575180452,1.371116716668314,0.41050200222193367,0.89670611007032119,-0.44882253599350813,-2.279367590391375,-0.19898553779858225,0.67426535796296838,-1.5654261759791188,-0.23783227404841126,-1.1863884580472983,0.84908790303669568,-0.30806668322549574,1.8355532002250639,1.4508986963490311,-1.343524405757037,-0.31760951532642334,0.055000512910780078,0.81469128271287239,1.145525261553902,0.76272699131298727,1.1942779736369975,0.48426498040105198,1.0566745371354707,-1.3475912468434721,0.42410573303193266,0.092606342289408575,0.079798561326053938
3,7,-0.87137808352352553,0.66003713970039102,0.12849598141473437,-0.73465089175596066,0.081543474908633187,0.36259671044469777,-0.88418631110158097,0.35143819962209499,-2.0551602034687173,0.60975953076404477,0.93244936473522189,0.79998134509811503,0.71260685367900467,1.1711370378672561,1.4002544090054057,-1.2447235938572558,-0.13623994342421761,0.42257728027523789,2.4062717611848821,-1.056833551492484,0.2245862352242731,-0.6870720095880164,-0.17742565494383233,1.2138607025936612,-0.61607427366772238,-1.3887330633634825,-0.036593154268711528,-1.7673026186022731,1.0790891060694872,-0.68705834068421345,0.865629231865638,-1.4108145996388637,-0.8050903425233551
3,8,3.7777374742406713,0.36583318718296837,-0.44841028211871631,0.073678003670536535,0.51011545671153047,0.38397650708652264,-0.67571123448025405,-1.0018350812881256,-0.34287700116156189,1.9983715772217923,0.18199076314152013,-0.6208255267605296,0.4436035128998691,-1.27846152836258,0.68446416384116138,0.77694597365979723,-2.537530040946848,-0.13144333844040285,0.79360996213394253,-2.1528962198838659,-0.46458437662161728,0.025416424825696969,1.0560991431576885,-0.45455567107316897,-1.4111624742586566,0.90518837735373192,0.18458463801730388,-0.37943825890764615,-0.21125179688344953,1.52256052401637,-1.0401842485902846,1.2417941749138071,-0.21792627182604879
3,9,1.7260814246880511,0.80344669497665311,0.060887683555721217,-0.34655417864178112,1.3919733218468731,-1.389562865245753,1.1637627819833629,-1.9680914450677822,-0.4718717757331774,-0.62585740503579324,0.92492443914074574,-0.093112485919116555,-0.88478244766401981,-0.43156647204856396,-0.60543734670256655,-1.5006585539298685,0.69782814296373041,-0.61197026993610193,-0.12319129679720194,-1.4157111999830772,2.4744151109186094,-1.0099249234590957,0.12963055777664667,-1.7169461862141344,0.11342631774896361,1.4091470187834276,-1.3851322923376681,2.0768932047790796,0.03242421832479514,0.2579841834553554,1.0115057826176479,1.4288198552329185,-0.38884607835947094
3,10,4.1161768626823996,1.304831813325106,-1.2188020954527268,0.6126887951973381,-0.53673890099541266,0.65302245038088069,0.3724200268663887,0.48409817635447999,0.54029242320871596,-0.15752306470376015,0.78601814429371542,2.3612524328711659,0.096283936571539497,-0.81196483145707654,-0.93969252266165082,-0.034138829610753582,-0.35182597844198288,0.68359833438832374,0.54703562973891462,-0.72168666659568514,0.21387183348540098,1.1174985076027892,1.4623166756475567,-0.088471709194754125,-1.4988201465400235,-0.41323183193416058,1.5681878945936787,0.90375852722917571,-1.1209648298839494,2.1304236570731687,-1.5346871129366708,1.490886840993505,0.6009780353954588
4,1,-3.0967866426645831,0.037060269479582943,-0.64171410168258558,-1.0793214064215138,-1.0772965258771174,-0.98029583006881804,0.60163827718703322,-1.387437747759235,0.93818562078257994,-0.566809841751303,1.597244348497155,-0.62423544418985,-0.34633800658695424,-0.044256300836061503,0.519651301818018,0.7664899319901799,1.973121689331063,-0.15208471516651714,-0.16293998879144947,-0.92558390106683242,-0.19357041671173891,1.4598619998432985,0.62486585883239609,0.35879333324483448,-1.2093292039903301,-0.07396272306599698,1.4772247909535097,-0.35257355619953706,2.1688530848469658,-2.1254735403608307,0.084149622103664015,0.14978404637750231,1.7069302973702893
4,2,-0.58492132416591347,-0.88116885416489776,-0.55511713137087471,0.88080542922554061,-0.57677047393414738,-0.096368185073214596,-0.47795262449352716,0.50857393472369339,0.24684926238340141,-0.52966446207224038,-1.5232699680200377,-2.145336497649204,1.7959526760587508,-0.92458654447470157,-1.3109579143050476,-0.79510652760194089,-0.020476528813071024,0.66524844065618816,-1.1887389660232341,-0.034156365765039699,-2.2289188958558008,-0.22572355197343211,-0.18006960586649315,0.78587540950201729,-1.4322310947039274,-0.78059827744391075,-0.61758307006827928,0.4735363401736134,-0.76887702946851399,0.85437529120569577,0.17472985719633827,0.47854033147354819,-0.38075182910808736
4,3,1.6548233689092129,1.4065654442068787,-0.51473715969274914,-0.69242201498379907,-1.668949949673175,1.270901534069597,1.9038685170856002,-0.21604269898360251,0.41446156528670819,-0.39986494585667576,-0.46652109927613439,0.26465521607444925,-1.4474015528472934,-1.4503614249770402,-1.1963950498506142,1.7752049585043195,-2.2432870491270704,0.16402959083185542,0.87050705327416167,1.2960438763048416,-0.24435424775243764,2.0709332300518914,-1.4473551357408667,1.2871112411617915,0.13448233885877009,-0.029860385291931572,-1.8518701995789502,0.49233087828391103,-0.041039282449388079,-1.3719580607961073,1.9379443981141402,0.87405140830872852,-0.56008365216771694
4,4,4.1525059495526877,0.76074562474492158,0.3967211221125313,1.234831641816275,1.2114286075677936,1.82155195521263,-0.12875048819913126,0.16304130438463504,-0.58011867853942323,-0.020267933805520739,-0.53431862808713138,0.16205923414780288,-0.74017543432759736,0.029988144321380174,2.3579775343221496,-0.38385306979074246,-0.11446189786642315,-0.19197449734986713,0.53767456191576679,-0.40129327110082635,0.62930874236145518,1.3455260737221182,-0.90830562285892391,-0.1050598806518519,-1.6913806297935956,1.0041962200147216,0.30312069022979088,0.72163825890697841,1.3567624381854293,0.24807251095424662,-0.40759683410654429,0.26907826356510617,-0.74879229158575022
4,5,-6.6946307082158558,-1.2278127493942204,0.30267911953833998,-0.072492897462413067,-1.4356904349296258,-0.4414088502412602,-0.24458951010130478,-0.19971060534781063,-1.1926919845070443,0.56148277481655873,-1.5349174200896991,0.38209318939023224,-1.6597926915810208,-0.20897193902195749,-0.64112507420510512,0.14710897971125445,-1.2228467185247405,1.0454652404351099,-0.13431086994916597,0.093513283772527059,-2.0013227425214541,0.60379864899493341,0.068027819011305127,-0.56357823616052916,-1.0962824642346045,0.52971450912804996,-0.50246266178689103,-1.1883840994116992,-0.21759978472472938,-0.36621955783446614,-0.17010365708116956,-0.65738977257893905,1.0769567195518692
4,6,-4.771087223388502,-0.10968864049834463,-0.340503695673889,-0.63209011643746205,-0.28883020349965199,1.0274946464322905,0.66078777084599549,0.27428934084263795,-0.31159058898673386,0.8296871519201694,-1.0981779710200108,-0.60659184274921463,-0.68020993475113489,3.180119013942349,-0.57883099282446893,-0.30783627084790455,-1.2082532417474232,0.27999079007196176,0.37807674822154991,-1.2828450691471336,-0.24791007885111938,0.048941387535824804,0.66486982070909295,-0.072967696752839054,0.4890594570810165,0.94753921141996078,-0.74761653027513308,-0.6402270874001843,0.5973757841490448,-1.4779546752827242,-2.0050776278609233,-1.4715073469347941,1.5109802408501147
4,7,-2.8671878665733672,-1.1926469937026474,-0.17805163391315051,-0.15218516844169347,0.63854949347095602,0.77554052941706231,0.80920476625277371,0.19225794448772449,0.76021250093445081,-1.2302597261142287,-0.14161603259524855,-0.18088129795476329,0.21855435807738363,-0.47978360868550624,0.24648927932430015,0.97363291357490156,0.46832959729792933,-0.32813211092768246,0.84774847482837912,-0.1349718691438051,1.4328530164742486,1.7699918912537969,-0.40041326407036032,0.15374144634906803,-0.98565054932534102,0.69915647412009563,-0.48008565345258858,0.32202238624768864,0.27299066871858341,-0.092714455637079501,0.19735853923847141,0.96285003350976384,0.16141018956374031
4,8,0.15725943115442864,-0.1455747984508062,-1.5910562700005368,-0.53174425861245023,-2.3134340625184144,-1.2907021711368525,-0.22834624375694598,0.92983431754259283,-1.3555526205970136,-1.2872399280119486,0.92920519046699257,0.036143186735443124,0.16236956544858216,1.46383520654024,0.79646776415380471,-1.0352832873900371,1.4306812721566755,0.33211559863079809,0.21345030134123236,-2.1155417337167215,0.34385028888538294,0.53237452730185242,0.84667444607439235,-0.26633565925697017,-1.261374500247272,0.16759091293586592,0.58255820309797135,-0.1970174211183621,-0.32449383531596804,1.6024319958323472,-1.733606724633175,0.64992078695048083,-1.1000007419004898
4,9,-0.14242319303532486,-0.18220968199085125,-1.1266863159217682,-0.37620387231806579,0.42412180517752029,-0.33974536329492006,-0.41573074327577897,2.3628508878956764,-0.50930497661247554,-0.97701760790269432,-0.39955569435702798,-0.73225996984492858,-0.92923367766236653,-1.5801309911439645,-0.087989456750266898,-0.042827924227391172,1.2405425353598118,1.1957077288199438,0.0028223506302608738,-0.86851874453167088,1.3604416702583653,0.52730253374236014,-1.2427561738401041,1.8221648488409541,0.97843984834268549,0.4648138082070507,-2.6537867360195468,0.69541816317483729,-2.3018226266939039,-0.42339520990619911,-0.37428749338355749,0.24612997779873264,-1.2229145014950877
4,10,1.9103290730039708,2.3046240481916334,0.74312238279057929,-0.44396061417975052,-0.064300352453628459,0.27760579084352105,0.96389615910831505,0.15593683157607513,-0.34645210929363363,-1.1237611806486028,-0.35517250785090904,-0.67745215978832451,3.7879120029912516,1.4478267967078915,0.80503744079130601,1.5812479350971647,-0.36252904675184078,1.1768292937530209,-1.3783501430522567,-0.20051368996313104,-0.70417357026769656,0.047844149817015513,-0.059622443614490643,-0.075226866798407524,0.24384742697053619,-0.93332890420008596,1.2710089636964437,0.14933826201673414,-0.35119028354943904,0.44561919758658841,0.4105055385094713,0.5763232145074122,-0.38036125938435067
5,1,-2.5687350544377079,-0.68469387512637536,0.051296928796452965,-0.95133536216907699,0.042239450804660399,-0.0080420882580345202,0.49730317734916168,1.0837240663096164,1.3864850847717165,0.91147341550259142,0.41280819103832433,0.88662079103290103,-0.55669970472660002,-0.24638411329169183,0.65655845211190689,1.3234755227766624,-1.7056189605750895,-0.62981521073904223,-0.47248079996259573,-0.18617670013469259,-0.23467748725364063,0.82331755861913603,-0.74345981944457218,0.27758920934213066,-0.13434611827208245,-1.5564595209674579,-0.97533159396663283,0.32509126847890429,1.7895882071552687,-0.29280573952052191,0.8781384760460571,0.29302272779980398,1.042464799502147
5,2,0.73353934107470753,1.708161787350605,0.83105923912286095,0.4435825423957816,0.9311379362509582,0.33556641743754012,-0.58080645091430505,0.42402984945754585,1.1914871431113432,-0.90847634769416097,-0.99897740547641278,0.36738828388803313,0.41377203595448775,-1.1328060080689404,-0.43558410327293595,-0.898837992204503,0.40165991188365502,-0.1180160556463488,-1.1972217362876518,0.37155283829997215,0.96542754195066782,0.39983845851263261,0.0044025333832547137,0.94635335984030144,-0.62104308767140048,1.1381309763968694,-0.1519948024840129,-0.60843960219247495,-0.43389744462196522,0.46218357016883027,-0.97905929984149775,-1.432400787342339,0.27986421953579288
5,3,-1.6495043273553411,-1.1276095471615024,0.31794586648527362,-0.83760048867880776,0.11110022216775896,-1.2361916937384485,-0.65649691018094136,0.43220973813888786,1.8401344666095349,-0.54569573187253217,1.4257161494651425,-0.26493811856929655,0.7182299138374284,0.6988097345878147,-0.52838514130801306,-1.4606118084841195,-1.5465122861877536,0.96095048619390244,1.328683427021609,2.532453189530036,0.96659862781819084,1.0971809989745165,-0.45374774140491403,0.061307687411497142,0.22839169769802786,0.40122621711622475,2.416834075429426,-0.51065210798975214,-1.5562052508727287,0.4832604139512281,-0.23825972190388153,-0.53097419343632168,-0.91186286461508714
5,4,0.050073998993110526,-0.39555485204772789,-1.3057496077628359,-0.34950368150431643,0.2736554885087048,1.0304344679405542,0.84646162719338924,-0.13531038501611561,0.75113603472365398,1.8522973503549656,0.072573921820836634,-0.096142960769143526,-0.29397351039981368,1.4082447020320339,-0.24734086208463626,0.10741887021629573,-0.38016339439342905,-0.47460610375780915,0.015315337922320657,1.3710877424866112,0.0095563405396235559,-0.19608764206196341,-0.94995718945193663,-1.2690290560747832,-0.79613855431243519,0.55404345894208495,1.7151879369869607,-1.6654194192247644,0.18460707842920163,1.2120817918617104,1.1224173990267892,0.37468006343365329,1.0861797703111902
5,5,2.0918415465868794,-0.94266990313682675,-2.4267757567585169,-0.50227950489576978,0.072199472055973005,1.0609212979246105,-0.36758371355876418,-0.12690382375110859,0.99431737706684009,1.2286108051180171,-1.546378247818663,-0.026181282243828437,-0.11855064231560151,-0.3061162458885211,-0.60096171598247139,-0.55783641803181505,0.73366669847844035,0.93356490473650011,0.023838539655602228,1.0509278844276937,-0.052562365420595322,-0.13528384659902715,-0.61114305358432397,0.66479765792641954,-0.34984896270291249,1.700440633153101,-1.2876294538706756,1.5267765987681601,0.64679569697725836,0.25467993379192949,-0.8711372960802467,0.46138874253368883,0.31524916776405837
5,6,0.47469776717097889,0.080836828703746963,-0.41415182645496307,1.5663647649505688,-1.8538606734543452,-0.20630923293659287,-0.11457983048566336,-0.50911328811186751,1.8507731077688854,1.0100682772549046,-1.5894204497944373,-1.1187305383083224,-0.27961528548315567,1.4162511460204106,-0.79659969653487472,1.0012452935230505,-0.3245366100587796,-0.99242988955369682,1.1960001560063955,-0.19520477161214556,-1.8476117485109327,-0.82684207075542226,0.84531870470085368,-0.58498259258804164,0.20127066007067287,0.036010975208130458,-0.70928778577356921,0.77136072033913516,-0.5811450106420073,1.258294460954307,-0.91131656239900893,-0.17085368351877503,-0.26681539149381611
5,7,0.4506456328843127,-0.46240916906489232,0.23042656725429572,-1.4608802300141124,0.51071732309084983,0.95324448043660781,2.3226910722488117,-0.061386692684897236,1.3090685249002336,0.021443852824679369,-0.13045229073045828,-0.2837464203563303,-0.28929660717982725,1.9267384928707871,-0.027508864364064054,0.7502582811725752,-0.73734366613363489,-1.1542604551806139,-0.10900290003928619,-1.2833583165548161,0.13085923747034606,1.2973193144777315,1.16325741502964,-0.3221515987497936,-0.12669971231996563,1.2654776242105648,-0.53695902400108309,0.093235055734816677,-1.0480298032348625,1.123164311920881,-1.3188390679757787,-0.06159477143422732,-0.591391462486344
5,8,1.5589888003753192,-0.50293967208045331,-1.7480798279963545,0.89299481971998818,-1.112066531204152,-0.3300968518114975,0.48394950537738396,0.90506391277324072,-0.21173395451520849,-1.122922185120079,-0.37976765239723892,-0.73849470187679001,1.1071135373792096,-1.3890315810735632,-0.16677109011435143,-0.46590437897839582,0.21602381167606702,1.1300176500541386,1.4578990438856363,0.25889631226029008,-0.95761629282825933,0.78811728166594874,-0.86837816057436923,0.41538786499077635,0.38038938714794912,0.38734153103868035,0.51671484238520971,-0.83935066642186451,1.8349270048748341,-0.54525502213117349,-0.38943604569814644,0.28414107753696899,-0.30418758332010898
5,9,0.54420417281759004,-0.33723277061761453,-0.59637882947752852,0.37708771076441971,-0.7501926745607459,0.20035457266733311,-0.23608956267381531,-1.9827504991784919,0.54785713526852842,-0.38532978550810837,-0.55382808101046876,-0.43348511394196981,-0.25351463326334733,-0.54915919605150698,0.94360191334897991,2.4608182223174673,-1.4637289529648152,-0.33693562303451186,-0.85848169604747093,0.33393980623047992,-1.2678642866032532,1.2054682812813546,-0.085787005123358601,-0.22913295730422031,-1.1072260713307991,0.088127342678013795,-0.68834957709318623,-1.8767320094706281,-0.037871435860779311,1.6809925037408913,-0.28478961607955983,0.45183936536621844,-0.67807323157281296
5,10,-2.0744812549749545,-1.2639888312743059,-0.36531659514868781,-0.2191537190309443,-1.1496169073797442,0.43828150304546959,0.48534570867120025,0.70605508422187746,-0.78399294132107311,-1.0105867273934153,0.38916749249730614,-0.90859873691682236,0.093249936094488783,0.84261167145768012,0.39807065589826834,-1.0196619008466223,-1.3715311208432908,0.18931411193688932,-0.40159042783559573,0.80249478572850141,-0.48798388249504659,1.2943953942769248,0.29234228100555609,0.7197170082179446,-1.7953704943258484,-0.45648874918594545,-0.63055993801783827,1.9132001581666986,-1.7880137976255055,-0.48888650618253821,-0.69693728056295245,0.24084198937184348,-0.55877448802295615
6,1,-2.9440735179197008,0.32682777150374187,0.22770077561228477,-1.9193048181375296,-1.5088041762382807,1.1055465347540647,0.55946351941172778,-0.73369321091031869,-0.77900105991268487,-0.17840455307519196,0.72437576063785536,0.55482456989913764,-0.53064377885804026,-1.8793796732585852,0.2318139886895709,-1.2390521154666385,1.3572673432868054,0.93790543245380287,-0.8751819939102623,-0.99574135579585588,0.46376891995955849,-0.53886000382775567,-2.6871667251929816,0.60812628971772165,1.4471539267453091,0.30083284598734905,-0.52382166298157407,0.80311119231747252,0.29705703023610108,0.18195090154287882,1.7280027709060821,-2.2539053500411592,0.18348027736600464
6,2,2.6422274378379029,1.549202057750201,0.51112375149868416,0.071822981119806922,0.61409569461503655,-0.22277959595484101,-0.14609814176783278,-0.20233994387094545,-1.2846631719381092,0.53526535329977365,-0.77123544671153421,-0.25877887744586747,0.71402735635597281,0.54167994325845881,0.85962332416358345,-0.050361188017904158,-0.57543300920346385,0.67971152610998087,0.71041548970954571,-0.53619899152188188,0.15823396739015907,-0.58860865786037697,0.94733466118438348,-0.60364954236563639,-1.8276311079424898,-0.60808981533939332,-0.90794404362664116,-1.3792534455467611,0.44201578372536093,-0.37196403606479261,-1.2298981256575201,-0.59298923184329944,-1.1675790903842116
6,3,2.5704652042223781,-0.35824057135326554,-1.6825327654977598,-0.18394944905707472,-0.14843155873041614,0.26067321819174288,1.0174832293142209,-1.1078833093954246,1.6069626529911418,-0.42815148183319574,1.6827016080202577,-1.452470727591556,-1.995442678378377,-0.95165848028303879,0.79312569854609227,0.77967340942887697,-0.098068322444414283,0.63305625341041205,-1.1030113467393179,0.56472577034341764,0.027681868784500276,-0.39136687042666163,-0.38698469654579909,-0.49839754313240647,-0.25240564188153863,0.746059035094366,-0.45777890060993542,0.74985276169524329,0.50763387640468172,0.81822241737641566,-0.76089112623678923,0.30278944461389917,-0.99751140904404023
6,4,-4.631220095054597,0.0095345282345563904,1.99632376218005,-1.9636510937303386,-0.32673380949651243,-2.7191721437540002,1.072062299666128,-0.82025083645435282,0.62893530402778297,-0.60490941712585278,0.44952608475731615,-1.1265357816435599,-0.45440600048758772,-0.41038143179265735,0.17073836790668959,0.30780340657396543,0.4365916674422286,-2.0579460634588576,-0.74195799896253956,1.9277664055226071,-0.78612917742863564,0.4140744726651997,-0.3605589686599911,-0.041935999325329126,0.69109651349679102,0.84278588172144842,0.84280163907294636,-0.2174886425807904,0.21337897234257472,0.37571819799638756,0.09172693305175178,-0.84925987149219528,0.32983740465210898
6,5,5.7741351094020468,1.4108017865835698,-0.44686056003530467,0.14612542271088771,0.51916164824297473,0.59723375238632781,-0.91979623386797571,-0.43985940425894909,1.2243630321244614,1.1788651799992154,-1.196147635813801,0.84773331163097621,-0.92379145874242974,1.3978783026221711,-0.82054797975300531,0.87090766913118267,0.25653083342707106,-0.36757597816451026,0.71499580293645415,-0.53645152728347034,1.0781266479296807,0.91708187154315168,1.1688138034698519,0.54479407973769856,0.34066326408425102,-0.95129222838667249,0.12285705555556728,1.9349979702333651,0.1511416327526349,2.0512017754599987,-0.45263725436835744,2.5197352049408419,-1.1007522689157707
6,6,3.2692729910225617,0.41704289340453093,-0.032082887858193909,0.16220810744041686,-0.68869445714797672,2.1403143199783834,-0.28671235737672873,1.199503126320645,-0.77540494204506105,-0.48384181696601469,1.9727042225121991,-1.1168102193338816,-1.1727906703121533,0.92346640122953494,1.6684483243143875,1.4776505373488191,-1.7428584154941646,0.32139654276758928,-0.45454308606555166,-0.1294851255813316,-0.68275486654074435,0.28013338163988677,-1.0079209329857715,-1.0610816944290777,-2.7184868938191431,-0.67744114691228818,0.30341887293963166,-0.46441655653214176,-0.36321193670101648,0.82016267474677618,0.32327839807333103,1.9451676627982408,0.52492379652052357
6,7,3.8992030570939997,0.91152493648125998,-1.2409371868376817,-0.35633077507234084,-0.70966252858034273,-1.6498762015402562,-1.4490524997974867,-1.4126693541679782,1.4996041676749665,-1.405537527316467,-0.99774421914469757,-1.1432625780369821,-0.61899883254740662,-0.20505766144901053,-1.3894850762987594,0.48709597644731945,0.25131640532087685,0.41712563031981131,1.7676581146456298,0.37810793260361297,0.40317426645419968,0.063846649898893923,-0.98036748375922211,1.0556864376671933,-1.0456529414929305,0.13885991530908481,-0.10053146428508444,1.0462123407737469,0.82404876678891459,0.37974297777471749,0.2571888078036822,0.06026571482695172,-1.1409335255124184
6,8,1.0027173074774574,0.43988055433813433,-0.61700099126214381,-1.6337698408656738,-0.41163553335700648,0.23506894180541682,1.9877909967460858,1.3248713785430246,0.51673627833266333,-0.085722050471829209,0.91654207741530191,-1.0754969747200365,0.34474144656724331,0.10573924016188076,-0.74855666610972216,-0.49760136751203971,0.73663652649919598,0.29612468519719043,-1.2143997258509016,1.1572075320201658,0.064760868396554649,0.47078338138279013,0.63042073252316855,0.44125125202074428,1.045828251973842,0.91880552190470788,-0.11564101557341118,0.93001224553657491,0.04147132427202397,1.7970783882134169,-0.0024565726699013689,0.86678507241827008,0.64937869313889274
6,9,-5.7153411592271537,-1.6994307975745708,1.2492130811114155,-0.01039962295079308,0.34896371865616937,-0.74368855301626224,0.91675497919819737,-0.45047647297584931,1.110051151486096,-0.24352047409960778,0.27776261104044775,-0.80747322390019716,0.090221191240088594,0.73309175635285895,-2.4768608240447056,0.93848836115247303,-1.0192881308433743,-0.92857977026387784,-0.060035696668333118,-0.73150864949498162,0.89997877817054328,0.37640433550003138,-0.8172251716957345,-0.49140787143711184,-2.0053353447524009,-0.48548336789124363,0.45006140482084361,-0.4903231837190542,-1.8735649232555669,-1.3193956596948568,0.81471162870165115,-1.1429774404225019,1.5025713680709267
6,10,1.3777459618031898,0.19084637514477881,-0.44735242741314452,-1.2931048663865865,-0.80016126606439564,-0.1209777596128553,-0.24197891567273125,-1.1069456337737704,0.0088762468983220252,0.9009613586798102,-1.2315956181105197,0.22388343199352459,-0.31708129388367462,0.26946376763496116,0.4448934041595195,1.4719597684501966,-0.82176982961039979,-0.25300443594222,0.58222734805790954,1.0945742157352034,0.52579242920609248,0.29195477877635223,0.50072993213236816,-0.76366885077785251,-1.2453853508203263,1.0441322969927653,-0.61734072833064191,-1.5404710777686927,1.3182545979049851,-0.78993650901142587,-1.2964331373614244,0.97007650465971929,-0.8453933944213371
7,1,3.7123327504317016,1.0509574238853903,0.34069184587026696,0.30942418590757409,-0.6597475128436272,1.2433738182565821,2.089067043067772,0.83842978604423912,0.1001548086270401,0.59324166250017762,-0.29064516257993284,-0.014725148491415043,0.39444014179626602,0.027974138658682729,0.73834305032415559,0.52147235184609997,-0.64534771506020105,-0.81171609574958403,-1.4468389958407184,-2.9013833870118271,0.84393104775324246,1.6033850828827685,0.25130688353674135,2.4905283743390503,0.39758279762402748,0.28086444363534724,-1.194040545485243,-0.54426555490892237,1.6002618484273705,-0.48162936696608205,2.0344939548734877,0.8527045952354888,-0.44988217143644266
7,2,-2.9419282206401807,-1.9601779571321449,0.072913499862074599,0.16212608769863404,0.17715927794340863,-0.24286144213359404,0.27417636337121709,-0.59468546169729775,0.68088509944768005,0.26303586352830899,-0.86676729005039155,0.9073344203310364,0.59402635705158635,-0.0071892613002443812,-0.94621049509119226,-0.45817217293361628,-1.2833648962125184,1.6177788978979504,1.2208523932212554,-0.25642377516208259,-0.9287174939020113,1.2118646121324637,0.72204148830615622,-1.1269348734181737,-1.3041540981982931,1.110917308271826,-0.69527740422952022,-1.3687987778403146,-0.58271508230958047,-1.9080960974447523,1.6511573187755972,0.15027375617360067,-1.8769873211421242
7,3,-0.71922366323130493,0.85915886635953731,0.85493264289978044,-0.58739738877729264,0.17836185981671326,1.6432625404559285,-0.67008244967782249,-0.80500165753925035,-0.77416278656709836,0.65382315227832333,0.69785528655434237,-0.36839750553220957,-0.20689613007757524,-1.8991026248754725,-1.6148093881209149,1.6095168761941996,0.24293750251233562,-0.90539783884033675,0.87274393139017725,0.3241005846855477,-0.42715493341251465,-0.67796359749860979,0.29708287767490837,0.65607077440246186,-1.6137493617215273,-1.0898973209283782,-0.35365338350301317,1.2926024075828273,0.25577829754778819,-0.25624804538821094,2.6019411819070233,0.52892771220505919,1.0432657666853629
7,4,3.5114790892456331,0.35147815000152194,0.47326475733786366,0.6088321996565611,-0.56835511290159091,1.3242573414994749,0.39188921626358814,-0.58271469425655642,0.62740781171523052,0.4893795475088501,-0.61223372350456462,-0.21851887043213708,-0.9965192559835937,-0.2134003249930847,0.53988738900740618,-0.20363902658500688,0.39168559196919073,1.0200234578885605,-0.80195076907291496,-0.78780203305100038,-0.2663500015651265,-0.56878369910620963,0.45200415740352862,0.11582034894695679,-0.22117687662012309,-0.79409829549641875,2.142067190415009,0.43844403190039033,-0.15131943751947169,-1.1575074763233266,0.27499044321597244,1.9803250045366039,-1.5924564285537484
7,5,3.6371545736615194,0.77193580053123012,-0.45573173198620859,0.99854456240244693,0.45799999589861146,-0.23658299137347524,-0.61243086234413224,0.17450652875274328,-0.35569891267277065,-1.3980751352535932,0.74920732234017418,0.28838020709077961,0.36339383364044509,-0.32673297479659658,-1.1175430660240142,0.54807082676283936,1.4925991261377056,2.1722879393837524,-0.35970150083460933,1.4182542764928558,-1.0139031297748655,-1.0680954358031727,0.54572514670191019,0.29185169758043983,-0.65321080813216958,-1.8411078400019509,-0.99859217821893975,-0.16615018125773615,0.71426326884666169,0.83123549099534066,-2.179885585112737,-0.33964349705693087,-0.89629504251037162
7,6,-2.5648300405686277,-0.16237609046281243,1.3326061969242351,-0.36877682710436738,0.64286624219443511,0.050466456180316324,-0.18145373791486777,0.7296172699892719,-0.035404711453206394,2.2122939861190347,0.94700479476327082,-1.6017443020838158,-0.77466012849186494,-0.60766182250882228,-1.1863617122933487,-0.46138018181627449,-0.014964855221590351,-0.86443610298154017,-0.71343866002222289,-0.036846129667291609,0.63931727345794909,-1.0794210793074772,-0.1303448371394734,-1.5541682966835466,0.61078044638884177,-0.71495718450613011,-0.65963713758231668,0.11911296604859202,0.91120501841919921,-0.047564938548348465,-0.76396857315203881,0.19162279619037703,2.3830143246106297
7,7,-1.4330622104569948,-0.78247290737947073,1.6850723391853009,0.7038393943301402,0.91661665096619471,2.3902446382221809,-0.78872829675413936,0.78873537328073751,0.60502428297380051,-1.8255108290264945,1.8142077308602504,1.2096092758590729,1.2624575998634671,0.74642629721524378,0.12822764638541881,-0.00039981826126643294,-1.6871413243715296,-1.1171582203571342,-0.30012105236529379,1.5214599352216929,-0.92779521135188869,-0.29036963246616043,-0.320876015566325,0.24020994497647491,-1.4065840958228342,-1.3973642457911541,0.51557734744557715,-0.47685321716320828,0.16585989816565497,-0.30927187046233279,0.30398443432283945,0.2154629629024834,1.1590304330673851
7,8,2.2468908680468811,1.8295289848489886,-0.82238796557923832,-0.53294737969255457,-0.068433284344198653,0.56587044183256496,-2.0501450220585253,0.30564631873341613,1.2218567799468292,-0.0032003661309601521,-0.91059768279639575,-1.7448216027812236,-1.4700950094836904,-1.3803915040877304,-0.2149694038988447,-0.17795426365763886,0.35403697128040901,1.4258525620590805,1.1044440577521724,-1.4208160432763828,-1.022581295945395,1.4500706373311159,1.7097619009533958,-1.1510731575828939,1.2708571735281793,0.54309428523732883,-0.26168373271878692,-0.68630658834320124,-0.54381986069269739,1.079199714360056,-0.51066289953891209,-1.123409194101064,1.2588241718575617
7,9,0.64933065520632072,-0.2218641479129842,-0.44431427425481301,0.90289876549498038,-0.0014358116227073121,-1.2263753796530326,-0.021714410934234891,0.64160331199003373,-1.5314058589150377,0.033496832194475835,0.23131895078366749,1.0488931763411964,2.1061273669666418,-0.54736843661433354,0.10975679652810195,-0.87594192360887702,0.48885678890774631,-0.74054193042243532,-0.038741627605653799,0.17048719083939035,-0.43462099394041975,1.5345529491545096,1.1725484977063441,-0.25164702067531414,-1.084314358404511,0.91084150745845049,0.73712490406932218,0.45895737173676932,0.49083486836859369,-0.092931859546403595,-0.31375126258788244,0.42953908339884156,1.2816428093078396
7,10,1.9611513613856231,-0.50796976486959045,-1.863841306813663,1.3268345795411371,-1.0088880356533023,-1.6489900150171297,0.46952971930482157,0.41827570372174028,-0.42985800307734312,0.098496782665710048,2.2163012555685873,0.5170039636389524,0.16105322791289586,0.38043909440343676,-0.72917868304058842,0.1888924274031189,0.26514837807390707,1.4010144627810635,-0.095241435640979061,0.16449515712811558,-1.5751041811718109,-2.057529432322152,-0.79658600942076063,-0.47105247533637662,1.9479128550267026,0.93551366762943644,1.2115039223323545,-0.55072907991105791,0.62897938581233093,-0.22486747636243926,-0.9752233201873316,0.10741941570831003,-0.087321416021705553
8,1,-1.9368216427865774,-0.070163735806064026,-0.29691347795041129,-0.43824399436284189,-0.29825779754552167,1.3906700686093794,-0.55423396038980099,-2.1644916652400221,0.8110431629611109,-0.74536993461462342,1.4450754125557479,-0.98489335176100312,-1.1398448355760902,-1.3226291708543354,0.64337172369560403,2.3239014228049801,-0.52288659752683941,0.012653859471971316,-0.55989509828565642,-0.35839485405241034,0.95400421110229916,0.42810367548934392,-0.97762866836353146,-1.0850181346238894,1.4338896065896112,0.5255216592493358,-0.047126139272400135,0.034576818874135398,-0.91647485160574871,-0.090843583602177383,-2.0031212065153015,0.57503350175449019,0.64198166608742724
8,2,-1.4638678447516313,-1.2064264283055868,-1.1107052416511642,-0.91622752477721181,0.032291167215940934,-0.39555462746024089,1.1750032895951834,0.67047652526082768,-0.57978948910116934,2.3099108998062303,0.22333163480291046,-1.0756275698745275,-0.45802003592631324,-0.95385605442287802,-0.93334754358190319,-0.17007174190689209,0.93511811124620148,0.97947308220797136,-0.083869071052731226,0.055317700540550692,-0.13988917967091222,0.76979100365391973,0.49934755801383574,0.83699345193745556,0.38402323762769341,2.0825768941199509,1.9909119685570777,1.0760883786212085,1.091090732937871,0.022514350703348025,0.64101541956697916,1.2090490259430324,0.45979948853534541
8,3,-3.6881294342737148,-0.57593258088426802,0.81444739259886034,-0.11049932437127838,1.0548924040108634,-0.99175577517210478,-0.12456670364427701,1.3440839938335936,0.2077108292153759,1.4810610794802057,0.75089298654400694,-0.44428418877138043,-0.54380021692545011,0.32250135640875727,1.0814005626962733,0.32589984773191583,-0.38605533928358299,1.509733604521003,0.18427710834997374,0.88431949729678749,-0.062009729806240775,0.11580973249599184,2.8813286124953401,0.10091294268227816,-0.24507163967719031,1.0793523766779969,-1.661933886841563,0.41593713060054022,-0.7797090607986118,1.1874631771476987,0.72574807744443959,0.22218763523879584,2.3059598531853891
8,4,-3.5716657486563879,-0.54998368330912029,1.0851530254825692,-0.49801807780420537,-0.40192292855981931,-0.15869386101669472,-1.0021974848214787,0.24071898214562423,0.43190392457682619,0.93005053057705289,0.16190001985984623,-0.17939843553179743,0.67344397466688,-0.51352325919028907,-1.175476209728515,-0.78033117750115921,-0.97138036309941767,1.7318536786280498,-1.2634701014848051,0.88350003238374075,-0.16641601302785761,-0.44319098446310029,-1.3629734274786414,-1.8209742920182921,2.9081378033816132,1.9340610682692805,-0.028897077346692123,-0.704330426591813,0.046659782326150603,-0.49545099440747198,-1.3209749873070149,1.9382683174568152,1.3436567126444201
8,5,1.418623922446232,-0.65703574492969552,-1.7351178672321508,0.80713993107589388,0.68248686590552921,0.081070637831071365,0.98817391472989291,0.93228245941508148,0.071505996155105292,1.1232041597836331,0.28565493927444535,1.2862229721483334,0.9632753399873154,0.84505532876917688,0.027872178194351237,0.16357232086696674,1.6680624285931207,0.57798580235719565,-0.54097368343270136,-0.25501570352710523,-1.0492689538386593,1.0180438061471053,1.1228782818951586,-1.994680230987337,-0.72960058240757608,-0.54098462264538227,1.7796435274420424,-0.72743209163474754,-1.6504890206485117,-0.17839037300979008,1.9139047191120084,1.0021319798741173,-1.3928256248024027
8,6,-0.47076445930066613,-0.98433070756833907,-0.18085498624430682,-0.46361585843763026,1.2376383656528465,1.7926611327861657,-1.1321049972806443,2.1667554435160916,0.83374027701225284,0.78820598852226231,-0.25680284886945176,0.23994476375428903,-0.99775003759074266,-0.61135395384313462,0.32340476413501185,-0.57548256844277479,-0.0095529689348916435,0.56913773206753038,0.50458801402655562,0.22234878679026707,2.3911054657596096,-0.011241273159685775,0.088902358769288078,-1.6585552554492038,-1.0443142638449843,-0.41494812632231826,0.63092747456822507,-0.75865032721764392,-2.1484404048930346,0.45931170229390289,0.59558404138519938,0.67589414637336709,0.61392047483927237
8,7,-2.2642043712433217,-1.771411740385503,2.1625228476383889,1.7572968044693347,2.5798057272714772,1.4498587872684419,-0.57714911852153916,-0.72933602609624826,-0.93610695214764594,-0.88226655331202986,0.12586351786037478,2.2650912738398827,-1.3258384409151762,-1.7429067632315975,0.11630032353766034,-0.742175621278648,0.60327267458159017,0.46735209162466418,-0.75997508311760098,1.1468368783286971,0.6058163377373752,-0.7035721293106848,-0.76921169309240756,-0.8064419582560074,0.31145190423614022,1.0907708800503944,-0.44590952946779289,-0.16489199732006465,0.16671074265857008,-0.38992994290472388,0.025426008650742026,-0.70133406453091407,-1.5497138245394853
8,8,3.3939403234540859,1.089654287976342,-0.78617275711209467,-1.0931196406388417,1.1462550457127876,-0.38486143579432736,-0.58599157931899937,-0.62471121863846579,-0.38093742673965159,1.3494746427897952,-2.4542269016186582,0.22348559789472386,-0.5951572248759317,0.79623757538192863,0.020639354282304706,-1.5179242295065742,1.2623668854914052,1.2865184929397,-0.67899034971775052,0.83662597835672992,0.73053768261394103,1.7293794172805923,0.54403208462605268,-1.2428641484349177,-0.61530619638193007,0.58344616701867347,-0.21558862319748687,-0.65913379029897468,0.93263262275313463,-1.1432560578927224,-0.1401882082832934,1.793025543743775,-0.2718888397049547
8,9,4.4234486591489253,1.9476394573961038,-0.17498710033203685,0.85956587667229267,1.6675425704836127,0.46684801957653965,0.70329733312794085,0.098412801939797026,-1.9180100988605522,-1.7238876294516134,1.1611873498233416,-0.4813688152294795,-0.53817440489504853,-2.8174694524929462,-1.6258620100654588,0.38594402399607936,0.46174442990025405,1.6660318751173022,0.75433004576765172,0.74771892298798526,-1.7689156584959183,-0.0021796489861325846,0.38938533033303779,0.93197358332959324,-1.5190048686346544,-2.4876593520995853,-0.55290201628941071,-0.71233985582264936,-1.0593584051786946,-0.6568087678253135,0.86056989889137314,-0.096291212249679001,-1.9864576031690107
8,10,1.2996629637138295,0.64345615210194429,0.91227485747874237,2.1860758234511133,0.36503508447208888,-1.4449881700750757,-0.53560148513340344,-0.32610123048012152,0.77170328436773672,1.6899396695625624,-0.27901839598335254,0.68968675856370276,0.24931116201012035,-0.33145433730239438,0.16041977410362915,-0.67905660995083406,-0.58331593018186989,-0.88193492785013838,1.6516437707167981,-1.7891154682981205,2.2423877995956181,-0.093643994043695861,0.40361442659308366,-2.1289128520802176,0.12995963910535363,2.0482510610739686,1.4891666651226729,0.25445762700072172,0.34182004395220755,0.22464107213421872,-2.3987062416747649,0.30059756330957399,-1.2213319820431199
9,1,-1.7302041854199985,-1.7881609882551863,-0.62360323555883956,0.7736817185368785,-0.27618504517695969,-2.0767864037395953,0.85719981058213379,-0.19202750681314151,1.6938840035626614,-0.8836837290989038,-0.20083534017687021,0.039969648404551007,0.48235423851514087,-1.7406860405925133,0.62571612150125488,-1.361270989496745,0.88337367342318895,-0.62192737352072092,0.97453482668886826,-0.48373195367439736,-0.42697147043583994,-0.86356892385348716,1.41431922238786,0.090286597053248888,-0.53213252257729282,0.67406885656144355,-0.064080977642552661,-1.3896768384216174,1.2499948643913041,0.33530479034259281,0.18850774472199724,0.87410474978585617,-1.6660237742633701
9,2,-0.080666306227050066,0.4712546907824397,2.1126095415364823,0.4155556744915393,0.41458758789630151,1.016830047898019,-0.75525851026181734,-2.0987610128609946,0.36138047902705411,3.1280433755746797,0.12026717488720469,0.86735739205679507,0.22166551233607504,0.21736338567421457,0.076289944424936293,-0.645694182778905,-1.1194897681917739,0.37354437875991092,0.022328477134254961,-1.2372253678573735,-1.0455617318877055,0.46356760410192716,0.54131583227940483,1.0914678777263127,0.33708499828184535,0.77061969212735393,-0.56579220971158772,0.81635132668810206,1.1164517419227393,-0.08403697428220025,-1.7160308126633272,-0.13623937383140361,0.15159183900164169
9,3,-1.7485148060821607,0.28324833009758249,0.99898278591106504,-0.95961186849949964,-1.2392767651180601,1.1388116395976771,0.25924775883657025,-0.078079585903747778,0.46250860446339848,0.65210022584806693,0.61574476776200437,1.8082103349423368,-1.1218143826922304,1.2027809746386946,0.20178879528408533,0.97180221079155849,-0.32289767966824212,-0.65388368680199127,1.9120574918987658,-1.2599198275430492,-1.652755358676387,-0.79526570814780029,1.0203636502809867,-0.32245222431598258,0.2126318954398955,-0.51674289518582139,-1.2023665364756029,1.80835027446132,0.6114806710131887,-1.1979274513061975,-0.73738096706563261,1.2736069410588946,-0.83061206140909227
9,4,-0.66689191575384776,0.38701149594751144,-0.80287510180108013,-0.27739305568871386,-0.73080687859618743,-0.83241224267405312,-0.7202207076406677,-0.34052857103396256,-1.4608948407021822,1.2048156993240986,1.0449795818518566,-1.51430695651333,0.2802474155092563,0.32034543017140116,-0.73243469123050176,-0.708015686403622,-0.047263084720573272,-0.39838251356823423,1.3154488426074109,-0.40131092136307661,0.59523392200389236,-0.57646512117907689,-0.49181732329398703,-0.56196059728634085,0.78896493199942297,0.57178294482523062,-0.53919713168358629,-0.92680896719379136,0.020385767192342408,-0.020962109297437099,-0.51013728460518626,0.65447070286034337,-0.27948560810486262
9,5,0.75141765483202905,-0.71062996203666118,0.5375536190859459,0.3810439597649033,0.6135507691946045,0.26864437077882314,1.9481382151339943,-0.94602684544344806,-0.895980468574473,0.21735672933780151,0.33897945791852435,-0.82574165369061847,-1.3472429963515338,0.40821942827425073,-0.66598380545354119,0.23777680317704616,1.2165295070257431,1.6705618272993339,0.48851884148953378,-0.57854722276127857,0.83578544504867192,-0.74992410318818858,-0.67362152567870792,-0.4378048202671998,0.87899229301810111,1.7205941377827592,-0.042586362252569947,1.2948540196644056,0.83626802084465224,-0.47553363605856025,-0.75557708345278762,1.7284716772758706,0.18668662020240426
9,6,-3.411662690157419,-0.67746333674605119,0.44305989298387111,0.31545976213926807,-1.977344737470341,0.94600721551340394,0.89956695207788462,-0.1120034233884295,1.8407435532345666,-0.52066376051386998,-1.4176224683842844,0.095303297079390406,-0.67825682189559022,0.66103851046178508,0.26470189588509924,0.33693112148047843,-0.63451745998203102,-0.12800691540276798,1.7946605142418464,-1.9778928690531967,-1.2057344174053846,0.96163294557249268,0.43453516551297455,1.7663226323261401,-0.99515202297775895,-1.2009721948185379,0.61815223961209143,-0.35797595622917189,-2.579474597095528,-0.1581355751035711,-1.0341228271957281,-0.1167532085845642,0.29653321415326489
9,7,0.44923468813327661,-1.5176312616318783,-1.299926498451156,0.93598732908091431,-1.1912283120248672,-0.64998997413139459,1.6128409752604316,0.14011352810873356,-1.6110688223414604,-0.13738823027934946,-1.986526272224765,-1.5525378975171222,0.014854085228113078,0.99491255953790214,0.30331235200962464,1.1177337374028669,-0.69261680732443498,-0.95720979872142298,-1.479440996759906,-1.1324413955198507,-1.9905682071601836,0.77356123615159478,-1.5954232912077044,-1.3368106889562585,-0.65471113340275,0.0093180897311884326,0.31899552885859006,1.3843980652519656,2.3221201577549166,-0.78158572096691326,-0.24255024215374024,0.63650016505617435,-0.47855256353790082
9,8,-0.46126265203861516,0.099703154875236191,0.26712507645587857,0.49114009529383573,0.94082865221311851,0.96721601292651205,-1.3218574665985199,-1.5126004393487933,0.70888366035997386,0.7278109261984792,0.13556077441502123,-0.66093978060693126,1.7713597561895562,-0.43550399750772673,-0.38370052569602042,0.17200521983570713,2.651657174126822,-1.6372874169451836,-0.03466557832129346,-0.86991897224840176,-1.001283163397592,0.76488094428628528,0.94266334048351008,-0.88400022795966571,-0.42473501138879399,-0.24205924535096121,0.16235843608156703,0.20909803308697572,0.77010919468357841,1.5016032904704932,0.77409464525382143,-0.26267122452383712,0.09371590870951263
9,9,1.6968931803385821,0.86223634548189576,-0.23934179931068117,0.76325691709135024,0.82721830362347615,0.41974124554363434,1.0322506444704378,0.088661430849232087,-1.1410849516183486,-0.66941838781479235,0.28524997273212388,0.29127575800117494,-0.98497198518122009,1.4568061250191329,0.75427343695332361,1.3304857761051001,-0.95462957401627291,-1.1459238804288177,-2.6358610102056543,1.3522908694843696,0.24511916457380789,-0.51578142006687167,0.26216530180607883,0.15864144031134716,0.86338342108969202,-0.63943907183794624,0.87959295954766892,1.7353032780342006,0.74908945015622819,-0.12875460108774872,0.034984924098072745,-0.61132293065301069,-0.21110976686565122
9,10,-1.9590692746793477,0.3498929551870385,0.73716550874190312,1.8299872691765915,0.78305542300897113,-0.88832199574503623,-0.16047349700815003,0.22724738602130973,-0.65304871521372221,0.1304035500579433,-1.1813876363438041,1.3636418897466822,-0.66476186310898977,0.34711214213506364,3.2033580260334324,0.72327321512867393,0.38685859266688283,1.6368733410395395,1.2872998603178039,1.339211893639995,-0.12640821763991628,-0.29312740927908426,0.94583229209176156,-1.3996565868572,-1.3304559782343621,-0.89452241216116235,0.91647020283708824,0.64751378312074503,-0.19005694213226987,0.50130335097327994,0.51727654903774722,-0.53417471043060605,0.019379094815064241
10,1,-2.9497457611387907,-0.98292906642181488,0.36121073020981664,1.582917623354184,-1.3094176454215458,-1.9144473116923069,-1.3939521839369482,-0.85606586036926913,2.8502942293474542,-1.019072705383959,-0.27817846311723249,0.32402811868158604,0.53230165074320368,0.65681556312868861,0.64159322476595715,-1.7366480379015174,0.1317207582232495,0.70559013984109142,0.38711205308339636,-0.089248133299380944,-0.20005930403566208,-1.0168948111756262,0.7307561654888064,0.39877941644182724,1.8868474940071178,-0.60506144746293544,-1.9298947469025594,-0.28018673488753071,-0.69878965392487202,-0.90470608173550349,-1.2541826021488158,1.0116771131035327,0.91856004224822674
10,2,-1.5706777912425984,-0.22071182830075903,0.72205709256187567,0.31629489387859477,-0.059000826562554808,0.10013536769594829,0.26488292522189694,0.7051300167832496,-0.30968826481040496,-1.3452302953538253,0.67589509971567241,0.81962323686533489,0.060029348693882767,0.25555140443562591,1.5024286316804119,1.3191461392930381,-1.204858979130657,0.14772215671080788,0.98649858599046569,0.30508224060576217,-0.65515643265765011,0.2282035243838616,0.29356064551023908,-2.1803296447627019,-0.45356160903470805,-0.80722462560621733,-0.81859650028959563,-0.27295348386689794,-1.5622589035125738,-0.31907041823967364,0.049544154612947158,-0.54571170122610124,-0.672536788795292
10,3,-1.5415975047384138,0.076790196785868875,0.4553863960313882,-0.55220260842443958,1.5426815086337364,-0.78781883406244135,0.97244832876907161,0.53384433254399577,1.0098372150279233,-2.360852408544627,-0.79731573625233332,-0.99117921099776174,-1.1056631920646416,-0.22261684601261167,0.087052786214554409,0.95564476264754961,-0.27992220321049838,2.379341622263297,0.015481746934942558,-1.7130872452795887,-0.08711174307629431,0.59489442949985438,-0.072452767691697395,-0.25105953223147209,-0.46847497838255903,-0.1840594113641143,-0.48136039155042715,-0.71383039943385462,1.5313466729750065,0.71896014134531994,-0.28015416908027213,-1.607811581982989,-0.4334797567963351
10,4,-0.1899320713852064,0.32656679082567203,0.10011589804105343,-0.091484330974463443,-0.85826450625856743,-0.35421505759979866,-1.1726914760756186,1.1869691430385929,0.32914748082980216,0.0081952526807745965,-0.34916150187807266,-0.03689134221755748,0.02527821878235352,-0.36025775428349149,0.24758157647667442,1.3044953833558421,1.0239673655473895,0.21662026426671988,-0.56127095626291279,0.033623002324348943,-0.94354520227489291,-1.2525520095915217,1.1185197275638199,-1.0320323559897568,-1.6216828771326652,-0.79247695798710405,1.0043172022274118,-1.4670058125947714,0.38158443731070191,1.2293818268320518,1.3267214678963308,1.0934269511059438,0.24690763868396889
10,5,-3.4556870344711745,-1.6857160316080801,0.94531354783502997,-1.8088076833763918,0.70921703142347803,-0.4144803881140845,-1.1623645332064816,-0.79844892678023038,-2.2008131488533222,-1.8309614086207107,0.19463731632620246,0.53265052340249675,-0.46333512451800074,1.8551096360790742,0.1062654810095668,0.074578237127458896,0.85285124739355544,-0.2559405751602763,-1.385667778185651,0.85371723570052127,-1.4397518626064423,-0.2067012898593367,-0.44294440112498934,-0.74690775637378015,-0.046043408504014095,-0.21932394668401309,-0.70107783758579068,-0.35046489948429493,0.86882141831051463,-1.3303048070864818,1.2181303337361189,0.7225021446501162,0.38101121510641422
10,6,-3.080401263225113,-0.11671459657954689,-0.70011760416952085,-1.4829942475858511,-0.98463331441225499,-0.38784009641141443,-1.0003149443933461,0.22126409282181195,-1.3039653320951541,-0.25659714171104842,0.26493160946221067,0.63322487945541284,0.4426385269600886,-0.6932257650456578,1.2623384549517651,-0.73043621227099631,-1.724212838222215,-0.75704400360726054,1.7877131963594937,0.21602635343589971,-1.7982411735717378,0.10505244959112447,-0.046093830557177931,0.0071153831598940523,1.3329396616504208,-0.37552204202896544,-1.5936550585089182,1.0654080441672857,-0.68271245461931263,-1.0289784031681146,-0.85468142129748337,0.36848115339669046,0.14078170259129683
10,7,-0.55997367724941793,-0.53612478443503164,0.10960258197486064,-1.0090105834653491,-0.18399218296500425,-0.96941249032374488,1.4148668877422885,0.075443946711940851,0.1373324236590015,-0.41566162940808721,-0.82034710029926827,1.0993750523152963,0.53803969956542108,0.62826482018684882,-0.57199743586406437,1.6377886347784421,-1.5976862204870328,-0.15886767024982865,1.0047326904143197,0.43567530989473002,0.63391460122422438,-0.88553286030930489,-1.1843167113934281,-0.27060970335870616,-1.0903237202010436,-0.43164128514460837,1.0041379793103076,0.096439859747604606,-1.2922652805174293,0.37600146793934675,-0.22858626844653773,0.20672172623831653,-1.0104381416959782
10,8,-1.6658171596295139,-2.1059575938593489,-1.84456710174529,-1.7123781818807013,1.0525938945034325,0.025942326974513288,0.27759342749665394,-0.71943206772996227,1.2851928764497047,-0.857905059171158,-0.27059446188220637,-0.25225166933764642,-1.9495730198199099,0.27059282561394749,-0.36735105500392812,0.058417388092284916,-1.1542109273423962,-0.58464487003981558,-1.0793688123475524,-1.1657818334718821,0.20558389858085824,0.78185772766270967,0.3521195222031297,-1.2544011224331209,1.0261942698094757,0.58316040075529518,-0.44480665165965894,0.14370723771303448,-0.56316601419311485,0.27567715854732899,-2.1954784523569701,1.9767466222257588,-1.3964503328774642
10,9,1.0767085217811327,2.1462711127262364,0.62377931905373918,-0.53029522363585324,-0.27324539058948344,-0.80464542084957613,-0.31112321793560166,-2.344885396641808,-1.0312362241621522,1.2471973885775267,0.011594938792891122,-0.31903837746482017,-0.9259138914657532,-0.36362001637668828,-0.35852395873422155,1.6551734306058699,-0.052587408874791103,-0.29168897034048097,-0.63894111854251967,-0.36111138693257211,-0.089044994664459545,1.1564625217699189,2.2824381223495367,-0.084629625785004381,-0.17828283921546445,-0.26711529176939042,1.2171603356199669,-0.1497300336251226,-0.59582356657899505,-0.01856223851649744,-0.6717052751590743,0.29440618840560806,-0.097717514914184289
10,10,-1.6446755534449626,0.86919370555813302,-0.48211849176410104,-1.9875160089665913,0.33680438222818238,-0.67278783916853069,0.41232811652436607,-0.82526184560842952,-0.91093987096397822,-0.77614526029121167,-0.68907172310029707,0.17215410258192246,0.47699680730909799,-0.13277739253253967,-1.0449766858714622,-1.0000121321579394,-2.3529832566797322,1.4938422786043262,0.72650858119987038,0.85875084314599615,0.43325994724908107,-1.34220417333204,-0.56123255894107693,1.2746426666823338,-0.038336667933373356,1.4441724458496101,2.3221781911340118,0.33889415665138684,-1.395380128104142,1.2551751487142784,0.71541879200951308,0.70725133849572686,0.6202247266706713
11,1,2.7357201747010818,-0.19399843338131351,-0.21017783214807609,0.56494354558373516,0.25953884388760784,-0.013343464502171587,0.67243628630865726,1.4465690083075704,0.99323544301299904,-0.20682729269019798,-0.39231241826743379,1.8750538532775254,-0.36100361310227896,0.42725412925043482,0.4352978940526348,0.89177698196175426,0.49189764252954432,0.17342486147030686,1.5012288375451222,-0.18248551882726657,-0.70398734446804934,1.8304196933847094,1.5083628117737167,0.93202256147861751,0.69448634476603166,0.30303505912115591,0.22419336066276588,1.476325480115005,2.1638864298517775,-0.2026217018145362,1.2428014125114759,-0.038213917951983825,-0.46071085684747498
11,2,5.9492578718990261,0.90180389065165956,-0.68526401712251594,0.0065109911192199194,0.7998853053945767,0.30137825960372927,-0.27912100703340287,-0.57976519634416324,-1.8754149967865736,-0.51406802037830768,-0.91322145316039083,-0.85161158391884517,-0.083897818842568694,0.86330024133604788,-0.56517960041179593,-0.18313203358409683,0.73962316258678906,-0.3152586193774351,-1.0801269925909398,-0.04994667180905267,2.141260881204238,0.5162822355711455,-1.6384851244566827,0.7750935577636533,-0.012145169966458263,1.0071685776542112,0.86318150386272463,-0.041089063819982174,-0.0081975901555603366,0.40466873844067341,0.60213197742700686,-0.46439354982267833,-1.6870479896476007
11,3,3.5194392643420627,-2.3183183555350158,0.91105755235899133,2.7483101747944598,0.90016478324540083,0.27740920496043098,1.1888658965758465,-1.0946262555758601,-0.77181548272885681,0.71689043703899102,-1.2792499623958677,-1.2475689703030755,-0.30731070787442855,1.5119768050486779,0.029851275203150025,-0.10686732178029777,0.33831063688255758,-0.48775539454065947,0.16595656867753505,0.47525998008714743,0.2290763653803165,-1.1974931136461413,2.2686729042075227,0.97855941096430787,0.37279096855684252,-0.71696002980595175,-1.1825941368430717,1.1358142740462951,0.068463473982017645,0.83833654696488269,-0.19503564206417701,-0.61319330148696782,-1.0019798863093492
11,4,1.7828707695927382,-0.88154200795196702,-0.75063580455359524,-0.47485237718656731,1.5682403308161548,0.40305975887955392,0.35245300649968136,0.25243159192354908,-0.081226774645606015,0.87542591905949663,-0.98867997868859547,0.059172145953477757,-0.99020891217035978,-0.057511329897807315,-0.24773771550962068,-1.2405922378417675,-0.22755936731758739,0.3355369096558527,0.76352185249173932,0.32507203252395667,1.2639374859079724,-0.58210543417950644,-0.2228683207124933,0.010262381812075531,0.26964624201335935,0.051506825174439587,-0.85455363683557539,-2.6500027698136992,-1.8397719178328198,-0.068049262866748034,-0.24076296148415288,1.2355390478346584,-0.10174773755069072
11,5,3.3819110960110423,0.4748442851448757,-0.27842368792858796,1.3171321393318967,-0.65923404186817369,-0.45296474851207708,-0.60483725927326948,0.7063121352896895,-0.21903600126097109,1.3325505858005418,0.56034381415025669,0.48748715501941925,3.057186561128447,-1.2954899627156942,-0.84042114659746636,-0.83784517502053635,0.25916479718841817,-2.2380078091353748,0.34951474643434149,-1.5447126567519056,-0.42879089263630271,0.26468447302998049,1.3202875855363587,1.3126900695449193,1.6015974502896164,0.56354197892660363,-0.31742826477940239,0.33404040609569435,0.055830234184437638,-0.30549614566603306,0.14659890333589731,0.37395591918691268,0.045912789726785079
11,6,-0.44747429778814718,0.34059568371485405,0.97895518729037545,-0.21125696874908212,-1.2897925832895643,-0.87192044971049332,1.2246279977069496,0.63783626514110969,-1.7441166587601189,1.2854795287007574,-1.7664134260595572,2.3108447762617921,0.44670468893878862,-0.64880759145102207,-1.26039921854573,0.39911735005320698,0.28061769156164912,1.3860778851084361,0.84870403770206748,-2.8400683829478117,1.1239425557447578,0.81061161026991968,0.030662574704151405,0.20238179250455932,-0.25986481780541665,1.7613145046515417,-1.1215322431742694,-0.4227335794358717,-1.4748421098131614,-1.1713306905140659,-0.72092710245288771,-0.28832441070689652,0.84468163036106292
11,7,1.363624746489041,1.2252627833891117,0.27583245266042372,-0.59366854372060918,-1.4740057792746242,0.72884865038733893,3.2603731661738329,0.16781379166460128,-1.253687390517763,0.79685418611027448,-0.62447587424956574,0.26807597837559505,-2.3712916620787321,0.80069298280841927,1.695936989264262,0.1071074017497403,0.92423534768097027,0.28073556457404686,2.1043986147596692,-0.062838611176178158,-1.4607328211685393,-0.71463604756123944,1.187790319945202,-1.3237969066043758,0.35965218039698349,-0.62845493060788593,-0.57786705707666397,-0.87449726530740612,-1.1296568496633737,0.2966466531562037,-0.10018913935278413,-1.8602176672708699,-0.18708501223830404
11,8,-0.2920947681998679,-0.74241708551490482,0.90276393624957096,-0.089790885249448879,-0.96533406166664559,-0.035081268703036045,-0.1403039717275982,-1.431398389478121,0.56084617225007227,0.11365119255835293,-0.6508794932541826,-0.018010617875847037,-1.3374730610078676,1.6142406135001446,0.42192340530129974,0.07207858942938826,0.33868666480489701,2.1502495967935689,0.24501393121949266,2.3214114041370344,-1.1519906314215533,0.27387893035626931,1.0771048352923007,-0.30166833008724353,0.49822019992148425,-0.77136401132427268,-1.2658935612132804,-1.7503087539166216,0.75359837239048277,-1.1053608309502621,1.3570118000088058,-0.18901110847970523,-0.2530756461530736
11,9,-0.1699506180817647,-0.62927453002280176,0.065370193357437545,-0.13563947628252809,-0.59802825771808243,2.3408410166581222,0.85569746748499365,2.1835085738785756,-1.3968467181953419,-1.0565724292555292,0.73364816599007698,0.18078189396433389,0.45420331752006565,-0.6679730735763193,-0.38033352211387184,-0.13407723273971717,-0.00020779469867534053,-0.15962985311435457,-1.1354693974254439,0.18158513892482878,-0.3776242208960916,0.44182824179903407,-0.65720735435519728,0.29983477135950831,0.089353146851104709,0.27243474135688234,1.423948212835183,0.23762964303785181,1.5824864236815528,-0.6460332017754985,1.6302946048652889,1.1387926147742322,1.1733856884828506
11,10,0.69289550300407809,0.63621419017388581,0.32136459534907325,-0.48110433490109183,0.89061830998907499,-1.2608177684372248,0.32544686803306644,2.3186781265870309,-0.2406147836467632,0.81033994540199261,-0.9599616571166929,1.8970855063832135,-1.0480321932270016,-0.17237225451207891,-1.2656735178380778,-0.27359575798759056,0.98916072145214518,0.36183382336816827,0.33884504936267812,-1.5126630916882233,1.0364266549591159,0.32482632490609153,1.1764932103050851,0.22537264396705811,-1.1179073824721264,-0.75734558013258335,0.14374990040531604,0.93520929235127914,-0.2923468402887644,1.3548180264911351,0.53518470069449775,-0.10324430123168574,1.0630535271087651
12,1,-2.8322141198356166,-0.98540517926313953,0.75324072563758704,-0.35659865482680647,-0.88548140089794758,1.8506618602245857,-0.58591174179715355,-0.2967901048894489,0.61378433077693983,-1.1201503278388489,-0.75006261777316408,0.53222568648254209,0.11051825735132068,-0.46349357830335758,-1.0263155226016076,-0.65236004370032918,0.62525393692191866,-0.81554950063815579,1.2088956215937574,-1.1481598454281745,1.0636984531111164,1.1031887607832327,1.0006586042564458,-2.2287992184746579,0.33154353788179414,0.65894448118562998,-0.083062849100742686,-0.90371202488713742,-0.30012272105232257,-0.64573616967546843,-0.54992265962313946,-1.5589478442186213,-1.3653093525631435
12,2,3.9434047618560228,1.4240179444889589,0.499373509655548,0.58393275058652516,0.4330685021985376,0.30976458339352597,-0.52961106518425904,-0.573470861154175,0.41522088294042508,-0.51865742599371423,-2.7863812677371165,-0.12990549141634788,1.0331911951565134,-0.55187644156785121,0.63791981306621071,-1.1726847966930125,-0.52823533710475901,-1.4271211181247143,0.67235270841832773,-0.82211239416519266,0.59499242141611575,0.33963140620688009,0.31009776563770874,1.6470108338075038,-0.23250646645277093,-0.5074752031003541,-0.21539075524820778,0.31879814911996857,0.52604123796331104,0.63175242309790147,1.4763110499593299,1.3604741714058297,0.97514530623590789
12,3,2.5336408132327297,0.71161581137772389,-0.53731874927358336,0.69227532536912872,-0.28212565516772919,1.7023660805573684,-0.54572274912199703,0.74998997079611796,-2.1948222493237717,-0.54168179397112959,0.96943280394539388,-0.20306099041430822,0.77019262348170847,0.71296817822276348,0.66273296268285165,0.68232935693194496,-0.44997051654332654,1.1169061081763618,0.95849777912921885,-0.61828415783645518,0.70142747692122176,-0.84480359923567216,-0.51624465370962525,-0.67500452771224284,1.7488946089424968,1.0120063782843758,-0.15562317506240836,0.91698510754846452,0.2215808256827872,-1.2358780572686516,-0.10612044238329989,-0.73443502409469841,0.20841252716859177
12,4,-1.3420366528603507,-0.71782547075816983,-1.0123402959335064,0.71476791799829298,1.6633471242320035,-2.1055484485615983,-0.33113976053168503,-1.68856167432254,-0.45239007668739634,0.19262872240334117,-1.7618513513767549,0.12179448368902988,0.58263747398677279,-0.51093771976008806,-1.9136061038290044,-1.2874051083329006,0.47200509874478741,1.4107327928995002,1.4002440920349613,-0.62718264035413296,-0.17420530815224186,0.67519509490958385,0.75440895033957156,1.6180606903651531,-0.058386460208898691,-1.3499711800358596,-0.49389345663161072,-0.11585547584991705,-0.77481056891539379,-0.64650876588014627,-0.84212558861295717,-1.1250489549111136,-0.36135641240609312
12,5,3.0165033538581607,1.8959205181276262,0.44598715935269051,0.1960965902578051,-0.55637514826900314,1.7916780163029926,0.2224961156345017,-1.2378637164249315,1.3810515984273368,0.48468708803502675,1.5845418987170217,1.4190117461401985,0.15687765542236673,-0.6153358410668669,2.108893641067092,-0.20539753660747662,-1.2222724583965467,-1.0913517543718374,0.11507079202957438,-0.68586982323383627,0.22986181519088253,2.3073894691821639,1.0017895516863025,-0.8596207534183522,-0.28917992600776088,0.59818450256403888,-0.85714639584496455,1.5898165530426089,-1.0543563464571157,0.009941388031051707,1.9741305459309118,-0.26886823254497438,1.69525172607408
12,6,4.9650255370914858,2.1455449893352161,0.46183740497215209,1.007023585386285,-0.16889374417183983,-1.0983515096169409,-0.071558333061299759,0.11831004289795842,0.62077341755506077,0.86111194681384928,0.91768538709833081,0.40292139090092943,-1.4828945064024042,-0.41887686674606706,-1.3210215568763719,0.31965977724340944,-0.66498208580977869,-0.061992579203315155,-0.29946041692696468,0.97588301648548481,1.4398898818861405,-0.58860060251593682,1.2603181599710862,-0.44064767037533459,-1.8126972034081665,1.34338765231905,0.4407915398891214,0.36877535974247549,1.8350570919238727,-0.060539130898987679,-1.3064538801191643,0.70651109425854564,1.2301762105814216
12,7,0.50548389514659575,-0.52929888815130766,0.8718023996881753,1.2873355259327555,-0.24838683549939147,0.39881095087668578,-0.2028046371128962,-1.7878322193210234,-0.64617676308574334,1.0517710771636046,-0.53228771320407597,0.93065531046931627,0.87970392023831001,-0.70085537066354553,-0.19828158301618201,0.4188402037430643,-0.16513483388186925,-0.11051525261594125,-0.48220293239623407,-0.66396183333774983,-0.0681597489781154,2.1459903648624596,0.27630197909919152,0.63012775080128769,-1.2772358120152789,-0.30476538462953867,-0.20990933683769894,1.6748086056314306,-2.2846036387368356,0.48766220356636508,2.0097725939222411,-1.9591200957107817,-1.7902924662245241
12,8,-0.75032644695017503,1.1065826538739665,2.1335416913726508,1.4906100039636361,-0.41313504262709289,0.32710841071047381,2.161812698276361,-1.4065230920086775,1.204458177167941,-0.38060504531782791,2.5567179605943711,0.75263239638559287,-0.90415015032546486,-0.18815918201210588,0.93492066651215577,0.51354855146312572,0.25807417034166791,0.65007135547955441,-0.98362460480646496,-0.7030124096402447,-0.51272885207834551,-0.75152886124251106,1.0698437529787106,0.84996582709572988,0.55465351668875373,1.942870365865542,0.84699722326477112,0.82016388098055149,0.45920768492245984,-0.23621166410810762,0.20681860959662629,0.38653405929354945,0.57233127430882591
12,9,-0.44178395566307549,0.81501751846771009,-0.58112401182475382,-2.0865134602969913,-0.796650287667927,-0.79801867776655644,0.56625827561352482,-0.29642335582468721,0.032322020557058781,0.56110843499849306,0.23917182055260822,-0.54311605430882048,-1.795172618905591,-1.6279268935912121,0.99805454947255889,0.32249607815955927,-1.3538248871632954,-1.2177820033758804,-1.4207590613190391,-1.0872499007480629,-0.050128483669700331,0.35854290542775297,0.036451037206887388,-0.22139720296281837,-2.6611583457906662,2.2326455209110501,0.48252299553551864,-0.15056968674287946,-0.77016566104154893,-0.21000603096722259,0.37077942872222053,1.2312475279265884,-1.0467222211930614
12,10,1.7749033317618035,-0.19823090540153887,0.18490836529606011,1.2028471304426436,0.097027280380692693,1.0248130992313449,-1.3487321042919032,0.9156322530779285,0.040488563325397894,0.72520741596362903,-0.13642766511337329,-1.0294638069681836,0.65157459821886199,-0.10472602855571392,-0.44880635862338042,-0.50773218236397655,-0.18343786777034582,0.04466063426554482,-1.5610609928585848,0.37137675013210825,0.3109575938355707,-1.4263905766815657,-0.56440018746351772,-0.077275776877607796,0.19504902699137069,1.2444731595777416,-0.32889879581071452,0.11046082956941872,-0.91425075378849563,-0.39952525893623053,-0.27844064012385311,0.12716530896957573,-0.7060024088882193
13,1,-3.4676561657162996,-1.3093674883897213,0.074523128247855314,0.46999362071616596,-1.9169575070725859,-1.0629199093088593,-1.1093572718874034,-1.3629381172476522,3.6822527649805488,-0.97761397369971403,0.80052757432666155,0.86571093492577,-0.61498546532712095,-0.51498549396887328,-0.025553001015929867,-0.2077722198846802,-0.47364079490435812,-0.82953792401194981,-0.89200888606228501,0.64214234327997333,-0.21046183327272516,-0.39941177097051361,0.54484064470813398,-1.1373003804778112,0.14221724016228146,0.26941007803115347,-1.0936924871038518,-1.0210692026462795,0.70806049707586693,0.2794890615602395,-0.54516485142665105,-0.44161099993801012,-1.6887740465527465
13,2,-5.2908398214166574,-1.1451222719399075,0.82796807439810327,-0.53958394191866199,-0.97288777006803484,0.65890396012491903,-2.8943500915071705,-0.64849841355654214,1.8814199282126221,0.42434280824216603,-0.40577561877325818,0.2195219699360777,-1.0250518249067142,0.45673004586190497,1.7119446992595506,-1.2411592940381935,1.494797331255566,-0.049021992610698568,0.87620021117743663,-0.73293653415616722,-0.25572000724033911,0.13068098138022269,0.77530574208813308,-1.7701020826250291,-0.92712257542284049,-0.60935507408668088,0.89241283354064682,-1.8546188985697638,-0.40444456347242524,2.0401817475745316,-0.024448843267087694,0.016798697543522589,0.60481930399985495
13,3,-1.3948353256478592,-0.25667898171574172,0.42649107784514478,0.37434654634005493,-0.66459488308695436,0.28130885659294153,-1.30844612017019,-0.21093177549670639,-0.10335750437042805,0.69777570857346649,-1.1658369362047947,0.58556561218441838,1.5528876153845481,0.44610285115673992,0.57503064675224846,-0.087746486156025275,-0.34847755732556351,-0.24770660052150639,0.16651028681181912,0.77198681692283522,-0.6130511494040769,-0.65162789234081231,-0.63891574570985621,-0.15574116507975272,2.0401749963877753,-0.53425963741351568,-0.63568610383641166,-1.3238382409182565,0.24044229173009837,1.3683255826334275,2.2954601987120165,1.4154919498480407,-0.4046219135039632
13,4,-3.4521145053629589,-2.0912654071126497,0.00011758941168149522,1.0560490528459028,-0.76987267125808678,-0.077805417660551962,0.77629184639972404,-0.56377123737295687,-0.11688197118795807,-0.064288720419354101,0.98466133097813102,0.81798308160540067,0.71868615788260615,-0.81067178905999038,-1.3968957656932095,-1.1724495170961804,-0.14352775722015737,0.059013161000675135,-1.07015914340937,-1.0019962041493342,0.47576577359848771,0.43974472297567313,1.2659929600907409,0.37123124621662268,1.0711368531785972,0.2358328187116053,0.25390086147437818,-0.3111424586540793,1.372538550773601,-0.8352035818911826,0.19887999081801164,1.6054974832931241,-0.19416741384970945
13,5,-1.5085706360368059,1.26157308933849,0.19167792000831843,-1.0859395711355821,2.52488862111958,-0.2202796542402205,-1.6244425323970551,0.46323602779113493,0.76510931092543266,0.20491257783983444,-1.3878573776016094,1.1702764306189424,-0.24754404719653739,-0.12052410184413617,-0.25534498344841278,-0.17845997745832171,0.44435872047297786,0.12684287247141857,-0.43402228665013509,0.65762273389161308,0.70526824115170994,0.32265110069351433,-2.0981717937774156,0.70511031717555772,0.71898700094684287,-0.55926214354320791,-1.3753541271597509,0.17990057977115859,-1.2025520254758475,0.26368481691072992,-0.49889598536041496,-0.26207974333783629,0.99181455454668555
13,6,-3.5363616669550559,-1.412255359780096,-0.05353330905139829,0.010094489996217921,-2.428564488758755,-0.94222961907871372,-1.2272071094777059,1.2068163485343533,1.1225730285912567,-1.7115258127050201,-0.65947373420747146,-0.51402152235866316,0.0014683505234216949,-0.38553881629710368,-2.7295558584805488,-1.199458567349428,1.0128297316915276,-1.0483877369444088,0.08289885463701388,-2.1085396660754978,-0.28369651546801872,-0.93393144466460554,-0.54132622216588588,-0.023657417830502795,-1.0947832709684795,-1.1742130221002021,0.11856900653040857,1.631799838378251,0.67231329342105406,0.97247976139237791,-0.62276668815911385,0.50044644408294026,0.3014014458064912
13,7,-3.2180428872163485,-0.65975973311555014,1.3019989175097202,-1.1329810827329629,0.34993655709400906,-0.012986000330543588,-0.69509773437148725,0.21515596435334125,-0.37810149803929721,0.67063463570051352,-2.117057181105471,0.99674421494068455,0.43569152526032634,2.4954357981184527,1.1158963653338183,-0.64637468897474692,-1.1047897620035267,0.18532590269061866,0.49967871073198572,-0.038513079439238339,0.23161642876656516,-0.14015712351998327,0.47301487547458543,1.3481131181462873,-1.1182785953289009,-0.061988817130332205,0.95209056606597908,-0.51451943312909343,-0.72054363681748146,-1.0718938151947555,-0.12082154902893651,-0.084014118749404676,-1.8093128921014778
13,8,-3.5746352580733567,-1.6905700571068849,-0.67110674450207486,-0.67192179337685576,0.5580553342570429,0.10272549525790786,-0.52971267555354296,0.64026991716041126,-1.337953328872344,0.86260201941530701,1.0343857522852165,-2.0535408055067061,0.31640172613287743,1.406556975909381,1.473491695023984,0.38986815884558107,-0.44301411766386561,-0.14578173734519881,1.2278480510130967,-0.33931465256653287,1.0967594033166739,-0.58673323355653684,0.44303755853608923,-0.36841143700124546,0.10222997914183091,-0.75732589917955895,-0.54643828113121218,1.7699076490757779,0.26221547495820502,1.3252444822060485,0.026907049116226392,0.81307162534492494,-0.45327323338907549
13,9,-4.8424043645909727,0.42729508022368945,0.30188779615960959,-0.35994775686528679,-0.5063635986465933,-1.2058940170813575,-0.16251378351910423,1.2375755115838389,-1.6697593393278383,-0.53832494051803426,-0.57787959656933063,-0.3284946387984361,0.28140398781257264,0.84413162177097856,0.76693412522376514,-0.13390725157440264,0.96015239401940811,-1.0306523178264397,-1.309859455809953,0.3105535893319335,0.23531459078847444,0.82544927292655446,-0.92695525328112804,-0.25126263064186122,-2.2345974080508477,0.46221026956517808,0.21786104407984899,0.11237439545855567,0.28470129485739898,0.93947926698948336,-0.62557206367442741,-0.67583353382569011,2.2469774670784894
13,10,-4.2861987869684501,-1.0276352715507067,0.88156483985045342,0.26165876197705473,0.32991079493717701,-1.4119633056427321,-0.26731701475583719,0.30837818340588552,0.87828730539307309,-2.4653731572358359,0.14633854402031701,1.5197377428757848,0.4479587814234855,1.0098924914244871,0.4524060397947105,-0.66680148601726974,-0.22322084772903769,-0.43178802638399533,-1.3196165827405617,-0.70225081274037704,1.023153546349572,-1.6505234034627054,-1.391664174156505,0.10499532532846723,2.0106566545736007,0.1050308723175338,0.36350720670104048,0.57519026402207984,0.91488711074946549,-0.16536920320784398,0.13875991581950925,-0.36784659000108627,1.5583207756999138
14,1,-2.3970069107800107,-0.78726081187232333,1.345571762344115,0.049207465821630485,-0.25456738218274522,-0.65277302571410323,1.28455084384999,-0.50975483391777721,0.40933587272627331,0.82101583602366479,-1.1185787780759704,0.71023513511487801,0.68222509811452359,-0.64370779111379883,-0.99457727852522082,1.6700053474034482,1.3115166627084192,-0.071496038311270327,1.1595401433083254,0.082742023402811657,1.3547838514418169,-0.4856137722629002,0.2415748904269818,-0.87559646171742522,-0.35505324958240808,-0.51893453542069046,1.6484474746538698,-0.90954135152599924,1.6125526671410377,-1.7512952215012279,0.19196287367100998,-2.0493025943553946,-0.023777126000482676
14,2,1.1920579045304973,-0.5501500417319114,0.19453971338525083,1.0261977616713462,0.32087998928796208,0.23988201536125645,1.3828859202462371,-0.19295713131009007,-0.53677515802536047,-0.48549715125162107,-1.7542093262447864,-0.028053212865586225,-2.0334572351271465,-1.4042350609974759,-0.87608345616838967,0.8892369582534515,0.32108364490696101,-0.49607032193734274,0.54922926653146031,2.663358217295432,-1.3944276267681495,-0.63560405699525147,-0.83496102490579927,0.49446683328707386,-1.0409980973340984,-0.77639647897642783,-2.1353762381750063,1.1840554428068633,-0.30338429060961758,-0.38421578994867439,-0.18689467997021325,0.79380882450140944,-1.3709099030557297
14,3,1.9268123206173899,0.15865972719502111,-1.0578214595613609,-0.96412603912739214,0.49865232958203859,-1.6170028110405559,0.37782166427682795,0.24423717400408282,0.68909027744697404,0.24662052566073589,0.7234656669401649,0.68266659156896881,-1.3191054608200934,0.052086732617953206,-0.16905372445394165,0.19704691803748631,0.28357109068519892,0.69792090915746519,1.5589810544315212,-0.1192492704674554,0.1575721245586601,-0.73660935185965692,2.1405485390930141,1.5261516400877111,-1.5801794039388675,0.56190853691814502,-0.73224673993807898,-0.63855695861457051,0.070677554944314269,0.41947783182429271,0.29170075175361254,0.77202691258897049,0.81350318126516274
14,4,-1.2977167842815938,-0.55804988359969321,-0.28583143857655713,0.84499914375765162,-0.51612306915846751,0.43777488310347751,0.4625123372062494,-2.2675456547142887,-0.75645174414037986,-0.5749267581565024,-0.39150617127136139,0.74326081486777085,0.28284007314832194,-0.72467993922452667,0.17962725174169589,-0.32932570931166,-1.2481175664474122,-0.14292720467396169,0.19939379679894711,-1.8779468645490134,0.63654231661583749,-0.19943676772961416,-0.57594855471873863,2.4303701371880373,-0.95871452516354438,-1.110668770579716,-0.75988873080200459,1.302989522491744,-2.1621266143322218,-2.2426845827811173,-0.22237977506049944,1.4789802403615375,2.0655261512780685
14,5,-2.0680968017594852,0.291921271752214,0.72379170161509621,0.85118825521791275,-1.3046488203920243,-1.3884118080711738,1.1120916060526227,0.42286950406794738,1.1082642147656112,-1.7410670611432868,1.5960711025745595,1.6001234460521652,-0.55594646411501536,-0.54477310931562539,0.017375221752928913,-0.30829620851020539,0.14143615516116995,0.35175980333437046,-0.099387852481662958,0.38404107434713131,0.18969515578042639,-0.34082251476318182,0.29697854470764573,1.8049170844642963,-0.50171671134337725,-1.1828573940917504,0.4755001653429603,-0.37807919673970708,-0.31743371207066035,0.58587799700931464,0.24889822314026649,-0.14563992297619008,0.64338603815626361
14,6,2.92936941819034,-0.71978678222409576,-1.5626914250563873,0.88087250743694478,0.88304659025011623,-0.0074718039231603146,-0.42236914715355717,-1.1821861545146817,-0.10918945924118263,0.95810751134864069,0.0060162457939369526,0.083821174577534407,0.49838848783622053,-1.1840869267629732,0.17909595007217419,-1.3806660565257898,1.481209727174658,-0.93354705887176137,1.5866730944095198,0.2465781382420183,-0.30346608453442742,-0.55925997565879637,0.39240630583242503,0.49540189306909643,-1.1678467160933403,-0.31697532613586038,-1.9666674244262872,1.4667044101210378,0.8116967719192234,0.98864151516772203,0.12522209732025749,0.7698060660150251,0.1447742364302001
14,7,3.7679391624924397,-1.009835156214993,-2.2138000134716513,0.91511033795578589,0.091124321068681083,1.3347151019069452,-1.2124677062364937,-1.3133546236643827,0.5978347168904431,0.67184175996543016,-0.36589553866427549,0.68095639806660868,0.99028096193394644,1.5218353351736604,1.2917731972596413,0.61371995098761345,0.25648580734020887,0.022008171630407341,0.084426909299921818,-0.18346528160500886,-1.5777545767593253,-1.0254799747638346,-0.43672135461289768,-1.3335459533494509,-0.26133147597280892,1.4393624730986232,0.16521070271600977,0.65488665480796171,-0.011428116106040788,-1.6169969532368009,0.71221018331044927,-0.75416952621521505,0.33091663500291507
14,8,-1.165646644269293,-1.0892548674167395,-0.18930256201954335,-1.4916546107307054,-0.62509259540480233,-1.1449159935031623,-0.32149711229536149,-0.27745264460423213,-0.45259175460691309,-0.084885119893287064,-0.95871538985934091,-0.49496101183871816,0.76576294577955883,0.056995444132958206,-0.69727406163677774,0.39362559471602615,0.47923464335076355,0.19782570796140123,-0.73415818573036229,-0.61305942949839098,0.86635516733337259,-1.1646105805295348,0.82559602547448663,0.48659798701172341,-0.25891866627464649,0.55474313475740233,1.0253995849482436,-0.23313924801184313,-0.46965305846787925,-0.31825809887146472,0.37989341292892642,0.12678549697801575,-0.50626657664718622
14,9,-0.26846891820332308,0.35912229928854794,-1.5841883583944836,0.080759052127158365,-0.11265808666371069,-0.72632285658836659,-0.14164418304938112,0.11022206585742209,0.32714239966993308,1.1479179409984759,-1.154765840831856,0.76275092362710828,-0.91615903157216472,-0.53661321347526569,-0.66452116230700808,1.0847296143589742,0.18693748578912966,0.94909198868804501,0.71033089645587955,-0.56413290451348919,-1.1509625884030179,-0.090101283492522638,0.33558410223438534,-0.051911566479196869,-1.5362465101025122,-0.013103316428833349,0.6332304543139935,0.038041341868144132,-0.20960986823785929,-0.51418765744712458,-0.4403591108008823,-0.85367025605961011,-0.8811659434941389
14,10,1.146856155490017,-1.4720510008161167,-0.76866940029103303,0.32808124287783669,-0.53370590770364912,-1.5626312894598597,0.81284602736848488,0.58805590227772986,1.6627127050129737,-0.21903974844566437,-2.5695590856707309,0.24653246333728501,0.81496016552257533,0.059317420892861246,0.30113248104137774,0.5831331628622799,-0.69086769612721255,2.9608848861142425,1.5895594179272776,-1.135471531235887,0.87467312830223254,-1.3447431815352642,-0.76140720889214897,-0.44928425229590768,0.57622050795238888,-1.3022939834760892,-0.37337774129729778,-0.32854910970811763,0.80269252571227001,0.16526075606222673,0.28159322706344975,0.36753371332631618,-2.0510008589533633
15,1,1.1608327527681321,0.48822533251349426,0.8228497990912349,-1.0621491776228584,-0.10092088253421581,-0.30184602362962271,1.4761147935162124,-0.89285121506493836,1.1920968640062026,-1.0038576750740453,-1.0741513341910431,-0.069534570348478056,0.46250011335060381,0.39608310207792929,0.88067856758971386,0.89710495192483986,-0.02020503489781553,1.3811545547177937,0.8734708371480564,0.38928605804981714,0.52074882414047274,-1.1832878659505948,-0.15738879025819058,-0.4074496428504028,-0.3094871015828089,-0.046309209369097132,0.026224959002818196,-1.0732825335047183,0.94219577496329476,-2.402476653776497,2.0380674530272045,0.92379485298483688,-0.57973569454995766
15,2,-1.4713297344396961,-0.23303128700794712,-0.65648593157891888,-0.47173751390802809,0.27440957661954229,0.21752380489876544,0.10978336814838871,-0.94009247538892471,-2.5197819805097121,0.36169973249694459,0.080275899962407971,-0.75549397057388379,1.4095946938939095,1.6909593300606407,0.24374130710950259,-0.75388221053181315,0.64302718899505429,-0.30893668365085192,0.93394363613419418,3.5240418311706789,0.64231101967150506,1.623563060610014,0.24923283880665847,0.66891204330920728,-0.3738935638068836,0.65010658050432046,-1.3398827291629851,0.49991011373383398,0.46114113259233547,-0.66200295816976718,0.23415887048587752,0.61579716676236129,-0.50630683754846095
15,3,-4.3715073787553163,0.87196778197565705,0.60363723862780949,-1.1776322895412918,-0.99535948358265136,0.74243191696115896,0.36660273831096452,-0.49119578779980166,-0.70312305100894068,-0.57091868554986047,0.95029829636599483,-0.051761960210662955,1.1450319448555915,-1.4907585260476159,-0.68999193212606869,-0.54077278104132553,-2.1433944514221102,-1.2798347347946124,-0.67274471395754165,-0.10143067878498603,1.3164606039153219,0.69120378923145842,0.47310318966175069,-0.34757268174601058,0.35630016793349717,1.4304688364065603,0.26299081494094967,-0.03716145136469217,-1.9229958533052673,0.53244305472597209,0.93542945986539516,-0.5326163692193826,1.4664877389683344
15,4,-5.1531956550923672,-0.79189655245620805,1.6617912832751394,-1.1657735461786054,0.8090504685861668,0.72151035751668413,-0.23167580959385611,-0.17930194436341085,-0.13764407650931895,0.47282459887409034,0.32716903151922316,-0.3912032969779547,-0.5984047587738478,0.69149424721436958,-1.4340475861439486,1.9164253270763858,0.045807629173335335,0.14896084907376717,1.2670559205093554,1.3380422550789248,0.76097081971164959,0.038561661866677976,-2.3847838908992727,0.33963869261590185,1.4159601127456809,-0.5441088431762473,0.45569282969171754,2.5678880278343739,-1.1689496487135953,1.2038083528656309,0.6329959407964505,-0.708881391169918,-1.2723201596275633
15,5,-5.154732840210996,-1.0793403563049397,-0.25840654237575067,0.73395850130786355,-1.8222577590526248,0.31674232790435414,-1.183134765739575,-0.40241910380023171,0.16267156207078312,0.32760271009985431,0.63928811461872859,-0.69715959400829408,-1.0339780797386147,1.1773496306523463,-0.64727128328141437,-0.48896303597482599,1.1068611643125652,1.9695584785176463,-0.31851922156970397,0.11984945079819186,0.88301354493709427,-1.5747709772852636,-0.17928352585704241,-1.9461699257283123,0.56940296666379075,0.16379748510381106,-0.91901211326986487,0.39757058037118242,-0.73922984475040898,-1.0677328144305032,1.8861966742509608,-1.1266976869361511,-0.67106318818435806
15,6,-1.8845179475471507,0.56975710963534321,-0.119069075449327,1.7135953479436075,-0.37529425734539584,0.056236242803322477,-0.39480892829551356,1.2939876617234471,1.4206885430998824,0.53504361901279573,-0.96102576711456267,0.22991989776271488,0.6296690691854564,0.98169054873176587,-0.082297420135933691,0.67145411549580103,0.15688705451826454,-1.383228096709743,-1.4283107373076194,-0.17621423564037977,0.88767997520158071,0.24569966657872222,-0.076683390797575413,-0.64376572378306907,-0.63318409129284914,0.64654877063318594,1.6621546188913312,-0.25973797574106156,0.87569535786992747,0.29826340498574461,-0.23467605666509925,-1.9690102410597226,2.4020109545461996
15,7,-0.91103312184393936,0.26485796319004395,0.55383085081825079,-0.38765950989326386,0.16678878695442298,0.6686638535275341,0.47821736691248962,0.20912744294669386,-0.6793578928743309,1.0948739197100992,0.23559317130959576,0.7608711964720215,1.691268152982349,1.8325376472679715,-0.73698710428953473,-0.35236193120071829,-0.16156142161726256,-0.54088445784946348,0.027793233757631413,0.80491379535139063,-0.1627719848193992,-1.3481596782977994,1.0952763138700061,-0.32704870853924273,-0.49840499878689065,-0.35300042368177093,-0.55465635183850381,-0.38924192083417336,-1.0492790711144526,0.69708400369076895,0.55378053857772791,0.8808287692447333,-2.1236167558949557
15,8,-2.4483825402499906,-0.12494572780715804,-0.90627057802669142,-0.92435455095602981,-0.13523890306357503,-1.6731226213542241,0.017755788075832026,-1.7683946440596552,0.5019030001709015,-0.65678741254049355,-0.72675553768069956,0.14646431989614897,-1.1497940596012715,0.80592072179752949,1.7163779715597793,-0.22562026541260483,-0.3136676980333758,0.69257667167497938,0.58488272963324806,-1.2937522713560334,-0.80102357551704673,1.1518820619067529,0.30930154602806276,-0.89987826405554339,1.0990365838037839,0.57918296694163918,-1.463418735314101,1.9135931664244648,1.654939752946923,1.9114093288585805,1.90218633446899,0.326826849522459,0.090786777904300911
15,9,-1.7797002244320221,0.2653705865922999,-0.24924280478261604,0.41393733859813825,0.58054590890065372,-0.38957140846575516,-0.039789974836787881,-0.44106239542437886,-0.12651317681184868,-1.1312251178919419,1.0614909851447316,-1.5915993953335721,-1.2278626251338849,0.045522840744181059,0.74484568152962372,-1.2392593102703409,0.56951732585744119,-0.078587539628715161,-0.42680106679850743,1.6389365826426499,0.69825161101630961,0.92514308534392398,-0.70739347748064718,0.88865440230749759,0.77468562499313665,0.67233465032272532,0.54097054559152002,-2.4006000602943787,-0.33069650804969242,2.9204570646288643,1.4651339222553752,-0.27028242716987144,0.22260517865835672
15,10,-3.486677269158152,-0.8356881313644865,0.20664366872492201,-0.017877935052844386,1.700708914305066,-0.19882109499314016,-1.4071537622240715,-0.2234989713792358,-1.9737083663699706,-0.22780966824727256,0.080074459539977244,-0.71381262769451481,-0.58028574131354715,1.1204586591589021,-1.1136944479578375,-1.114425730818019,0.44323302611016657,0.57728308980109844,0.16140997721216577,1.4473883742996418,-1.6001524079531451,1.1048593696084696,1.0062913598899628,-0.21171508762766988,-0.56087925388289961,-1.0550249459009398,1.2910554274240549,1.554898140067478,-0.99200440505000953,-0.46214557297647213,1.8998280234457641,0.46964143848074535,0.46780077641832168
16,1,3.590681462488317,-0.38263832361287892,-0.57584182093754921,1.7696619581452657,-1.3911101457459283,0.48826659908502279,0.24246037755333574,0.046187448562838976,0.20242033509452795,0.037811766487348554,0.40828082524351833,1.1304946863344176,-0.64449705484527064,-0.78688584401630379,0.60269960938654121,-0.83985687238799667,0.34328901331626976,-0.80889682445235078,0.4940007695121974,0.58074649429854219,0.31531328465866382,-1.3733470599580433,-0.93569232327769136,-0.25818538567993765,-2.2674473219135853,0.82335411113678425,0.9282387122119693,-0.14601005214729493,0.15599820468601483,-0.64081773059927694,0.35633170299726574,2.4491199928237144,-1.3335705183308257
16,2,4.5666361658536063,1.6392902832492298,0.23471081503575136,-0.12968904767445188,1.2340803756118177,0.34109027337377834,-1.3123142033279653,-0.30581374197666777,0.20069172457183918,-0.79984243651617282,0.16662930811359433,-0.50755748931626921,-0.78989784986058897,-0.83265991428537778,0.30292582250979899,-0.092432436626563683,-0.35027338947979464,0.49066189221432299,-1.402446255111264,-0.58126412202037148,1.1184102557154842,-0.43142708049770545,0.75110153676731151,-1.7818428339577173,1.2750179869571512,-0.3777379382182145,1.906111756135666,-1.1809559511487082,-0.066909691014714542,0.63309117137717841,1.5886219046050407,0.62441810346340676,-1.8707039231028284
16,3,0.12648135862490029,1.014076863855091,0.0038704989481971536,-1.3782828172993276,0.92354850425782919,-1.0742083718886637,0.28291637445215018,0.27646431404369753,-0.19057210329456023,0.46397016546757319,-0.28716531652911387,-0.0070864278275588376,0.40473000319660007,-1.0147808371443212,-0.26968716480436328,1.1726944900417644,-1.2425366253037893,2.4875673954213831,0.98587040225435085,-0.1765846039976873,-1.4225445056441468,1.4789291344691682,0.54465960595447771,1.5965432528144778,-0.64552653871660737,-0.85342417397436665,-0.61256720894950745,-0.66788130332645712,0.978202313174108,-0.38343038040657179,-0.51608145230531466,-0.53724156011035717,0.77762945837274833
16,4,-3.5682751742112595,0.90460151605529471,1.5284119828835179,-0.71220933135071074,-0.58009130013047394,2.245619534879677,-0.34582543356832973,0.40970308669024502,0.50432880921272916,-0.45323271842055585,0.059289692418640481,0.23566376284864615,-0.47630856642866121,0.18539631187421274,0.030911505146151121,0.34378294069985155,1.336046046594513,1.6769559409719725,-1.6667666244550083,-0.12845415594293799,-0.32061273867581064,0.023247413498247244,0.29862460517993195,-0.53221130954219475,0.57287642461011656,0.66750244139517567,-0.31834637672732202,0.69844265106865389,-0.25768536277537574,-0.45891432661759995,1.0897325011639534,-1.1127908135186551,-0.25709018442383658
16,5,-2.3627648525803777,-0.99275408342353155,-0.92346557236028015,0.54745337051129594,-0.14898651792942005,0.87687999418600249,-0.60562080688821252,-0.51966340496287389,-0.49010798038939563,1.0926670751466041,-0.063536054458927377,-0.14257520504088866,-0.93002145082190346,-0.51424372552980879,-1.7756091535223695,-0.58265513110528111,-0.91123484427844936,0.95768523757772273,-0.4810849466048393,0.51597918844275648,-0.68877886700354807,-0.18431033154871326,-1.7697159903696202,0.19492144703244468,0.3812038231812066,-1.1060255991701036,0.0058140507029633744,0.15561799609293486,1.3235870554465168,-0.29633278000907137,0.48955824970311362,0.043542830756037251,0.23004597710794453
16,6,1.4934595805405064,1.1172191097810302,0.15927897172051592,0.84006251208778226,-0.80286864453943985,0.39848381983935688,0.86151245933297438,1.8254585643210621,-0.042655648373611917,-0.86429591766815228,0.64458763441834355,-0.19444842391248768,-0.021161445064468935,0.44988457208722737,1.7341267247810135,-0.79311304486942857,-0.61667515608593682,0.94432429369725923,-1.5229567638127275,0.59119391620782158,-1.0962579090539946,0.4466475878827858,1.2457940924266588,-0.39454456929339776,0.013757145025501684,0.35541719663683724,1.3647380886335094,-1.2224150830321843,1.3698657908094094,-0.25796739846282835,2.2038714328646503,0.49893808663625444,0.71998152505337254
16,7,-0.11319641072187181,-0.13853716536344829,-0.26692478984279611,1.3228002329112916,-0.56607896105009647,0.22543130259084815,-0.65391679110438061,-2.289491152954275,0.017426148491094941,-0.74771889886582488,-0.022180517633901258,-0.93655682129906614,-1.0282114179938282,-0.63010113890933006,-0.88086047614861585,-0.90924443677190481,-0.7167554453159104,0.10767376128871876,0.63901482670197851,-0.12423929206223432,-0.34030650441083637,-1.1589270856083689,0.41909680079983108,0.37249576255943956,-0.83350460762362755,-0.98907325333088469,-0.43545591355808877,-1.1648727981824616,0.83183790783213751,-0.43390269047182906,1.8841046634494418,-0.17913353301673271,0.13206269331877279
16,8,-2.5346056593836628,-0.86777028276877788,-0.21575682247294187,-0.019244422598203553,-0.69890313014203698,-0.18820819743670894,0.62885049442171204,-0.92203228996434761,0.065881306361594644,0.8472638751084971,0.254665241532951,0.98425336726750723,-0.96521744018347322,-0.084330979189113156,1.3517964016208066,0.73460315983018953,0.12930943219317378,0.3533057641158317,-1.0964673083097458,0.39383882003049547,1.2276877717578329,-1.7386133316728962,0.24696469050014067,2.0928283743362353,-0.50469284380655277,-0.96819136054073129,0.84363866052635894,-1.1083339146740125,0.52887306188885108,3.1511150221191215,0.94713927022068356,0.33286063883283301,-0.013199923901576502
16,9,-7.1215046099752879,-2.3308254139724989,-0.36411796429958865,-1.2554385741892886,0.10132745684469882,0.057467981235113409,-1.3860102942272226,-0.5233316110491617,-1.8463079471115504,0.6226073344423827,0.0070954005574771469,-1.4526985131048813,0.53547193000696991,-0.88178956130299868,0.027140485313551652,-2.7624788942949006,0.35497013416212952,-0.12674434739615237,-1.6171816388925317,1.0397111117229074,2.5271232646448665,0.12026777965453139,-1.1144241723401476,1.5785715761691312,0.57608218105817832,0.70730464290623807,-0.60422087860236029,0.80894244107749524,-1.0125811228689581,-1.0171710672779812,0.83257476562676669,-0.9987557563374605,1.290277530670229
16,10,-4.1552530797831349,-0.23435892424780577,1.8704390518816132,-1.542610117250806,1.0161965511618558,-0.65252740811631194,-0.046023822202967794,1.0569832711004099,-1.533292634723483,-1.6169393341241318,0.71884728490071637,-1.5864385757961428,2.0246719058626867,-2.2437748888285665,-0.11702408527181631,-0.1691504999743656,-1.7597218862135064,1.4891180724166229,0.70729029808834432,0.030580239180506397,-0.40000883281114569,1.3703552205758502,0.12746315897016675,0.40582609512440632,-0.60762259625018955,0.54792857257468386,-0.91394169225177613,0.74137864041470758,-0.66913062075900021,-1.4721604614147936,0.45318869276267193,-0.54152016211901866,-0.66663000388847404
17,1,-1.3234364522424553,-0.97564024089083878,-1.4657025937190871,1.212966054210814,0.39516739953134788,-0.096722174422103582,-0.76608729122165908,1.6895126969318142,-1.5758725245591227,-0.74496931862200888,-0.024325592734261377,-2.6550515554327889,-0.42133548899177431,-0.053346574818095779,-1.3188499609874667,-0.38998996024493426,-1.1110622895933568,-0.40252055904380579,-0.67012805935824693,-0.71321862857557106,0.63445303666473618,-0.38505211191748123,1.1083396489830171,-0.31841890166903564,-1.0789989613036595,0.35946795960583211,-0.41587863883809928,-0.38138346920159455,-0.90868604536296682,0.79355035578527,0.58226854645003023,-1.8419873063265744,0.44544926907791249
17,2,2.9620070208444811,-0.11910859200362303,0.96154633195965256,0.037449929656136645,-0.88082615241411422,0.09767285354943403,-0.18228808831150572,-0.081585223869101969,0.60718655322303194,-0.71888174258523252,0.24153731956727101,0.070610500819789646,-1.6366840902748296,0.65684177512924613,0.082835032396474079,-1.1734584661265681,0.77248091985805556,0.28376709982451137,-0.24009403341195901,-0.89528345636930362,0.94179024701148006,-0.15257901931222176,-1.5324808391949245,1.8124528924031575,0.33692399291265279,-0.91978919166479423,0.74738405008282549,0.42901058778390783,0.75007798511559276,0.47221320568583092,-0.5835910856324612,0.20370916141752524,-2.1866856836249529
17,3,-0.91983649769691156,-0.14455767541880638,1.1360799713902647,1.0716477346617681,1.1895467907080362,2.3400992501842754,1.8361107964780783,-0.17028572640369116,-0.84381374592806357,1.1420601095978877,0.041491340612593887,-0.58872691736033644,-0.94262090291225042,-0.61151812871744382,0.25790366181221425,-1.3923514727069624,-1.381032283928016,0.66054406887950101,-1.0681245791788265,2.1813464659650901,1.5154821632017808,-0.1588283330337642,0.29435824547756562,-0.25989438174275203,0.034528300896814641,1.1175078603111042,-0.12219174376177895,-0.21461751813422633,0.7817447291897196,-0.22673412283428854,1.6623210688111985,-0.64029188439133655,0.1745515804573961
17,4,0.10010045162530462,-0.98397192738451533,-2.1168146679935456,-0.16652524314946482,0.81372068000782727,-0.087544687957584855,-0.030295721107074538,-2.0667213747629312,-0.42790866735774996,-1.3797034366715999,0.50000858693120365,-1.0957258468660478,-0.046557602716012322,0.91481627959584522,0.46397015276771642,0.31253162656407868,-1.4685832029811055,0.16155352230050002,-1.1478846877176572,1.6955283164725869,-0.12895646649020889,-0.17588173433008977,0.46642344286179904,1.0760338579844977,-1.5666132259968315,-1.298359271629367,1.1453729819187874,-1.0754800696937699,-0.51640616379980986,0.56311680463437208,-0.9246764612814542,-0.016954148962444349,-1.0488632012667003
17,5,-1.8662275749717838,0.28469810675568791,-0.078986744094114006,-0.087076835230145241,-0.38894595433378548,0.019595522899580518,-0.58529064096273109,-0.68211148729646598,-0.5031302695070865,-0.22609277627785279,0.25738309574933738,1.478288350295959,-0.91066904751854971,-0.35479729819219635,-0.1499910533861728,-0.28528505972988916,0.4764021792086332,0.93747962192343559,-1.0171272926328045,0.071620189146512608,-0.23927294441301142,2.0452694164844551,-0.84135701129844354,-1.2348675852535898,2.4918224982563748,-0.47935562611395061,-0.40677086661539263,0.17359816090493102,-0.58429619477739347,0.3983757429083179,-0.98884041723329863,-1.0434958987912251,2.3567580281963338
17,6,-2.4701597980310885,-0.31327841678018842,-1.2935543491859951,-0.38150389769504461,-1.6232886596102711,-0.31355769694009994,-1.0596129054078858,1.6932395682798678,0.034724483287807993,-0.92973739630228258,1.2720993005772585,-0.64443502167350353,-0.11447987986262126,-0.091822391524677097,0.48142609284894783,-0.85600372293501337,-0.44018073486549969,-1.2548585597964774,0.044517831058781501,0.40650680556339525,-0.48103122507129348,-0.10961507915290225,0.13256485312165289,1.0685033077814594,-1.57546691148353,-0.47842990771013444,-0.66297472623600118,-0.24727915707473183,-0.91584085482757749,-0.53259933830833361,0.74499863114597653,0.10855812934857191,0.59612586122437106
17,7,-3.5126252434901257,-1.0484929522674031,0.55972557205475471,-0.50348676529237735,1.1867907225068084,-0.11097080239256032,-0.56378259541306186,0.034681904360177443,0.49696029275678211,-0.40019624235192386,-0.28188616705236863,0.62242085124827207,-0.99251479596558423,-0.40691490573389733,1.2922799753940801,0.22974890823152844,0.13563132151766669,1.4146202425471928,-0.23592198403261838,-1.6475362680517367,-0.12005470937604566,2.4340306997364465,0.27946811836757318,-1.7073909200170296,-0.081990733434965032,0.36807931638448016,0.31396280928493248,-1.6701358229572998,-2.0608171964120277,-1.5618117589190774,1.0527930643380332,0.0077572519111682552,1.4652715733056114
17,8,2.6955725542192868,0.048116334125992304,0.13688608767984095,1.5588774007302988,1.1092747699627177,0.13266650133959323,-0.16027908704201688,2.3713471506700659,0.23277122353443308,-1.0036007624183558,-0.89310353250246544,-0.33956019549689803,0.81145393269198463,-1.0552479446882739,0.44576449138232216,1.0841203552713126,0.20478557176892576,-0.69395234270018225,-0.38544690510248653,1.62274761986076,0.062241768002703625,0.30002332029538153,-0.077538403637151462,-1.1522780820080285,-0.59865870447153069,1.2450873047276518,1.2607860440437288,-1.5694923059394466,1.4351119018063339,0.92402278847282637,0.27250913369361235,-0.50199084301591401,-1.3708956988992473
17,9,-1.8831549890102048,-1.1830027116629156,-0.20668704179157821,1.277633840305467,0.36646423582697718,-0.84849175035826896,-0.028721333536012247,-2.9198863300074933,-0.16212926180370216,-1.1998729681143527,2.0532589902616727,-0.0002830925288383636,2.0104068444059822,1.321861515770794,0.089272375099872611,-0.13318098396872871,-1.7348438517992042,0.43159903463291827,1.29902983012785,-0.4852962944509584,1.6673838401177437,-0.56926774876793007,-1.6421974917962736,-0.1569122480594243,1.087034136715695,-0.27661834644100197,0.56509853694107737,0.81254111571855459,1.2503463406793887,-0.37870309383993683,-1.0005430516110054,-0.76806707114651063,2.0758664711150274
17,10,4.399529264704868,2.2165475304372464,-1.3114747831843403,-0.29773267119358804,0.077447859017141352,-0.62889274603050727,0.099903381872654684,-0.18242086259832629,0.88273822438136473,1.3895552759798597,0.27505823115055844,1.1173178442614284,0.25959100942448943,-0.31831186694778529,-0.12893437093357987,0.76799303618505321,0.10837087919289751,-0.84072863361018946,-0.52208419405093986,1.4721861032177499,-0.38956105065791152,-0.4784734593587458,-1.1480538263897817,0.93094130662338326,-0.28289374075608081,0.19787596226215329,0.90005902042041064,1.1324830239778103,-1.6276891938534706,-1.0208464498964547,-0.98235070148549108,-0.22609538140730207,-0.78386571145025885
18,1,-3.6328099868692614,-1.9215239102736197,1.9878515127716996,0.20348195347363021,0.75909156680113521,1.5089700004675111,0.8721173341034042,-0.41978698351296329,-1.1803253699317513,-1.3484220117041219,-0.14128800645639644,1.0135297517115991,-0.69770985856772283,-0.92358029989731816,-0.68260703049175708,-0.070621217114309021,-1.5335380556618632,-0.12951273631256324,-0.097468345071837909,-0.74108862335721815,-0.78689085620746002,0.25538280088332649,0.322491634292351,-1.7971416159362643,-0.40028719322068301,1.7142447640042102,0.14949772164419711,-0.2677472621179815,-1.6306984562854396,-1.3962516642193625,1.8576161101629858,-0.40840775375258903,0.72174026326723506
18,2,-0.99374241738235869,-0.26845361382772359,0.33769952741306569,-0.55968955701969769,-0.69949820984803868,0.0074171952374304777,1.1371509167304219,0.035752976460180483,-1.7441055973670521,0.76935294512028307,-0.73849968418180123,0.30581985025726505,-0.80903584538243412,-0.44200776919651968,-1.0683942920118097,0.011906542871902959,-0.38661550761111724,-0.047822431819515482,1.216132779252991,-0.70786765391929451,2.298161908617967,0.37375669434558595,0.62344502194166718,-0.072491948447156757,-0.52827280119472309,0.84452796904206917,-1.0075389614357231,0.81773453947863939,-0.063277691149972976,-2.0750238947133757,-0.26547789071204486,-1.2803236354325422,-1.0865504826048189
18,3,-0.84765150846713366,0.72444806662621897,0.70881773816323901,0.73904017978823711,0.02947685337999743,-0.15456773747619673,-0.70099261140275548,0.74204701130460127,0.27581461064890583,0.53744673810817245,0.097482641197806003,-0.90244917066579833,-1.197165327236726,0.4954612762279817,0.7317737028374226,-0.027193399023861725,-0.76565602650867459,-0.28164489752173621,0.48883001883644239,-0.48022966650496923,0.028302236627792438,2.1210403485055611,0.94020560580724999,1.3184972146717202,-0.27487162061385051,-0.66680166002275276,-1.2655100097718448,-0.95917254694134679,-0.48993584801043794,0.98688166025880386,-1.0001154978459206,-0.75081698793431662,1.8739552543461173
18,4,-3.0087278835130471,-1.1231703982395176,0.15005099288335058,0.57450385970189632,0.68491646144652574,-0.53611924044181858,1.051290968745616,2.5384017546175528,-0.48114940264214728,-0.70537572634775991,-0.06326247788853763,-1.1686945597228515,-0.41074449600913249,0.23185537902618336,0.72577254802693747,-0.51420101411015662,0.73679063895002184,1.5305424407940345,1.6042065028104273,-1.0995076095012701,0.29928540097288375,-0.6943685867254431,1.0858776125620675,-1.3000287213643904,0.72613034745116778,1.2360038639450428,-1.0175833296077468,0.91219856803273369,-0.29062544470488777,1.149049507273791,0.057082406920784375,-1.275464577442496,0.011238875262293686
18,5,-1.054649470836571,0.24772401128611346,1.7788752831095513,-0.92046464778381132,-0.33603149556704082,2.3280554225824757,-0.56170845220532462,0.42171259460196975,-0.24420017911648889,-0.72372421435110867,0.40367402081669407,-0.77646147101923602,0.68320514382454689,-0.23791891962392936,-0.33358418256757477,1.2474412761614921,1.6489805010955105,-0.64471424797674848,-0.20709364939141339,-1.188062880724754,-1.9926691919400337,0.3267767759140372,-0.69740702005974597,1.2326129801816854,0.03082876708732819,0.5670448252438951,1.108283081987919,-1.0065520804918404,3.2298711918084404,-1.5236129533779379,-0.63765201880612288,-0.17590263099652081,0.80387747213966765
18,6,3.0846796518909003,1.2526399806101618,-0.71401552637489629,-0.41500684063218191,0.63388952338734639,-0.35399555523961085,0.42399919180617518,-0.36242574140943862,1.7741213390383757,0.45454508689488354,-0.59273469487749419,-0.89846907817585064,-0.3198958774731786,-0.33595178424067468,0.7914343628298246,-0.73818407096507743,1.2308568064146055,1.1175584756214259,-1.2152379248948066,-0.83346155504621156,0.65886869525254343,-0.23694218821009089,1.7792153040365453,-0.14629907107165779,-0.83352295770924378,1.013299182689549,-0.16135156354888164,1.3432262770423991,0.088218001650840733,-1.4552229814507351,-0.24066035039372344,0.060954297203355851,0.57932311494759092
18,7,3.7790223566224554,0.41208683641344929,-0.12593147918953332,2.4492861658343386,1.3727608157236943,-0.4959344721630301,0.57303664863279102,-0.14076654461943761,0.44010536550357543,0.016898805349343352,-1.0706656258384724,0.14619355303716478,-0.65797580402679701,-0.85572945690701041,0.18402587522640587,1.3558998395806277,0.98352185589188124,-0.85496325947113172,0.31582496587652231,0.10029577827944296,1.2897102021691753,-0.16627660543829037,0.053067031061075132,0.12367968430103289,0.71321869213541988,3.0841221517818935,1.3862743230145336,0.18431896544594681,-1.6421895268318216,0.79054270136361604,-0.52039091899185375,-0.42134471616537855,1.8568581395176604
18,8,-3.8676850940794969,-2.8221609122612255,-0.20317257200197505,-0.29100234689560633,-1.451687158403967,-0.9626664138934089,1.7124877644366432,-0.10108583965841619,0.48860497856416657,-0.26525494221234491,-0.94120770937330211,-0.94225259693056318,-0.02942512391135766,1.655058571960484,-1.0311801809253502,-2.1652448184380875,-2.0713029242913072,0.22509307720872787,0.017664997256668306,-0.21968086393624772,0.36504398273099475,-2.2123699046472631,-1.0178383402330833,2.0637337206412458,-0.73585606409634829,-0.1656879194432529,1.036209747018666,1.8593326591365575,-1.8591661134039061,-1.9467481612181747,0.58310876085379604,-0.28949206317332293,-1.4361582068093011
18,9,1.4027054884824097,0.31328062206834029,0.41897518070752593,0.47344666083787934,-0.20151562474035495,-0.99948013710699335,0.77002345692662799,-0.30504231676485777,-1.0126808823347249,0.23512232549643491,1.2749462206187496,0.058085511861589292,0.70167397881613403,1.4640518207112059,-0.47546318233455437,0.69888783818817801,-0.077162409472946197,-0.21224391646593613,0.81849985417687166,-1.5954725759195225,0.13715973896070788,1.3555068835133144,-0.86206898252333486,0.39058102004162715,-0.65596625767632399,0.92863533210776839,1.2005392384977764,0.00055247825796583849,-0.46528691693023855,-0.12755307084932671,-2.4244217319381236,1.7079747475885037,0.86558060130146919
18,10,-0.72942061014385928,-0.29708323517320528,0.8416431135842225,-1.0007981030604765,-0.34053205110800056,1.2849196808046619,0.067714198918817289,-1.4083510698998354,-0.054911189037120868,-0.46266856006973406,-1.5903332770942917,0.7382840389923655,0.14984711202951725,0.73697595412311501,-0.58665309657873088,0.2510129918578054,-1.284642639049399,1.1145395517757521,-0.23906589456380589,-0.25005096012489325,0.076605570951783053,-1.0240074191862312,1.7189906937354589,-3.0465417687452394,-0.29348675465862767,0.17030610388945513,-1.0635034170587021,-0.52623752449732208,0.79700148221813172,-1.0519211900575485,0.60841731473852612,-0.15892510112302444,-0.86731999870121568
19,1,7.7536185276601,1.6249172958337161,-1.5360090348962303,2.3786567452784029,-0.78172199858724389,-1.2438823776294834,1.0677681243631505,0.012403039639592786,-1.4060590194064659,-0.82096744713835368,-0.74479413992379151,-1.3699785445468633,-0.66794366547193085,1.2149814855583767,-1.2334750384193818,0.75917737913879446,0.78357255308157969,1.4888143830322349,0.40195621964985223,0.66110182110792615,-0.24969383926320859,-1.8239863242897778,1.3783484490718956,0.16129584856424956,1.0191716532369643,-1.3524133348106764,0.1449697371622099,-1.4776648939088324,-2.5756112654437899,-0.051298758049161501,-0.40072790737747815,1.4898188679050268,1.2878004531485061
19,2,-0.019790252826933197,-0.15288829268212523,0.23718868603110888,0.21299953173993491,-1.3282971810055115,0.56007950407640117,-0.45646716270147614,-0.30346588752439196,-1.2611009445404755,0.20110248399272435,-0.97761825037659233,0.43500253280773749,-1.1172140297808149,1.5462848740235047,0.10337095490136605,-1.567215269944864,-0.10333419378510118,1.8781428186067701,-0.71854739667961065,0.029827149033823164,1.9793738559434733,1.854413055739784,-1.0705275175683255,0.3402112658764449,0.98561446489614568,-1.2495646200537367,-0.02125841141472223,1.4578614519623463,1.125001976713188,-0.20300422033151874,0.38419399749535821,-0.25919341621825981,2.0054474547590484
19,3,-2.6959317795661772,-0.66889180467718923,0.71981911104565854,-1.6213348165447155,-2.2775725411589653,-1.3951474152004444,0.70323717858500279,-0.69794504601574792,0.71274413947814441,-0.26382903977134692,0.2068353716890341,0.018323946107175602,-0.41680840705789429,-1.6561929593385216,0.63595473215160114,-1.1924997208215511,-1.4190898363879472,1.4285698783398739,-1.2811445329397875,0.38447143383572369,0.11529544701839206,-0.71318193687922171,-0.73883118388000701,0.42384548811076628,0.13177902959117804,0.72078202079857379,-0.38780687752498239,-1.6190973052544744,0.41457409873612344,-1.0727406204869536,1.135269566865555,0.2899043807442731,-0.46887529429374564
19,4,-0.83667544192268495,-0.16884725181414495,0.53088389875059605,-1.5758645288248019,-0.1737164791582432,1.8039460326841543,-1.2238472373320393,1.3134501103016245,-0.93783094481914442,-0.83965907519733385,1.4893037218396021,-2.395188841472379,1.2543510496687285,0.93991070514106334,1.07960882157519,-0.52300346422424493,1.3995551736368734,-0.1597630690428995,0.38565916358409291,-0.04359718119074741,1.1381869520882368,0.28759484189161105,-2.2587545478132025,-0.12302920226321309,1.2588384584456065,2.6577580338898934,-0.64968513558638075,0.34635956622254938,0.9020531408005803,0.52180985883206321,0.52419778832985264,0.3388577206665952,1.7464675136309946
19,5,-0.86530821602269059,-0.10258666139832055,0.051432135605810128,-0.81084925352526638,0.7537268077835273,0.36049159508505485,1.1895401124908811,1.0973891342068944,0.16657567337515544,-0.71077709818052104,-1.8506400824642577,-0.75066840473882235,0.92064528222448982,1.7972118087827107,0.57199892725692869,-0.62473117162862668,-0.60171112424127449,0.50858186579509501,1.2597984350417422,0.89105541977326597,1.624015073840825,-0.84733339809320141,-0.019685919806960561,-1.1011882994562865,-0.33669494018044327,-0.16192888207399883,1.1794464207800515,0.22470699043868927,-2.091801575929594,1.5233971151395127,-0.71482745193493302,-1.2620496464469511,1.0626593877642578
19,6,4.4029305784316577,0.83873706529078462,-0.064103577323068192,-1.2232237444360545,1.815400595575045,1.4260741260545837,-1.7743413996971515,-0.47923486486618777,-0.57509224260458558,0.023815607806978483,0.54514197434042344,1.2226233657626162,0.98166529348253861,0.31861769848672566,-0.9781008333632919,0.17562413985431918,-0.73056700251751217,-0.8043860172493098,-0.28898111381855601,-1.2571104281566376,-1.2299495544385355,-0.82696517713055118,-0.97349874021551241,2.4094909223659715,1.164935171687987,0.26625583607568343,-0.92955452894613511,1.1271722860368971,-1.3510879494963515,-0.18222556401124987,-0.39394533750300076,0.066737500092788102,-0.85293545024123929
19,7,-2.8390435781428858,-3.2583736502286862,-1.6712581386012784,0.30476919352524462,0.90967198604567023,-1.0448862059441193,0.80237393085608966,0.37415419461069349,-0.7417065368419129,-0.022950387800622293,0.74318423386697097,0.52406839697341157,0.37876472622998653,-0.19875871325438341,-0.59309841627711657,0.32451707528028845,1.2211656415345238,0.61813730989937155,1.1539502842540981,1.9813501578930899,0.58952460282618924,0.17109948365069125,-0.22942252424347057,1.7069256304982738,-0.62591731361436964,-2.0257657885110709,-0.092132002499278831,-1.299578867029515,-0.3246064570545924,0.29549944656523963,0.57782654265279976,-0.11451035927676599,1.2597673577062201
19,8,-0.96847912131747416,-0.37991490165780401,-0.48552634338047873,-0.94999516106590831,-0.14973070130424729,-0.36863094493385135,-0.80386720407390855,-1.3251713146123485,-0.55298527436691369,-0.055962640642201508,0.67385861771223587,0.41347980281132007,1.9775476765011737,-0.07025493364089419,-0.77920990346274599,-0.92454229862074,0.73378730180568563,0.041618220108175979,0.01813725891302587,-0.84693940746432073,1.6281249360348669,-1.1082971190566249,0.086106752263207853,-0.43330350552785041,-0.31788754761706545,-0.11723679135832271,0.40654656692357127,0.60118257933239871,-0.73778797207640168,-2.3714478641368522,-0.6699122279099905,-0.1176870424429451,0.29950110447537437
19,9,1.8387257878418855,0.036412139574364372,-1.1013279158396805,-0.85298867432894898,0.59144036984232018,-0.28792166295060356,-0.45919965416465858,-1.6573263774209459,-1.7069206173247171,2.9017067113415087,0.61307400831535341,-1.1137083241490249,1.0334047036283815,-2.0182800201181919,0.44610593979596247,-0.15221126536730989,0.5574713928146543,-0.78619054721730441,-0.19670207895422406,-0.55610206748626123,0.60432998954122985,0.27497583124212749,0.55953949091795474,-0.11625965961573588,1.5995855432057835,0.97210263991765744,-0.70599028696209043,0.2659434503942355,-0.72172570532171276,0.72633269972406844,0.52830579629879382,0.4409346290611727,0.30089152752519688
19,10,5.1535934721001615,0.67201248152980586,-0.52761774907396963,-0.14391336739630706,-0.6300924579393854,0.16891629719231521,-0.72725623598178524,-1.3970599851788135,0.94840872599497661,0.07390324306079217,1.1250939143900827,0.65204685045413746,-0.51821498639270225,-1.747124292376983,-0.024017493464594159,0.23167303921513202,-0.58828579033763206,-1.1270873683584213,-0.087134524870961849,-0.24908396520758627,0.82192186088253538,-0.34810427247035153,2.5410564243391494,-0.44217366074709075,0.99640623570478282,-0.80189226883824694,1.7388832194956494,-0.64606819988324737,-0.65713652071469397,0.21334422225304267,-0.31276397719040039,1.2079470226752245,-0.17382928034856632
20,1,4.8954358370672342,1.0910481101085836,-0.61683035840471445,0.82347689780573896,0.49098551123149498,-1.6104077178807765,-1.2423455184439569,0.40474894174607723,-0.48944743914989364,0.76765160357597362,-0.1412667816191121,-0.5661523507878814,-1.1123444162541862,0.59881390369531062,0.049491489835849535,0.4378577541806663,-0.38030328412624798,-0.61068814475474165,-0.25581735211367718,0.037408558913726637,0.078785728823709392,0.47103613088219964,-0.66972088539188634,-0.67107937014797259,-0.9349013032761202,0.55749335278122558,0.63007205669843713,-0.96496119661182078,0.89815607818810117,1.0621426309095992,-2.0715083697865744,-0.47082289408946498,0.79799906029542533
20,2,4.0691850460800794,1.4077223775159298,1.4747629452396338,-0.19462215423695939,0.5605785880848585,0.58265619596061202,0.49522763069638265,-0.64885626149304687,0.15717852193148901,-1.0597957232624788,-0.19893765243220207,-0.12084009200367721,0.30879445340175454,-1.6454008181789317,2.9279071514758694,0.6258686894582941,0.39319204399447344,0.089429205981790064,0.74066476034959872,-1.0535272749696039,1.2090584336683572,1.3541859529141056,0.054045703742859795,0.72008926018019825,-1.8121950995409004,0.62054590435807522,-1.4863090734083344,-0.56868029813562537,-0.45446619768681973,0.19176854520119058,-0.44679072990410296,-0.72757075556784001,-2.0157276194970484
20,3,-3.2673259713946239,-1.7199669622004894,0.078736538950222604,-0.34405730603725598,-0.0074065136832633322,-1.9339121205236454,-0.035224810647737366,1.6142634755100891,-0.3553970369292011,0.58281904938241935,-0.093637227250243774,0.58037647046304486,1.0822015234481339,1.0033374163352229,-0.027639060069474176,0.1910415291182618,1.6197320706682425,-0.019210530763970734,-1.8924328373102055,-0.23731613649941344,-0.55808346586072488,1.3765956971804929,1.3562557059665958,-0.23819315016753126,0.21142933009738193,-0.69316021707787634,-0.63954279013525694,0.071516681830809392,0.86523119553788685,0.53152917104138386,-0.83857901439128502,-0.74051693829305287,-0.44376545739804285
20,4,-2.4780138603607105,0.0052006054549701992,2.1723603508627969,-0.076003500242528665,-1.5497882190507581,-0.41756603787787416,1.2229709519411474,0.76809123624843356,0.13434872937873227,-0.36273624430017215,-1.0155935390526198,-1.7577338453389419,1.4402571679705463,0.98722818992090622,-0.31344713795346102,-0.31761040242518307,0.93915407974100062,0.037852611455198339,-1.9701882820304655,0.76906383892640673,-0.22117860796933017,-0.87157078154362955,0.15657255068078402,-1.3116574633532112,-0.017013644556845356,0.38098192912114753,-0.92758567266768721,0.74611361186565017,-0.59241694239958687,0.38393139684218669,1.0046676899220102,0.77695623409555181,0.30240596746305975
20,5,-0.22148742786327158,0.048716509408454359,2.3604769978534224,0.28808244003307593,0.20015257629628636,-0.85910235110695432,0.7530702842469803,0.17141390788284114,-1.2602785084132628,0.00022950488150147953,0.63889792713680738,0.29769600203096097,1.1061759112079925,0.24572959730703245,-1.1883405727825775,-0.82144175513345297,-1.0371503057812153,-1.0115354669922441,1.2057094633817538,1.1913111617949741,1.1821049929195386,-1.9898779647696696,-0.13644250751366171,-0.51865142866877567,-1.8627215511232338,-0.70904658363825479,-2.0516612943033885,-2.3642976934309452,0.074781415629892864,0.65372368221968147,-0.63676641993451177,-0.33641003486972998,-0.51303390479388777
20,6,3.770730275304548,0.16012416211599353,-0.49220314165147599,0.99676573704707871,0.80983504340472867,0.77693573589567944,0.17679053553488255,0.027231991206380948,0.069308056478277105,-1.5264603077388263,-1.9625499536287652,0.12154302540388902,-0.21438459731143422,0.75067357936201595,0.41592549209003205,-1.0905345180129871,-1.4085173665060375,1.2976374087792775,0.28746416152529058,-0.26554148539827882,1.7454256090082629,0.71832616876803623,-0.063019800844565182,-1.9078038334960226,-1.0851982193370764,-0.56637887619760852,1.515588302584983,-0.257079367772233,0.43279762883352413,1.9429572849378525,0.74868318488101504,-0.43825801958159449,0.53953542509381391
20,7,2.5114504346077444,0.33887464997318423,-1.6061137982701261,-0.090044339049078881,1.0822010495274828,-0.49280976861598436,-0.21247199203995104,-0.6794410211268328,0.96907718269092713,-0.12165360103469544,1.0853204986134481,0.1966572882949528,-0.28155622122935986,0.72949072348516986,0.89588193886898648,1.3157817605795403,0.24022287980169188,-0.72733930314920447,1.2398973803264066,0.71103015175344486,0.22810602769482261,0.81853155754896545,-1.1950216364892672,0.63471484253349419,-0.47961646809815056,1.2555993695082674,1.9252289778876901,0.59903564596320358,0.1886694826117665,-0.51857165884330059,1.7464499312452642,-0.15120871814446368,1.0012751091655248
20,8,1.26770706661594,0.86029997651400281,0.55633387004295276,-1.1241672717114799,-0.030421921661409477,-1.0274694587812141,0.55795177530599149,0.64332821974815879,0.10239410791689191,-1.6802553304557399,-0.13147777383137912,-0.24610140349633208,-1.546046796380574,-0.45919823379311997,-0.98596700115792124,-0.92749820722165277,-0.525240691789289,-0.23000142896150164,0.12388281440341316,0.12791527407411163,0.78755051518398567,0.35184102468515682,0.37748102856063437,-0.80431734367605834,-2.3130944747825062,-0.75811134288770632,-0.25603966283200674,-0.075890881613993752,0.89685270672717188,2.4113257484452708,0.15535109899631824,1.167213501479071,1.1781631144142526
20,9,4.0292134239361079,-0.038707329519271812,-1.0952366480012072,1.0587985658634806,0.56467586660650126,0.83742173050912061,2.0604820098341614,-1.080172114060832,-0.95112092146554983,0.24429279277802199,-1.0788772926267263,-2.1348849567923902,0.35327512127146909,1.3867376675141447,0.097451074365067447,0.78852614851874936,-1.3631030251764402,1.2098569841431259,-1.0742090253914052,-0.58091992222851085,-0.75264613527176338,-1.0888633402215082,-1.1233562620017852,1.5357477202373384,-0.31684186748618653,1.5107432621358818,-0.032071397121061808,0.29502335279945407,-0.82460933038551931,0.7374290223589739,0.87572318868273347,-0.37985388013046906,-1.634040722004648
20,10,3.3542141080511256,0.19068066658072955,-0.84825338172643383,0.18973393330677304,-0.58106514402310971,-0.36654587272812666,-0.71958326906804915,-0.78205659846542475,-0.49422278808662512,0.38464643412907268,-2.898591351001754,-0.25191456581146748,-0.44823674311429212,-0.30679694633639737,0.65294923281739803,-2.1205189295196432,-1.4514445168694199,0.93306376059509433,-0.25800852310235423,-0.28965100293098017,0.67149947971956581,0.75955017700147853,-0.7183985327277953,-1.5680215424239994,0.9222808975765564,-0.8553410302239367,0.33609426464428571,0.079371039664495879,0.13286587677985617,0.56159951332935687,-0.47359524122488572,0.063153457813808808,-1.9384485998551544
21,1,3.189635044939735,0.22848542680095893,-1.9382273300349009,2.278477961122789,-1.4941724121494677,-0.43435715446005974,-0.14613386262550285,-1.3653770902176658,2.1869276747935338,-0.38417907406628204,-0.68438753986510914,0.15254663776893415,0.39938786569267715,-0.46537804075227412,0.52261761928873474,0.20789884373384662,-0.14460296432478664,0.22460766705344712,0.94934612863806211,-0.45443760979775083,0.55116526064344773,-2.1027744205328212,0.2129397424392459,-0.73164616324837028,-0.2357972489683938,-1.6883259447446095,0.62206497526294646,-0.39130339335350323,-0.55923161248732134,1.6623686760992828,-0.23924191450036431,0.14880152068062449,-1.4429813041124799
21,2,-0.15790472120119736,-0.89883822956423587,-0.61892867223630865,0.25544265273475619,0.33585884613050637,0.043752138665978782,0.96295624551903714,-0.28954682954336031,-0.047414701409730781,-0.46415287003710048,-0.46979716359997342,-0.26225065310482842,0.19534816576207242,0.99187423777157557,-0.62118362938217575,-0.42518928340237311,-1.8005420284202174,0.58060037269634313,0.61772931481406168,0.013191205565117698,-0.65459573476572253,0.35253516995917333,0.26991389300311258,-0.97103536625471931,2.1675173081297783,-1.3479935735288009,0.59844219959499301,2.5131335131470585,0.96954561029878239,-1.295154784512329,0.3412595608907989,0.21775389587493807,-0.88948267436227402
21,3,1.0866426603997714,0.04124036722565011,-0.65541749005692074,0.1284834207638928,0.40543999416202348,0.37932940870071408,-1.1526244018591305,0.086548851678332581,0.5462902892804572,0.70690815467894741,0.99105474901712221,0.87725843363870382,0.87809260632620523,-1.2912930101706463,1.3171510193615146,-1.314546444903999,-0.90928993664844093,1.2460234348188803,-0.65863128509590785,-0.83884514546090294,0.89507917784785673,-0.17409760972224111,1.357092630102996,1.3777518509128139,-0.063999020996798842,0.69276323934669159,0.06730416912785224,-0.48785955301065531,2.4056896300390664,0.27761879379055338,-0.19739981721589031,1.0117374413090563,1.7334926694782455
21,4,-0.46089402067067603,0.89244510967951918,-0.8804194142285362,1.91240893630654,-0.12935812379385345,-0.41042391191950128,0.38527696060486361,-1.1178091790129512,0.5160919765516665,1.5827266781140854,-0.40980201514129894,-1.6654484826475611,0.9616434205422052,1.0494668808219652,0.29180198121447898,-0.28259720193092647,-0.0053548747039452406,-1.3386177504485508,1.3544555381592291,1.1260487089069959,-0.56846795700285979,0.53476371072110407,-1.372463763315984,-2.0491781910804425,-1.5308307094191276,0.48874611726568779,1.0497077692892551,0.91251815291512928,0.70892678338039328,1.5068559726480499,0.80693962518050055,-0.48073766935932127,2.6283041974051167
21,5,-0.12754318809822954,1.0322889613839663,-0.67781954645887899,0.035492592023457857,-0.28832003495571529,0.13075982655027946,-0.9876786790925981,0.84359681191482938,-0.39774502379650961,-0.88380648539951401,-0.33418320908164417,0.38205568204200907,1.0285152098710268,-0.028308232033264959,0.74646730055574984,-0.93623862611526165,-0.33846845650436708,2.1250249108769612,1.1743740585453468,0.8345720675778755,-0.78720925673026843,-0.76209131367904215,-1.140601943860029,0.071809849456359487,-1.0656240073436476,0.99490282757792903,0.024800436634467279,-0.15947589842184562,-1.1528086223758343,0.95556091838687507,0.20059366711888632,-2.0483718182181838,0.2396861275821818
21,6,-5.2385085606955579,-2.3607859918330103,0.10887648341953524,-0.77308850549339236,1.84108375265097,-2.7910178728572088,-2.2048634512249059,-0.74509220181772384,-0.14239405272943359,1.0976854439145995,-0.29546237173458345,-1.6024502895027379,0.36053716290450388,-0.44265304460031013,1.9725282377556597,0.55686191836569521,0.55040412367868874,0.37445632766217524,-0.41528744376206195,-1.6510194795230053,1.1908132746513018,-1.1862152607110481,0.0025541886830394702,-0.14700943087706334,-1.2877277642434739,-0.47512558297763668,-0.21734295964651726,0.055138155364206902,-1.6844758482839479,-0.3334960757196016,0.69476980757883167,-1.6383729411537187,-0.30320900114522964
21,7,-3.3368569275754343,-0.018805953605865289,0.73553271624842753,-1.8423357031507976,1.1436592777893726,-0.53660152155815777,0.53056863433093626,0.76182235638489204,-0.20667438209330324,1.7168946712040918,0.27238934392299102,1.3357672456665257,0.15650660935774366,0.24123925950923189,-0.83370138951207007,-0.066928690125261536,-0.82238123529296747,1.0024618338416957,0.85126021388506989,0.20423670922866619,-0.58352492033146042,-1.172272453223355,-0.67328264613199162,1.2399999985087673,0.32041359449089002,-0.87644153007323788,-0.22647689618230016,0.93204971079447807,-0.31930452741369142,-0.44179449555159883,0.16076083479109768,-1.6406198666267842,-1.0803778988745394
21,8,-2.6691499579937012,-1.0634145234031378,1.2569357889143409,0.15001881649951665,0.0028067214696986479,-0.97746101719189438,0.76594901239550528,2.0927791974423444,0.31443941862991764,0.16548021061768498,0.26115381095424706,1.003730715541447,0.12408078747513247,-0.57593942264904707,-0.0099948613684777334,0.040021792055906606,0.43129943800313603,0.27669045570078815,-1.1683637101501971,0.21444454208663336,1.1122993744460481,-0.14934889944188059,-0.40620830477629088,1.4301167840413562,1.39275012291429,-1.4984890248346709,0.3349529679825573,-0.36967065096689389,0.1935650605216063,-0.45101204328758532,0.13400360383713478,1.2516140967484253,0.26422821759562731
21,9,-0.41300025123648221,0.71495177560307022,-0.063636215073391011,-0.20775601072834626,1.7018473949503203,0.8125991279268221,-1.8519544210072516,0.91949748871342618,-0.83603853446372778,1.2315673493203876,-0.045809451392967201,-2.0092593881522838,-1.4201929581088508,2.6537697180394986,0.037943796912458444,0.48774155308090322,-0.069212733688855763,0.71669590606794231,0.17539156346595908,-1.0397202942539621,0.15122304733003378,0.04371134163896323,0.34569434716716246,-0.60890871670255131,0.8099312331437174,-1.475956898102385,0.5160529640638839,0.08196595320785631,-0.16044456503319626,-1.1771119109856465,2.0113692069560907,-1.6340146945641307,-0.7704670553319426
21,10,-4.7504024920602346,-0.80113501417006316,-0.28997455146067891,-1.1136127000765899,0.02919880147135643,-0.010796851364571571,-1.2467964626212737,-0.59768340050026769,-0.78673285173757213,0.64214811611828826,0.050621567398904874,1.0702401237854118,0.29412165072761864,0.69261808627522603,-0.80335061295128662,0.095699307254445767,0.19743693689846126,-0.51475027292523057,1.3369145159668778,0.026659971968026535,0.5610010506938603,-1.1362814181023184,1.9315825155567441,-0.34937515427018107,0.52135093841075753,0.10912553815959099,0.88298546015873025,1.0016144521571184,-1.2041866909886823,-0.68045221024873659,-0.2411495377660714,-0.029362934997019145,2.4665316854820776
22,1,-3.8237870337907589,-1.3727565850532097,-0.98358373937239363,-0.69809934911432159,-1.2201848676469422,-0.65428824934305396,0.76019926238097379,1.7262972064570081,-0.96862259658563321,0.60096124756654978,-0.17612865984805001,0.25541300515461368,0.7990990203834486,-0.044449809665044207,1.0540849642194743,1.8678295896135533,0.36344726699423968,-0.16879540358837025,-0.27499295585210837,0.53780114577622495,-1.9559314290461587,-0.758232570786608,-0.31890289317440518,-1.1485148536510805,0.087031577113882819,0.77499381958761782,1.5738118384573809,0.37526169366908763,-0.6431400696790861,-1.5754035954067691,-0.41914153460796161,0.51257382254676231,1.803473990055354
22,2,-5.9247144159632832,-2.6025688253161676,1.1050775332657725,0.58141921077983794,-0.89055308321729487,0.022312927512471058,-0.44130682563826007,1.2740053382203449,1.0441220826934323,-0.33793778616267972,0.60649062738476556,1.1481208811581565,-0.29529622497901453,-1.0345691915444049,-1.1430110297781277,0.64806006154512685,-0.28524937735868167,-1.3300520730181202,0.62125827181026649,-0.71694118346879032,1.4174625163463819,-0.027081121112925811,0.91912818734517576,1.7840653160589672,0.8178243366720519,-0.14721677646790171,1.1850157966289092,0.041679964321724793,0.6109002054967867,-1.4183987794009982,-1.7944232800896707,1.6485805991352416,1.6068414033490157
22,3,5.9568503228903875,-0.58176080652852957,-0.51183041593223344,2.2535517225608999,1.1726851013281048,1.9267564935020605,0.50196745191222247,-0.17354704071483174,-0.34980555484348058,-0.83808738221514523,1.1783572570839633,1.0361509239628128,0.39608865974101326,-0.70536620864374155,0.13323496485493605,0.28006996066312551,1.1268383727673124,-0.15647092964205508,0.11842786608838365,-1.2323494803819743,1.281115673146678,1.8770809931341039,-0.96011029062978348,-1.189698913778682,0.45468047460870292,-2.0798012528454053,1.2034848717254045,1.0563344735026075,-1.8663084189716064,-0.38652153198066486,-0.25267923353996702,2.3379371632164263,-2.3031570984033021
22,4,-3.1022278031099617,0.022301624388944369,1.9824560127435473,0.35545644548113231,-1.1702626525181337,-0.32774378190867781,-2.7359376509397082,-0.47886204241359115,-1.2157450350396291,2.0386885975368809,-0.33163745514229831,2.0498279788892577,0.41075526932758566,0.44997711789684836,-1.2938097948546932,-0.80306074337159572,-0.98337476106814381,0.47519568040350596,1.1348713346084796,0.64083530257484267,-0.34226076461128591,1.3068898023776325,-0.54481630143658133,0.81743714887756236,-0.86114090729942205,-1.26960959994126,1.6193621419865603,0.9052195001595712,-1.6260792996446902,0.12967224580712214,0.563601473755589,-0.88707546581594598,-0.2812978024096473
22,5,-0.065697349653179749,-0.89626352527424102,-0.15202592161534401,0.20749726590125536,0.83582014333301868,0.69843160414214034,0.38555967213534936,0.9100133065247068,0.20522839778041693,0.2032293182519665,1.3369716739007405,0.16858561330125077,-1.1046675798923262,-0.42139486227492851,-0.48079281948488151,0.079084086618637472,-1.1493600510403519,0.502049669788177,0.31017185932570684,0.16662656698506828,1.4934074005604634,0.4609113000982355,-0.94711083199029333,-1.0926027858236866,-1.2166618598463679,1.2750731070731463,0.59244783292235914,-0.35611809903400732,-0.44632114081286106,-0.14913983787674417,-0.86689764288691629,1.1578562730399686,0.58902584082760301
22,6,-5.0198346659713451,-1.5254541556324634,0.65742893698380966,-1.6344559186584744,-1.2996099242846693,-0.98623105941087152,1.4020093183017526,-1.2672714575642492,1.1221472568460751,-0.83837386907963785,-0.76772720476981682,-0.33791288207871611,0.32725225724599916,-0.50462899258814953,0.1419081617217044,1.9340901478183288,0.64875308306176394,0.57354723841052357,0.25155969730924471,1.0846835985693928,-0.52441359133243837,0.24618544797162148,-1.5725256040267077,-0.32390672294749057,-1.120182494936858,0.14813147045063335,0.31315637143483649,0.33609725616035852,0.95932399856400408,-0.69967570634217779,-1.0941727803236547,-0.99517656378095154,-1.2268847227662785
22,7,-1.942666034323504,-0.93907155007433063,-1.2233857764573912,0.69421970868908023,-0.24376163027352252,0.53106521491953196,-0.57210471656475081,-0.051619594326504002,-1.4863444401535904,1.7136224855377211,1.7006435917054208,0.32279923970759433,-2.0955795050281045,-1.1107081909968242,-0.27719415931047869,2.0229459556867115,-0.22768968772532247,-1.0164536844513448,0.71630460803236273,-0.24283754865309834,0.63234838289021,1.0399523194212639,-1.8717948027633002,-1.3786253332191964,-1.8169011639350312,-0.81138089860657925,-0.30208347348394732,0.041434145969471717,-0.35948865589449919,-0.11272918913877188,-1.3715163007580746,-1.0982380484297725,-0.027242112394096095
22,8,1.682036395109987,0.17136930244087509,-0.68844207909368804,-1.273562396092218,3.2337296536441404,0.119352072068672,0.44358812319049268,-0.68883356509918681,-0.068744520779208437,2.2427603612815994,0.79728685576034553,-0.45611443606272917,-0.57494088480168359,-0.31943473142695072,-0.64574271342680412,-0.014460686724007969,-0.0061759516621818248,-0.18975374380174351,-1.2498646666473892,0.75930774876875862,-1.1177749483934651,-0.97343671743175386,-1.9760548152812267,0.29777320152665121,-0.48299681889715829,1.4698203838653965,0.15298889879395919,-0.61524382246119136,0.051969468736434911,-0.35521336556518329,-0.44524514488150158,-0.76801931192306216,-0.28519836666390008
22,9,-4.2451974682809848,0.24708944971899724,0.92519307362051662,-1.879118790534976,0.24895333706184822,-0.2620382475388483,-1.8002482952192622,0.65363118833162603,-1.8130469062536914,0.87868325298820171,-0.36368966192763075,0.11873034094091107,-2.5696448297991203,-1.5063098600873899,-1.4258722566160411,-0.84552827525151186,0.093493427787106662,-0.98679627943147585,-0.90564346643315652,-1.3530451000120645,0.2504177445796173,0.53820615607738853,1.3905140685134012,2.2783404310519422,-0.85922694008691036,1.2675951156163292,1.4103212766365427,0.82647312658396355,-0.038885876519852626,-1.2898952693904049,0.03682547630182658,-1.6262350997728758,-0.41212319249723528
22,10,-2.1457465480836282,0.57352261795614901,0.72329427219206421,0.10703157876287421,-0.92568676946085982,0.1464248962972684,0.20107464449104595,0.48731273904897027,0.32491827750289431,-0.13592319995613814,2.4103671846688144,0.068266407481734931,-1.1994893005168028,-0.13719095615023949,-0.17514309550860055,0.98202076130627813,-0.51997535947929585,-0.26461489138986838,-0.60865141947735979,0.98814784196112238,-0.72278354841239478,-0.036087071656201584,0.53917003826042942,-0.17794045080696574,0.61981818410661116,-0.43815116635953055,-0.071960918314731448,-0.67353357519463919,-0.26796718336480724,-0.36387567883182748,1.1558995005936026,1.2136578389754118,-0.80476878744862346
23,1,-1.3902625575386409,-0.054202997380285764,-1.2039477815314492,1.2629282451281392,-1.1780271361181558,-1.2918110897555881,0.61941992036085891,-0.76312120637505176,0.11330643424376571,0.53671956124394116,-0.82026271856995014,-1.6138517986164502,-2.206113278246256,-0.50345407802430953,0.89405701348090771,0.27360633515265392,-0.79459845540171026,-2.2746260123221238,0.65474794667490743,0.40950123419231321,-0.044778818852250657,0.56912594975283715,-1.089834690611672,-0.71219371474941195,0.55279448110695639,0.74083706770069069,0.95819172628266458,0.40386121279269688,-1.2517170087280243,-0.16303017714104145,-0.87183746910842952,-1.0894321387735886,-0.12596650389792383
23,2,-2.1116276660950972,-0.64888176233333938,0.18846552410925829,-1.2370860879890597,0.19262698479897708,0.92074303611420394,2.523054318691428,1.3447864196629686,1.3653559980786627,-1.7723629449514111,-0.61082244830656629,-1.6764378361052257,-0.99032549042728435,0.62446915903597544,-0.24153163593889804,-1.4425986475507833,0.45989811257860563,1.601681190648885,-2.2497530639799788,1.0819988736581903,1.0235494415024275,1.4643055969834071,0.28175379382280619,0.23857215623694258,-0.82125499639958943,-0.62229735381122464,0.050777075883706113,1.4274517409471505,-1.6957556405104752,-0.20842136542041884,0.65625386199276836,0.98799240491169005,0.05311344851931879
23,3,-4.2780798771748927,-0.47318608987941135,0.051851844626898971,0.006897616569857986,1.2371010637265856,0.55739404791835445,-0.35899795396635997,-0.71841967467191592,-1.1454389258158819,0.98380706676795548,-1.2859853617442421,1.1071865155012486,0.36734738411795365,-1.0141754630184689,-0.28661393425991077,-0.55681388046287006,-1.0293698561727971,-0.72685668546260496,1.8770920332052101,-0.43387199943314353,-0.34443572015130913,1.2464477601444288,0.23213196049307874,0.79764980511432604,1.7805703855500865,-0.021289278999214845,-1.5370870056594075,1.6246004831100094,-0.57342174665415402,0.93788103693139857,-0.66897881678643867,-0.010051434038205763,2.9567181220151419
23,4,-3.6963555291467833,0.48666951870321512,1.6016826324454949,1.4649206823336038,-0.89718789248233954,-0.39807045839311817,1.6114378601502621,-1.0716113277322263,-0.078897418531802516,-1.3024585721182516,0.081344621700970024,-0.54125467714502618,0.39696025862845968,-1.5454547736908044,0.025176302488600807,0.055875808027918063,1.360163886039206,0.94538535225663833,-1.0683410247005041,-0.45829120412158775,1.5203131452788521,-0.85647326627712783,-0.48551634711762787,0.76716760489589675,-0.87556541105114272,0.65264950738767147,1.4297305670029026,0.58346065162245297,0.80180930472044054,1.0762563488549697,-0.81667203864031823,-0.21100834302719021,-0.022146879849902462
23,5,-0.70131200149039452,0.51153272223331381,-0.73980866308464743,0.29892641489841348,-0.87667508761423452,1.4719957239663561,0.94391445525736062,0.39444974140931582,-1.6380698084068672,1.0537702523590786,-0.78970911731843452,0.71967526197441978,0.43556786450012785,0.021597387016304648,-0.95826595927113889,-0.36146230724212458,-1.3857046701096924,0.40299157504114924,-0.19368869697751212,1.6987353410107104,2.2891138435766205,-0.48215240042597607,0.97459435890633994,-0.47434019398627708,0.12528321036371498,-1.9031103459955987,-0.59239994874327839,1.4273529031198993,0.51625234361250261,0.7810163926720779,-1.878249627577923,-0.18969672659332878,0.68258362856208998
23,6,-3.0928851617873345,-0.54135300532797204,0.79873283417104091,0.5041841254370194,-0.2829061939291434,-1.4651587982645748,0.34189746366540619,0.32745558640524336,-0.076762120176076115,-0.33359389407405049,0.3913627361876274,-0.24207141426511136,0.81265774561580029,0.62586543329399658,-0.071399120513065101,1.2686869375384753,1.043160130795479,-0.96203756407622565,0.29768601019252905,1.4190068667380875,-1.028983418281177,-0.20660447344476068,1.9875845279415028,-1.5715751115903036,-1.3315246489416757,-0.99219796110091063,-1.2342447680896536,-0.35516854902419825,0.22252546150991767,-0.48255730115283324,0.55702394286382018,-0.29111156978050812,0.78937832683856946
23,7,2.214133912714026,-1.0606938868883189,-2.0005505272453821,0.13352994417339384,0.075197255974681673,1.1847883299056505,0.69954504961742048,-0.29572123363414171,0.43546395389864212,-1.5010597878278633,-0.098942524282479044,-0.39004569221593799,-1.7291953810479703,-0.50017833296927294,-0.90162362327238077,-0.055984494172468556,-0.79412029097119752,-1.4856689207394631,-1.1406535719966822,-0.5761932039869111,1.229711219055625,-1.5697264614999906,1.4581443860295908,-2.4008100557537797,-0.095566673874923236,1.1727656243720233,-0.44784055763051034,-0.30675360071337693,0.90651256799323221,-0.11853075232194123,-1.1530270746391735,-0.32287713483721597,-1.7677887314583918
23,8,-4.9618350164933149,0.14968974554592568,1.0591791681648497,-0.27660062602595886,-0.99060098583536349,0.75767412143721591,0.61249707121586061,-0.20547224021244009,1.3215761594980511,-0.57934234033397281,-0.35101497444946289,0.74192770543123188,-0.097128680778917537,0.21081333012069617,-0.51691970143961175,0.57530349555903559,-0.48437181902800613,-1.2378857475734024,-0.072967137857907052,-0.29892497440765603,1.7610280728547099,-0.26094003260933468,-0.063205489978302651,-0.41531870379344893,0.73383169348804711,1.5479331934487777,-0.61553302287894973,1.5081075085929194,0.85592991059310286,0.069166768263044603,-1.7441578339686432,-1.5768891223176547,0.68104360704330857
23,9,-2.156876779414596,-0.16757609728382225,0.63593473595880834,-0.34186349198113947,-0.37697968376569313,-0.26388050960282733,0.41662878376417239,-0.45603027688383468,-0.39756584607356127,-0.23768183823867234,-0.85396196467056518,0.89527470799763842,0.81811301539947567,1.006830172174096,0.46932919984057192,-0.25730506003553105,-0.41062726528359705,1.7268684454852892,-1.4297340003459731,-0.61726729197290153,-0.83075035260961083,1.4657248551198552,0.35803974943063871,1.3925289148415745,-1.1445235764023771,-0.15543569269030444,-0.4302794605412083,0.36854147662044534,-1.4119041880327328,-0.19672292313561962,0.33631464090617458,0.088328371453435292,-1.6951836984777953
23,10,-0.68239238713437755,-0.64933205391779913,0.266424213658774,0.04233782448177819,1.0439286085961079,0.34175156353093894,-0.63829531104480852,0.61690197037335048,0.42444077497617222,-1.5832561785278967,-0.14892405103081996,-0.31954705096867103,0.91834220150188239,0.62826194197980867,-0.70623097141540381,0.17980309126624369,-0.52217562060114098,0.77662606716010962,-0.59728637132812457,-1.2129307783792329,2.1773865597120565,-0.53266697184953893,-0.43300268722284602,1.1266244460489907,-0.0053784709674137184,-0.59081213225990759,-0.097383373556679295,-1.3254726844995925,-0.18268190006352214,1.032644712706317,-0.61578903763821036,-0.38316478325953401,-3.2332780267022359
24,1,0.88591252221670291,-0.1651879705451291,0.34623978940014655,1.9436531405624715,-0.04545024530270618,-0.37278373349964777,-1.3234875789527498,1.050776758892874,2.938193685628594,0.49541809263216008,-1.2083028655552397,1.2027748001041061,-1.8212375087211643,0.050928751368523782,-1.6090849738907171,-0.98220485335882501,-1.4160952229570514,-0.91195130173047567,-0.41852765770224187,-0.27707136752950373,0.29101397905569404,-0.081443119291234073,-0.14884482083358,0.44012159374351462,-1.594137222623204,0.14587040663756595,0.0037461984035211766,0.065510057693006482,0.025062863716980511,-0.45284858897411873,-1.236653710557597,0.14326746365660983,-0.1064374084381296
24,2,0.25744761150676887,-2.2807795070900525,-0.27443794410638062,1.972856650217802,1.0257729785688976,-0.017887238004769917,-1.1475387164746587,0.6275889920038854,0.44717651863182123,-0.7373604718502148,0.39094815066117378,-0.46158235336290204,0.55462950270410238,0.032865081686965225,0.90032841569514133,0.35434226758267873,-1.4181719042944529,-0.054834768645438924,0.56388845171353563,0.070363862276307421,1.0401869329693361,1.3224175450078586,2.0198981939309046,-0.27766312752068284,-0.79183600110643115,-0.42267471236226123,0.14221486135926295,-0.65854435693335045,2.624481830691261,-2.3842888067493559,-1.8237436894280359,0.23523331727091945,-0.92997256256819782
24,3,-3.9862856068041093,-0.50022512417463483,-0.22633496378976342,-0.2729399928984968,-0.83408427443574074,-0.78091599962659275,-0.26560421579190702,-0.039935009565288747,0.69845751439081849,0.5704514563688603,-1.4179882156755628,-0.16687720723269714,0.74272275525734555,0.66220962221034885,0.4591366985052438,-0.98891640849743634,1.213950586532399,0.67724184024037815,-0.12399780356369228,1.1455434292127264,0.78788553658935812,0.63820317551638672,0.37068922025829926,-0.49247166265025782,-0.029023628429965802,-0.47517513393152949,-1.6036170919695509,-1.0160046150887134,1.2707297655682219,-0.83038719993283561,0.24887832676939831,-1.5529057625976173,1.5062163449774673
24,4,-5.0615199863744742,-0.11495352891006524,-0.619488695885828,0.79730983543970857,-0.50934041066035796,1.4831210130382602,0.51809069363388471,-1.229767920519935,-0.27508579774309783,-1.497558194704433,-0.45321504347213398,1.4297789098152827,-1.6919153833897895,2.2366432689922031,-0.04151498268680244,-0.52567708233713784,-1.2346931212661612,1.5099221817799273,0.4976893027516669,-0.15821547195407379,-1.4005226778477267,-0.50776335298518072,0.3724985940123996,-0.79785435900666257,1.9214136271943554,-0.09068392792765409,0.48737190954628695,-0.80566539416965555,0.68454654322653208,-0.034897915538496659,0.71697428566096066,-2.331867309267845,0.90038690292134071
24,5,-0.62846657994353194,0.84366543310734332,0.8736494982258165,-0.5822198024471601,0.82135386403268318,-0.82033941715050196,-2.0052040765792656,0.82083267169850704,-1.0748656919004127,0.20178209453631732,-0.64805963967665281,1.729342293948249,-0.43426123817404666,0.35737004925425503,-1.1923318120062376,1.0261611745966854,-1.3665017236093782,-0.3898042669531534,0.28257343251592587,-2.1051902909087681,0.13615497991331754,-0.10691257010876203,-2.4778347128528102,3.6126383302314578,0.2442831649226887,0.11860734940480119,0.14728218137271329,-1.8009432996593513,0.4346900108447907,-0.23565126925871938,1.5753586286897177,1.2425373939250637,0.23377634163253028
24,6,-3.2417675299972437,-1.4266030928109157,-1.0374262844280895,2.9689444511570087,-0.55454995907403981,0.16728072803169008,-0.039785452383131518,0.95106338898461895,-1.1891213565428458,0.28351105554790756,0.56936773436833643,-2.0817927439561221,1.0165444263380603,2.6111373710419499,-1.5328718997453501,-0.4514614694780566,1.6996828704049298,-0.62903116903253109,0.51230015272917628,0.63194003910915209,0.22897907823970431,-1.2145370774077107,-0.045806378151601289,-0.57178398679825715,-0.34345211629796385,0.44419088852439759,0.48676531166979681,0.9777832193775704,0.72200335662632409,-0.574460562995737,0.13679224240206686,-0.94111819386021967,1.3311627896109708
24,7,3.0527883438617285,1.1771012372325722,-1.2361197578723007,-0.86463610293144233,-0.25607904484552407,-0.85077596867070071,2.1427776421425091,-0.68007234334127697,2.195761866329919,-0.11910910339748035,-1.1879990682477246,-0.029569363392424632,1.4304027379374427,-1.2556168046593852,0.43260923207750351,0.031262864101362767,0.037568545790320089,-0.74259333770292346,1.0997739061664236,0.00047789527176055258,-1.3700664696182012,1.0365434860749225,-2.0383100705161095,0.73510392343314312,-0.59518344821143798,0.42265589562681294,-0.71988366343681853,-1.6626081179184267,1.474033259175614,0.072611433029610831,1.4471636967017116,0.53985221050479559,-1.2962737576263015
24,8,-5.2216991442486034,-1.0959405203433989,0.70297876332454834,-0.29448030085098936,-2.3773363173471296,-0.7874150128476004,-0.46772874174905021,0.47492694792492507,0.050693852339545729,0.07108895768651885,0.22664319158241147,-1.0637564803819932,0.64493293954751896,-0.78958901558303229,-0.16356579567898516,1.1450693663553733,0.40301353978067755,1.0398860125237128,0.023284873700183704,-0.34429657711805711,-0.2539776738403729,0.51139705681169012,0.65676364480738936,-0.50903009944476718,0.42259312976541141,-0.10861152943749965,1.0616278719660599,-0.37758410879058868,-0.059208186457137581,-1.1109653278299871,-0.44986823096262063,0.22043282800654002,-0.53654155347642218
24,9,-3.9292495672277128,-1.2220331754864566,-0.77139636554184898,-1.1721079140690083,-0.96605570174020194,0.19368897898398979,-0.95215601229508284,0.14556853425336308,1.0698436387949601,-0.38463244789981976,-1.0448566219294357,-1.4286534195452001,-0.56176993125016839,-1.913444821433506,-2.4591263145889535,0.19467334633915581,0.25193548479933975,1.3404570624972212,0.67371704803233434,0.98098667816037888,-0.77790741998868396,-0.16072515444264304,0.2339432834008045,1.744683433568071,0.36374149975470949,0.23073243583992878,-0.80189386437363097,-0.078250477053236456,0.27448830207088221,1.864298487683947,-0.65407571170367085,-0.75300343137020431,-0.9197511018365524
24,10,-2.6079195288307666,-0.37209196744240031,-0.63026867579188928,1.2156874329342453,-0.61395868299095013,-1.5169138403750819,0.056404645497441633,0.50723514696386907,1.2357133158625841,-1.203995569172734,-0.95931869261555736,-0.67620649000666888,-0.54960367894656181,1.1196451172985282,0.036764125162641388,-0.064343727243472371,-0.98830815188721355,-0.30002766235740813,-0.36294561045942014,-0.71426412786260118,0.21102026000149426,0.10284891583262219,-1.5801116499366574,0.38949483616317915,0.33524440528600685,1.9132943848035686,0.73310476372365696,0.94539193118947495,0.64435939133731046,1.9966712774167255,0.304421938426372,-2.3305351376844023,0.33661950190566409
25,1,-0.72859414020339985,0.0077889137113307701,0.46463007713039295,0.061683726367710419,-1.318868568512034,0.92987875753931515,0.59314846877722638,0.35964715966560445,0.32227397607069663,0.19088340653859875,-1.3475948345648781,0.1838733444742226,-0.25458821527657266,0.083528001483300668,0.016010539706786113,-0.29959229454435526,-1.0871841559680082,0.81753970562832934,0.30974159351827812,1.3146350232639277,0.90699726531886971,0.31767392991812776,0.20966034352315172,0.72410014932739764,0.26438901410532611,-0.94147842608965537,-1.6263309840264546,0.44809247025806387,-0.68118558723756217,0.90717699550444197,-0.21588665210386343,0.44534282109878631,-0.54531960780037381
25,2,2.8758771197010282,0.27401618712989773,1.7060316555839046,1.5357411630827149,0.092536460403537191,-0.21720549571380565,-0.043200213199550849,0.93550800875595064,-1.5286065543000136,1.1025335062705381,-0.23008781681703128,0.012851978762732837,-0.90271265413987134,-1.8423946272649816,1.2821015459325584,-0.9428993019699069,-0.54718408659552975,-0.51340884766347039,0.64127141709165536,0.10615801908578337,1.380603141325728,-2.0683269263955384,1.8242278241631953,0.56796790405914221,-1.4138334536433657,1.5372918927180597,1.4839508654347564,-0.67495138573547364,0.71983426556482566,-0.87182298773554623,2.4049233314667453,1.5931455982749951,0.18040404878010863
25,3,2.5294420673616282,0.36259195940232264,-1.1534082876869924,0.5369851356551566,1.2125269893191262,1.8692682334901136,-0.63996586797071842,-0.038018785504777879,-1.8418349112926886,0.76398597876276819,0.79330764228542561,0.67045575231961774,-1.4270872779148289,-0.44288466616467165,-0.24082106716741844,-0.10516644293338342,0.036479519991431571,0.082943759123538435,0.34169671830651477,-1.395432035150689,0.66036709842535846,0.23335775889513741,-0.9280629988572654,-1.0177898384824728,1.2010397693550159,1.7504802209667933,-0.11009894146440967,1.6694336212969554,0.88949720966523205,1.4589330215998668,-0.64467331270621009,0.70018849264573868,0.73398056379839938
25,4,-1.8757159146002738,-1.0865813433366507,-0.97054540080367246,0.30319546772785455,-0.47549083247509327,2.0180267369617937,-0.0011481380747625153,-0.11802651417834786,0.21248368748001717,-0.23975760473037946,0.013950293542252683,1.1259979002533269,0.10621943515089545,-0.96061841399308101,-0.61746112983127166,0.40918761730618136,0.46892109610593258,0.15008835356645442,-0.10730470997862007,1.445596036777852,0.56588964845528245,1.8747892516164009,1.0342242027912403,0.77874313211527757,-2.1097500919294152,0.49410083885504819,-0.82412434079224384,-1.7072916254810244,-0.11366266127965091,0.854231348012229,-0.82432233181461168,-0.33570443842525155,1.3287058826668241
25,5,-1.4936950594631013,0.62723568440570432,-0.28986823248322369,0.34495772586779105,-0.98910552557875064,-0.91620038057961994,0.54744529191867719,-2.472170117806594,1.301089906559741,1.3230522174093164,0.24541161945946752,0.18470485521886321,-1.7366693379316995,-0.75676207862854195,0.42324261131812985,-0.57686441440026881,-1.4361928566723854,-0.10715816412284572,0.081458408864286083,-0.55998270910004411,-0.86826245226247234,-0.42683728172390045,0.69379524494711053,-0.67354917783838653,-1.2412254288765929,0.49665949781710284,0.45738149606067696,0.30794857104515783,0.16221982166283444,-2.1797433064198586,-1.2189086421351523,-1.1316514091516485,0.026535219989038395
25,6,-2.6848197362682824,-2.307419577636816,-0.7422768233089625,-0.44288632496979968,-0.51496250645670627,-0.44637845813785554,0.070600232263532514,0.57403015753371334,-0.46261074149282122,0.3657143475404564,-0.57053081664391658,-0.9072029412879854,0.6498620791865054,0.043636149723342475,0.027245001622338463,-1.4633392563785252,-1.4095129836851654,1.5185096544787273,-0.30623186420626713,-0.37230213960106079,-0.84718154872269247,1.2608944753754354,1.3315940521407288,1.1529044917104667,-1.5401692382600667,0.85775986644359314,-0.69161985568990969,1.5051393135066133,0.55627342938031143,-0.14322830740236092,-0.29676248198138988,0.68948783003784098,0.14484190790300222
25,7,-3.1052142236420401,-2.1911224252426234,-0.7618064488240317,0.29275885548687791,0.098076213015533154,0.83778925143443339,0.16541293620029104,0.075986658350066891,-0.34264305712111415,-1.0318834964142463,0.26921746499872073,-0.061861898552708572,2.1593345164697322,1.3004168758996926,1.2134839006081131,0.86743362266752455,-1.0908738447443078,-0.41308535848365102,1.3843965043349349,-1.3660567715862195,-1.1682168526958621,0.44814474751771072,-0.83516729599178008,-2.7846559621128182,-0.54400404945156056,1.0671057706043112,-0.34304561922295951,1.0987628512683811,0.17878744435523883,0.94141592645161731,-2.1941416048167119,-0.68246375102694401,0.39813010679025845
25,8,-1.9989061775178991,-0.55660305997724357,0.79333205770574033,-0.89813877179646284,-0.12720280038315113,-0.67893069901201575,-0.80281598088096329,1.410942810025259,0.42827842492127699,0.47637488141422596,0.36701695512045629,-0.15906378989115794,-0.67387145992562703,-0.69325239518817006,-0.46994626031277986,-0.22876093421636065,-0.98748209562536116,1.3989902421819214,-1.917158132473245,-0.50851637893891632,-0.34845288906210786,-0.26197445530957203,-1.2302226929555864,-0.86722077450645041,-0.99296509512652786,-1.0089787143545732,0.88989785153729639,0.17078966979553104,2.0089016666725139,1.3034114530589256,0.7184854220892215,0.63977722050113817,-0.26929602842219386
25,9,-3.3971094179492924,-0.46494360463416812,0.6271812321979493,0.79580088415532402,-0.57054648668537944,0.9085675272826933,0.80635486379310528,-1.0489454324997258,0.22296458334564159,-0.82401324337486204,1.3103181663862524,0.025676391436232449,0.41445062139417749,0.22850867849487633,1.5113899538885687,1.4315562312363903,0.78269820857382544,0.26445443892658416,1.3355831682477195,-1.27180784728291,-0.031377157604327341,0.8203535964422114,-1.4989655602928502,1.5477024714099952,1.5192329926523713,0.36253366938383924,0.70800366891038258,0.74034419337567281,-0.83460952475378125,0.47703652613442182,-0.75576982522293956,-0.57975411934754439,0.40057562711483158
25,10,0.43597670818748185,-1.3583587458559667,-1.0033132177804671,1.1252175395909199,-0.94743031554812873,1.1845781030623008,-0.23417739311557204,0.66580348550016066,0.79385954321010033,0.084137583339921621,1.4338408496849975,-0.22251810184525789,-1.1335717002543659,-0.53688857187992489,1.0979143954172152,-2.1602098262743779,-0.83857977769868897,-0.37537618552204571,0.57908891318716627,-0.30160744161645314,-0.49966420121111188,-1.1181821449945284,0.44013881651583481,-0.35206754536054979,-1.1328175937658442,-0.32466312143922521,-1.2207279654457006,0.97329321526231483,0.44968470503530167,-0.75345173546466271,-0.64619025975155842,0.91094727967717326,-1.2288871559500145
26,1,-1.1702873642763567,-1.4752168407666573,0.35914017630426115,-0.1860009264311884,0.11925791670045476,0.28121797412473354,-0.84922006382892545,1.1548379356574796,-0.99554064492472993,0.62656799408265063,-0.8697878096589261,0.61519232463500062,0.28228423458476037,-1.2112119630244238,-0.88258212613858433,-0.83746956973323394,0.16187076442171927,0.53827913064414901,0.65701059452976629,0.63530557122721598,-0.02591765479923646,-0.26105544751199367,-0.40611803906092236,-0.57593367193112122,0.22862664665827753,0.16459555333059553,0.49726084932156972,-1.3787709183397974,-0.81976362852509077,0.41153214363977952,-1.6980681651783571,0.051459515090195362,-1.0337637524707852
26,2,3.5106528806538968,3.0607949894025701,0.23903201835231541,0.2742973951251273,-1.0171333360437029,-1.2156502186623925,0.97484232424098705,0.96346400122055431,-0.19081143917585994,0.76360011593939692,-2.0447161583378972,1.7205881044776652,-0.64982152945477301,-0.17902655069203688,0.18164022318563222,1.6351951360662889,-0.17573057137778689,0.61692047102464931,-0.90001847953116576,-0.68233392297758311,0.25284665785306748,0.82569400694519346,1.0359662644068586,-0.84342013765012691,-1.2319277300308074,0.20155554046321877,0.865312981938262,0.048819751530846847,0.31005142433285998,-0.23167373791001541,0.047443983049258592,-0.30154759118800767,1.544308057271736
26,3,-1.1957503156159286,-0.42081612409365332,-0.38248507187566394,-0.073546743588862054,0.6019494653386237,0.40048256097197216,1.2074172477219411,-1.7866320173177022,-0.29406307376796231,-0.56186022207810515,0.065791905972798465,-0.48463086411125245,-0.11608645683757343,-2.0698353037927433,0.037701208698787785,0.36905166923975508,-0.40293183482389477,0.46951151198450797,-0.43227491233085896,-0.88568365664341686,0.62088213164904138,0.034889333021042836,0.13407699549584556,1.842508193567747,0.35935231552728897,-1.3202434679970063,-0.78866549093009497,-2.0525151608979839,0.052392225313571343,0.92097719364749053,0.70088405530878295,-2.1481147679729879,-0.48834396668949087
26,4,1.1032200372587742,0.73187886711204286,0.016089661634068393,-0.69952632396653291,0.36228396061036267,0.68350358656551047,1.36329599150673,-0.016692482843870329,-0.66342179750698405,0.60927995338867469,-0.93472794486374122,1.4485733396906182,0.79754350846321509,-0.11289678276152344,-1.050598129411771,1.3952147464376916,-2.8342474555830202,0.21466624002353862,-0.56725794469932622,0.11426738943744083,-0.61019746596145186,0.60175297438275577,0.18842390457198949,0.48415550521593625,-0.31557550278365232,-0.26884362910499587,1.2181129533392105,-0.14359763181159457,1.0512840543039448,-1.3144145687406985,0.34895305625628609,1.186991093840746,1.3065066635732634
26,5,4.5157251854871543,0.35266172653612154,-1.587478257077702,-0.28379330646948431,1.4865756781491444,-0.75164274232019668,-0.095269331699203902,0.81954514567706216,-0.093221291230253425,0.46709722736194875,-0.53901082050196625,-0.5255015080922254,-0.084361448553839619,0.61277766963866231,1.725131707608399,0.092558427626822343,-0.82517843969873228,0.49394117755198602,1.2849866467735995,0.5277117226150414,0.94366546286643194,2.0821674265616577,1.2725910315714044,-1.2131429358094619,0.88329942119184701,-1.2234777069882679,-0.31051888370935049,-0.35168376763496217,1.0762612131310523,0.39136285777824598,0.5049489016910933,0.12843212244244273,-0.067134575197631149
26,6,1.9782331555454871,-0.56126616776462046,-0.068179601612163354,2.1734258815786069,1.6709782389096379,-0.83743988540266512,-0.78629501861257178,0.52587386899699295,0.38514697372282075,-0.082022526992888575,1.2470602636881474,1.5348661021542043,-2.2809721764650894,-0.60586935077493209,0.28353159024403846,0.73927528788328212,-1.8230366531072308,0.40161878075937935,0.75269070332036025,1.8009883149547861,-0.019379013935795043,1.4440416917998324,-0.27484478628527248,-0.49212358393939132,0.49476329643276856,-0.3567418924747579,0.17647984157954047,0.034751684883146818,-1.4776642333671002,0.048593798838958702,1.0412613305413179,-0.41248305025871923,-0.52917314120272274
26,7,-1.5427527559000831,-0.81079777033048694,-1.6015613919244607,0.53544581199943142,-1.5541187472183806,-0.44172065523492732,-0.60594281401820504,-0.049642396460341305,0.5599028724466325,0.18267835239850044,1.3991007654982401,-1.5811253897304853,-0.26876195483079007,-0.80901436366239521,1.0327731387928887,-1.424270691045437,0.35731336431461175,-0.39295138430825827,0.0087530376101539794,-0.49109800684698995,0.77185168311060426,0.69338435321431191,-1.1378190948773621,2.1417889077719003,0.74372655002537613,-1.2881178843727448,-0.34436008215008046,-0.19907134827997705,-0.92938730531599156,0.058504215821534186,0.18293520123642748,-1.3174276029109426,1.0211513282678639
26,8,-2.6903671189251321,-0.86794600472730787,-0.013233057972040909,0.031251547284298492,0.28044056644111109,-0.91564044954132406,0.93429127343253748,0.2267734512643805,0.55231951338160812,1.4636678367071352,-0.55585263801402207,1.4355689001299181,1.1459059880364693,1.5397770343843742,-0.14017111723204487,-0.34023893100275127,-0.33801280725035993,-0.29089702504052439,0.94221317894732703,-0.13987039602945109,0.71961241266903808,-0.058090707774701829,1.2703755660181637,0.86934664332463252,-1.443955925310217,0.048941141069446553,0.85636540106193249,-1.4219593117828679,-0.80051075657949344,1.0031332757075921,0.99605514716268806,0.97551066673234732,0.084153512246615367
26,9,-2.6764613696280124,-0.59428738319760221,-1.2070735367887611,-1.5199353470026999,-0.1746399116273234,-0.80772003054272146,-0.43935458533807437,0.92052810080777536,0.60136549345288759,-2.8190669627472955,0.46734240735916233,0.75124028096932272,1.3616974979186534,0.66136361394643606,0.38724186916096165,0.21091585862780565,0.10417706138867473,1.2830628860434194,1.5753367069605226,0.081902733609934955,-1.6391201626470919,1.5793586603101148,-0.74817788049130352,-0.1501614138617825,-0.31858551851332884,0.70265573603552833,0.26516804623563844,1.5312237565724238,0.14661472822281557,1.8127688326138789,-0.07274416964487028,0.34015575896261652,0.19837504216987728
26,10,7.4080497308938877,2.309824035429902,-0.50945419330474317,0.42089475925401465,1.4707866673487808,-1.1820901995816553,-0.032158757397029586,1.182706347089707,-0.66621452774163692,0.59584568374788882,-0.84748803195498901,-0.73429065894514922,1.0482129960635604,0.025303462520409901,-0.071123189434037129,0.73811668062254754,-0.48235407968290389,1.659384544290059,-0.1303479093294897,0.023413206589517115,1.6055374984558219,1.1202491062261899,1.2405614347312435,0.0036854479873235329,1.1814509807894622,-1.088483388813954,2.4130857457364452,1.3650781929042675,0.028936027259352921,-1.5784633220824287,-0.70694148546596891,1.1004789569466553,-1.3669122924449841
27,1,0.31006125860775269,-0.039939590074624824,-0.16771416961068822,-0.85950780090444978,-0.38059409728962346,-2.2300728116251358,-0.84461572044361255,1.4736214142582442,1.6676417185676082,0.47587845104052795,1.5894353885247228,0.71457756852458376,-1.0820457274088788,0.22468989101334927,-0.94506792833969666,1.9180197647669717,-1.094003474624869,-0.86854396584834503,-0.15057833153165065,-0.60147737762000908,1.4477966798303068,-0.34644574380768822,0.94328006817499122,-0.40059664952983487,-0.00097402492904624693,-0.1906953430888457,-1.0458410786453782,-1.6637762174912625,0.41235144755240033,0.75379530554817675,-0.75668886281725223,0.90816871624710815,0.27322998832276901
27,2,-0.3777913481085825,-0.14812889570530735,1.7157879736284065,-0.49573344389952606,1.8079434941592349,0.86030861836510453,0.41854336982047069,-0.33697585534196317,-0.58470505670555162,-0.50756033020751823,1.8570965714550287,0.63763010553523736,-2.6734462742015643,-0.86729011936436107,-0.87295674554121305,1.8645144512054779,-1.7384816854549465,2.1105858741830947,0.6063077939119077,0.46848243695664904,-0.63740309294468778,0.12172875177687811,-0.28238445083767821,0.18554474288813858,0.15766993326782769,0.33646045058331209,0.4054130393116227,1.1166964004061175,0.7738704793298975,-0.46013574957255787,0.35489857172090705,-1.0141620862409291,-0.36331574436461578
27,3,6.4460449597314105,1.4576709522598419,-0.5474549678149232,0.064832147735721879,-0.061327799301969646,0.8285788484901192,-2.009584694436076,0.48012183774973116,-0.28969399274665653,-0.93929972837514031,1.4430500808269879,1.3706461191368298,-0.41139820128992527,0.12341478251677704,1.213803012210678,0.83047732372229222,1.2663621124196167,0.57569485437497658,1.0533774113806522,0.92389931385036572,-2.3561851689703754,0.59305725598176506,0.74421887558638145,0.097156781375532242,0.62926037084248143,-0.26942073849419518,0.53958001537990863,0.58511413909489041,-1.3240337031294762,0.85609479238662667,0.86652639700977818,1.4019002545542627,-0.70502644378144563
27,4,0.50155917377925285,0.56248166547976897,0.65405938351846227,0.78923330433070193,-0.63153204786418338,-0.83533413013674374,-0.74184221506134995,0.02496875839677316,0.45139753993809678,-0.36293239329760252,-0.39285667506399369,1.5758012252852518,0.73812561034005075,-0.38961900640458624,-1.2143002347409413,0.043917752977589708,-0.37678636350235428,-1.0473780718087156,-2.2501156923841399,-0.86646805156831097,0.15382863488349957,-0.94208105364953776,-1.5268215944401413,-0.35500636477886749,0.71637171107064235,-0.1040006410635273,0.18366951310753438,1.1228636966944023,1.9018324324287035,-0.80601970144760005,0.23408699588342802,0.78670859018165906,-0.50357332644057928
27,5,0.71832542675282673,0.42060735889124068,1.4009702650765885,0.60263174086177707,-1.5300186495127908,1.5829204040873772,-0.044560164460395985,1.435959156875146,-0.42324098421375722,-1.7394944056950257,1.9762561478770346,-0.25266029392805295,-0.23298062071341027,-2.0564554769138073,1.104643277328591,1.4563547726337378,-1.8780121401732561,-1.6610701201091715,-1.1614444155707793,0.7832838696170078,-0.52355906853678047,-0.77072414180637971,-0.016931022083341775,-0.21268376488805707,-0.65728046090641046,1.0124674810595655,-0.61497377560801947,1.3743620704277688,0.49834209250760192,-2.1599892733727688,-0.54755123219933299,-0.6186871354072383,-0.43842149553701837
27,6,2.4403504215478282,-0.14975748176181539,-0.94804756888786224,-0.71188607694871342,0.76556874955639731,1.4084187834361765,1.2565792326282412,-2.5914014367538152,1.1637550965617813,-0.24253802056309426,-0.75786489398767176,-0.47282974286614271,-1.2540266244076419,1.5999538705941563,0.47625388844267774,0.07499550000555541,0.74245190140663153,-0.58862306406062903,0.90648818881775028,-2.3905488954578411,-0.1045963222760129,0.4016103658900782,1.8524513650900389,-1.4045779417439328,-0.45097712835415438,-0.50847220989234199,-0.29462887901012574,-1.1145411410401764,-0.48021511691152824,0.055407229482956684,0.82802066321943657,-1.3205659660190081,0.05235326204394012
27,7,-0.95496057698540981,-0.79687097484437353,-1.8236091076285221,-1.9082877740277586,-0.75818581812165642,2.0023852061918679,0.017759574269622533,0.90252657331805386,0.24300996356583421,-1.5779432483799662,0.42069149976910675,0.031540499274189435,-0.57385729048237155,-0.1263888642786718,-2.7101218981019772,0.61562020276576701,0.20070283953263354,-0.71580014146785298,-0.21582122476585966,0.60342351190733556,0.32089779102245697,2.6855642243917646,-0.55526248710798665,1.1305972885197138,3.0539952856874799,-1.1336038999989952,2.4474046805258296,1.0372875247556861,0.35289327835353596,1.7177780988854847,-0.27175042664529325,-1.0426835565084511,0.11831876424002719
27,8,6.2383466665150937,1.4909345798326425,-0.49313898251765526,0.58268594807872487,0.36696869680056565,-0.13606608249070531,1.0143433696174737,0.3871607825959682,1.3897393610991902,-1.1201039374456285,-0.29473196866322593,-2.2815576403340976,0.16629208631096085,-1.2142447943111994,0.86360548579038721,0.73343946713474539,0.4887351639433129,-0.094018371213640706,0.49772336384632565,0.41244300201711287,-0.033240941688585511,-0.43580222693936504,-1.1738518649604452,-0.55258576149434147,0.46162004792731515,0.67056407376552507,0.60451273131132088,-1.5630996204422651,0.01136321289935055,-1.498100101664642,-0.089631247730855873,0.93811062772253373,0.013165603610731538
27,9,3.7955027291700034,1.577253772926595,1.0688735640307594,0.56701893188604358,0.53828264566157091,0.078615189719228457,-0.21164425726979449,-1.2308691489911772,0.53374420669977163,-1.3004235566903684,-0.49186806750434908,0.01228510552814233,-1.648488248360273,-0.28899426603898887,-0.3648800728024173,-1.7614319058762737,0.037254122672978784,-0.21259079578022189,2.1268546494741121,0.50597412430542132,0.0050999779453751448,1.218280600515196,0.019370754438767561,1.8579991013477377,1.6680118922599796,-1.618086223098802,-1.3230589362984377,-0.50369400274297449,-1.683548485694772,-0.70124875302596545,0.87947103048408826,0.2293193383337605,1.0148956958711848
27,10,-2.8307716297095538,-2.6445654576987345,0.12595993877655004,0.69948631533496564,-0.62237043243165169,0.39123237013525747,0.60983799313313491,-1.5403324314157389,0.61245232442806563,-0.90082059115637669,-0.044060809653442931,0.12380309596541773,1.258744809452397,0.84628738882859833,0.18968181620468788,-1.0750919214782966,0.50059098174167149,-1.8064857873653954,1.0057705218064465,-0.31866909061212179,-0.73559165193237941,-0.30780222983654137,0.25212977963649208,0.39442997805831531,-0.79480881385739444,0.75694722379469737,-2.1838853488577836,0.92236525036996853,-1.6667160243368639,-0.42312487089187106,-0.50474218644694324,1.0718439215547995,0.98755561202804221
28,1,-1.9413341161269519,-0.35892795162841035,-0.096936051335380843,-0.57586161041135009,-0.14506132624621609,-1.1793703360270789,0.47529756433123449,-1.5213345891201056,0.10427223011647055,0.673497670813895,0.95727560258594635,0.7297432705555843,0.34734693149718643,1.752966826883152,-0.011369033475688553,2.0354873294520273,-0.11899352222214774,-0.66142045765867086,0.71419307439160518,0.79800954599516538,-0.1119856483568889,-0.73180805882048827,1.4450759511334217,-1.0675629621863729,-2.0326696259240173,-0.37795949399084666,0.14731625954903554,0.26626140020595263,1.5481674055051267,1.7615898474972571,1.2452494990300838,-0.17153953163978769,-0.19209404100592758
28,2,-1.444796407448274,-0.89683302649986774,0.28190958422478446,1.8367131164641304,1.1891738014370807,0.61741529198090606,1.2493733722800535,0.32134997716870456,-0.53249833058579754,-0.97992602505838056,-0.37029793888182838,1.0838097218436975,0.41662026427140431,-1.0660743892666453,-1.4425296782420736,-1.5380621381459323,-1.8319646308955184,1.4279085140146723,-0.037606850935352716,-1.2145323995901378,0.63212740937187273,-0.12109393492022674,-0.34494587338845273,-1.8799297272462763,-0.98286966379341534,-0.75352834598341267,1.0495949921533296,0.36646619746035369,-0.77406594943802409,0.79621323790208598,-0.93921741514308266,0.33830264663494741,-0.24211545145452243
28,3,-3.842597859384135,-0.38039529114233506,1.2632258060444468,0.43431844929615132,-0.74825266683461789,-1.1545726080568759,-0.16813313748380654,-0.2532367011672414,-0.0095819149688514075,1.2756993953122737,1.121655744461209,-0.76232923901192962,-1.117436407039309,0.53592329337534061,-0.066410763884194632,0.49912976051858254,-0.0057430517211665595,0.34293738057809708,1.3052719006465776,1.2879528871843027,-0.13034573813424918,-0.0011466365905778415,0.3366683533292511,-0.36138795099615151,-0.13736597554874569,0.16527160918635228,0.0740698487998845,0.9143017175123318,0.85266776472177741,-1.0541430383787267,0.078561653852278021,-0.75073109611229605,0.7458106853432086
28,4,2.1620557559491487,0.74233207332464402,-0.63866857450275771,1.0613984831757415,-0.49996054248931898,1.3628242150038741,2.0346529020205382,-1.183197793988823,-0.42797830404544879,0.95010524692477372,-0.55166322419636116,-1.040152990012112,0.77071049074627318,-0.29930172322162363,-0.63353419464920258,0.63946680405038814,-0.10028696059935117,-0.23365163403916367,-1.6404957289093505,1.470981337600723,1.2179586548236898,0.22929208973060022,-0.74860055930396097,-0.70661627341898248,-1.0623109935279471,-0.13219394982476121,-1.0129910728308644,1.270589567571627,-0.93780968562067457,-1.1367332154502006,0.41267179931464237,0.23789858434302602,-1.2758498756443191
28,5,0.1879649682211878,1.0893800827841238,0.56203252719329655,0.12741808298955182,0.57604618763686499,0.59584446732862728,0.31013732396635585,1.4355144856045536,-1.4997330009992917,0.78429801044228542,0.49212504318092837,1.8986462749465483,-0.96642226015629473,-0.21736943787608698,1.986951653581672,-1.3288149852077795,0.36959167861500519,-0.83325189602856586,-3.5131567860219888,-0.14815728883592708,-0.62579733918052016,-0.22291559336702338,0.64299259374143747,-1.5081114114209311,-0.38032887123160808,-0.73257157082363267,0.35865002346881525,-0.71771776002280185,-0.57848168134723521,-1.8710708432157961,-0.19291804625113429,0.0094764393779617224,0.35083423472812963
28,6,0.44903045025853816,0.54806587504325055,0.22530129259867898,-0.40159044611940115,0.45439196060038345,0.38722576316461926,-0.23895322083084564,0.85346968176759408,-0.51256769801830249,-0.5433267476030369,-0.11039959580657717,0.21117188181849231,0.54124181336243049,0.181005747678566,-0.19628296794386263,-1.3115018331257744,-0.42099109671588208,0.64010649837335531,-1.4005440499283066,-1.1937302301244774,0.0085700704636907134,0.34838664781406281,0.66887316528034135,0.010086365918019865,0.82851134639249713,0.1307970568742963,-0.9908660947303447,0.10685395958296272,-0.76534893630945544,-2.077326092487108,1.9826493374966387,2.5876177795768398,0.75283176777616734
28,7,-2.1410740850250551,-0.78526634843828802,0.14241906072360036,0.046116644328133741,-0.82382539176754732,1.9391068528876194,-0.30092648215053447,-1.2968395069471443,-0.33646195325098605,0.15948997426626227,0.27445707394258823,0.89580540874548464,-0.52650077312440302,-0.45113460358904184,1.2688257702933066,1.3589602105392034,0.085055863097049766,0.63343841615449725,1.5437399824729192,2.5800257352418767,0.22872430678441677,0.60631978572907441,1.7438513999202994,-0.75085687793504874,-0.035628000007762291,-0.74603806688608965,-0.59200173356927976,0.032368067679168847,0.69573325795901553,-1.3920817852136389,1.4418020961553908,1.4519310587536998,-0.32541737298110157
28,8,-9.4013967889413372,-1.206515612062671,2.2936053294536514,-1.4403437234037968,-0.35231053235011528,-0.80344350909967432,-1.3336461507791286,0.029629451070260396,-0.43599230777699294,-1.9017376256900125,-1.0682334624945866,-1.3812104296217418,0.49893087823467763,-1.1137596519670074,-0.20559864180621998,1.62585963315884,-2.3258898233988448,-0.028842305567345804,-0.51972492754419342,-0.76536539774343226,-1.1656027387966243,0.57863511197674522,-0.027584160133904915,-1.1442811495891938,-0.1331206568164339,-0.56530571777113026,1.9593085078528556,1.2222426503491217,1.1355141269206424,-1.0550738823354864,2.6152182269286164,0.86773648311098772,1.3741299260280082
28,9,-4.9255719564468663,0.16394389760996625,0.10631552877538843,0.38434173279819833,-0.69267608586603235,0.20249615633884724,-0.0088693675559279924,1.0039161517212947,1.2262792037923924,0.72159732086570449,0.029824409352733484,0.50081992603978442,0.66510510722029037,0.54398121688683343,-1.0383375098024625,0.68862572397673649,-2.5778411923432127,-2.4132810574637307,-1.7120272456763812,-0.1215417922640426,-1.2075558689040831,-0.19407117047006983,1.2780521324010448,1.1272627965444837,-0.82993700006124782,0.4370506792835484,0.24407571886816615,0.5498960438713113,-0.61370336539136605,0.22119460894513182,-0.82944140962107338,-0.8343255850018173,0.58910806270629479
28,10,-3.3093916935190943,0.15324766400462148,-0.93625821542008258,0.83159872203952145,0.24432712563712977,-2.7715916581631137,1.8351523256267714,-0.71920397719068996,-0.27642918043603315,-1.4121709173879522,0.66342370281885221,-1.2548985454825714,-0.66669697762449154,-0.33570721919680019,0.14785382364678065,0.51579497295097854,1.7267708354911853,0.10190861425664484,-0.22947993894151372,-0.81619666856179574,0.73082305344489651,1.7082079499139204,-1.9238234220224963,1.2755025128509574,1.059275758481772,0.79179480629365839,0.51279052929737901,-1.079811545671032,-1.2797537980749614,-0.63368431934284453,0.53135006254340866,-0.1273545946736756,0.1705897899324359
29,1,-1.8524356206524062,-0.46839529071049674,1.3144177392986545,-0.075439333321788121,-0.33105431152651849,0.06389670549935661,1.3712820611727417,-0.1745573163527509,0.45096940938492669,-0.067468585656841468,-0.440066205335581,1.0061808206337495,1.3387992881110955,0.59526943397855336,-1.6643822008334279,1.3210682051359119,1.0701262072668012,0.22424903173572994,0.13659880444639774,-1.2909861877598539,-0.10364108722740584,0.0094963197273808513,-0.30744281786450123,1.4805811719138813,0.81134009643849958,-0.60784792920445252,-0.60895020131718791,-0.43985551690941527,-0.52560188035482247,-0.30065369103486561,0.15480160954062433,0.12152699494971977,0.9802161853201713
29,2,1.1352264441961095,2.1965661807307302,1.4267123900282355,0.10140954211928221,1.0738362933237167,-0.14961556097719389,0.76074551391570167,-0.43278504051036404,-0.024645465015804197,-0.25136730754252956,-0.17127570727723748,-0.034421744902056614,0.9212190677153087,-1.2200675325227526,-0.94172042960753843,2.449279958274754,-0.47054417373077201,0.079815635208028438,0.53956314539948858,-1.5131015402432579,0.024293166213369844,1.1043590064194939,0.64090210463985953,0.12460310418828971,1.0089769047583843,-1.5107911515843349,0.32457378885800059,-1.8626110210273037,-0.07427668390029557,0.093803077477815605,-0.60166523909722813,-1.5287171738112177,-0.013942456910087856
29,3,2.551521666514974,0.96162940620358939,1.5523752634501085,0.082282127013681802,-1.151682767378635,1.0187517165826885,0.13299002031665821,1.5848097536111165,-0.29804184569419384,0.15419746681366706,-0.33524006023618597,-0.040958763695680536,0.53903426267616694,-0.59398106783923055,0.41646422220915325,0.8949427551222463,-0.38704846277259608,1.332479207063207,-0.62704987070315366,-1.6907503841845173,-1.3523051932778205,-0.42561567351790974,-0.58855981105551203,-1.8186074451586245,1.0973241540359935,-1.411534911612442,0.86804174702963965,-0.087637708241179224,0.77033509652331733,-0.42428651491621661,1.034280389251635,1.0441421181214092,-0.27929006807109508
29,4,-3.6317990114963812,-1.7377797001609614,-0.21160560015979032,-0.54929779961806924,0.91770868447861964,-0.28632355346296251,2.3290020843240953,-1.0895284998985508,-0.074774533887111583,-0.58981680375327794,0.044488563286637042,0.75560358349233103,-0.30024081700138855,0.037045711022171329,0.52625293718261934,-0.52994600996767705,1.1575464501049875,0.33842026930023972,-0.85974716787042649,0.022709202906144338,0.72997828578573376,0.32176056686100796,0.13122642822377245,-0.9907524315337829,0.27305633990122252,-0.1143810320872399,1.8380531422875956,-1.2881797916945505,-1.4864966709711738,-0.30664062507876938,0.84080449943592273,0.76278439013244548,0.95366177187902035
29,5,1.8444185369339494,-0.0035816027835947634,-0.29576132189427606,-1.3599227609004925,-0.22007097717437255,-1.0848709212950494,0.097567795748880665,-0.71851944550258107,1.1982529109490805,1.2481821171895418,-0.2729762105021607,0.40434919658384449,0.91700328716850565,0.84575726207996671,-0.90618067504313105,0.91736394350562156,-0.047186772856645062,-0.57650797484852301,1.0290307804209375,1.1618014915679744,-2.4054882853364541,-0.86864760427171805,0.051390848571894028,-1.0699661980083703,-0.76343085670633393,0.30114530026240671,-1.3017185335386994,0.30660427187617273,0.50542539226478711,-0.40478375706168057,1.3992087274117149,1.8186608583802064,0.3902267593161991
29,6,-4.7670599299360585,-1.2305650018694219,1.5390601685819885,-0.87857360009566376,0.41173079394377837,1.1965247829698729,0.11677177969391515,1.1795810021732454,-0.45667914828549899,0.21147962285188157,-0.25742388879021133,-1.2510804424907211,-0.31189603779537661,-2.0709170020388687,0.26777171374469716,-1.7156500043085772,-0.87467107152266066,0.32565347636188019,0.42906069273221015,-0.52643979060313095,-0.97996138461419247,0.63685966499258484,-0.12104903317836888,0.59425428389162804,0.44008596506633152,0.61459332775567976,-0.37187407675050971,-0.25805197841616273,0.20277544319761864,0.42471837407568158,0.26476086246231106,-1.9183456403397301,-1.3762099781830475
29,7,2.0157364021267372,0.2584395839341862,-0.30650264955042561,1.4301067907770055,-0.26464053791664227,0.6529576075874266,-0.90605101295310964,1.5352476976974068,0.3929525926623344,-0.17963592311571194,2.0415169215995963,0.60590723825943194,-0.37286140644561222,-0.81216173829980121,1.287339709817976,1.0997785198100745,0.49443842224236229,-1.765511107477314,-1.5069446863074134,-0.92502686722898764,0.7707836591243058,-2.3318978199691651,-1.195549699809163,-2.7691143769903688,1.1312674318843972,0.24147030760197177,0.21509766503643399,0.27140484417661087,-0.61013976905541556,1.5698770902014956,-0.81178893430145405,-1.1397748707817104,-0.76891601564951739
29,8,2.6878461818914641,1.3017050364190905,-1.0305918051846246,-0.75867868173393682,0.95454727220413704,1.5056872923333677,-1.005921245530641,-0.038132097230990647,-1.180491739152401,-1.5063235743031205,-0.7050135911636557,-0.98833099916116518,1.2532449249735607,-0.95201632685465509,0.061532342180407158,0.56886757169733337,-0.37665655316174329,-0.023074420852410502,-0.38441650772091029,-0.44817081308115131,-0.27761095060391394,1.2645538399436023,-0.059034479534865916,-0.5877306991921768,0.2664142817918882,-1.5570622159302827,0.057514818356547849,1.2312434867626532,0.80461774989829238,0.89140356893936101,-0.70309373029652444,-0.053760031482821304,0.40997338432921682
29,9,-4.0301909899238018,-1.6144451660200503,-1.0442934687958982,-0.37414136189946989,-0.42988500536613378,0.50515711002756225,0.57001683063733399,-0.40367199492502048,-1.3534588681321884,-0.013127066417645366,0.85603612261377315,0.097304410938409511,0.22539056108158104,-0.82600474894819931,-0.2419520785962653,-0.80066453589809039,0.59437174996856013,0.33275291256692585,0.68483866506223812,0.88129814148376084,-0.67215329567290738,1.7419909605617021,-1.7431983689554367,0.48538791629570671,-0.43139135538756523,1.4497138533531568,2.5975668902690119,1.2022629749601805,0.30804664982387814,1.662393111468808,1.854812123864769,-1.3867228632429733,0.25200273820595714
29,10,-2.4217285359981955,-0.85150076215820414,0.89462039227861168,-0.25166163846309703,-0.34324191410289673,-1.2062133379860713,1.1262104788153904,-1.6789110481424432,-0.084648918039045257,0.29549013338970936,-0.2332477992411317,0.37533979978043125,-1.0510314124221929,1.8022083158081781,-0.88294786975685802,-0.29794163291468911,-0.0055444869361436413,0.46127495800382856,-1.5476065245802573,-0.85040252293228058,-0.2035678441729678,-1.5428372967434492,-0.12151310606232217,0.65282318458371613,0.87865623448218355,0.15499033187111799,-0.5180590327538408,-0.24722611248945975,0.28991908735445826,0.013238363063497233,0.58883373961557495,2.3642277993590297,0.68166190957637818
30,1,5.8670910964867424,1.0686598894609622,0.046831170860165486,0.52928828388495552,0.51327511432003425,0.41019354594060015,0.39761912041040587,-0.68113133577409746,1.1555574543942264,0.8158501370179575,-0.33190245481637259,0.18354221117823646,-1.3569897293314719,0.00022397904841533586,0.013064762726682659,1.5854515149659429,-1.2563373411571122,0.78297601067558831,0.39507869357304393,1.4480414071386469,1.111424798971048,1.1483690750057973,-1.8784455167964216,-0.73385656547624789,2.0590329898261781,1.1958069991533922,-0.26858464747892341,-0.62458679102528425,-0.57499390214915158,-0.42545144755278824,0.50574122765107077,2.0976271501215171,-0.51485219357317902
30,2,1.5735687596696124,0.33577866228159614,-0.99681624629031573,-1.251067339484818,0.56498071328838351,1.130375509729151,1.2211044653501746,0.24468950983040316,2.0196328740477716,-0.6597297071895285,-0.41959887089963682,0.81362897107565413,0.46027468805156319,-0.19058981967160754,1.4454287085865607,0.21751112332237421,-0.028263652391996519,-0.34811711402478057,0.14496135380275924,1.6217936830025843,0.46160003275793121,0.78526094312046624,0.095476207957799819,0.89570962139820087,0.88902052919040198,0.96346666685592375,0.67388538661112674,-0.15813453733403862,-0.10653338089745179,0.039912676748895544,-0.89809167996980876,0.5766633433932874,0.56196836840271291
30,3,-3.2064595129034466,0.053868381053080547,-0.46964652459048567,-1.362560724674972,-0.46800619895162804,0.35342191216441837,-0.31512099460611942,0.39863001251432623,-0.33842709251892183,0.14134971973773536,0.38375299576084698,-1.0987516162286159,1.2606815432430196,0.092657674036983828,1.6754686350570851,-1.5572363892374816,0.56053069995561189,0.62526368773613794,-1.6592459952017808,2.0358653696094158,0.43026492177208142,1.2784376307343317,0.11697015531426858,-0.9390752634262155,0.0079451997211109123,0.27982963201238298,-0.37934389809726887,-0.4873934801748418,0.19971191701480956,-1.2141238643746315,-1.1342723482649109,-0.99198406210228707,-0.011186289379477448
30,4,-0.6363598345471142,0.035322609201244269,-1.2525013500687798,-0.84457095082514977,-0.41230572946809457,1.2764278047366089,-0.16981481472257717,0.910961525396769,0.083050797384636804,0.55587701186162441,0.50066351571371992,1.6182388732891735,0.95673784681852747,0.68440835434657032,-0.29424436705608903,-0.20667606621461238,-1.2519984993193798,0.56761245852538134,-0.004338696280365241,-0.0023697392578330371,-0.22514598459943364,0.16003950132866246,0.38193611900361013,-0.40899507843217975,0.64042854467401378,-0.23688019969362728,-0.19562969133541178,0.10308650061640937,0.1515967790782978,0.2066568265328653,0.88461612507938892,0.07760673473528823,1.2219942997858517
30,5,-1.0018306883129913,1.3954790603084379,1.2436241465199918,-0.71630608105755944,-0.0064470553762611014,0.3180441544665516,0.9444926972668678,0.019322865894839312,-1.2032100355384545,-1.19254824346095,0.99543581061471564,-0.054499540647408869,-0.33044961489805635,0.70321765814408543,-0.077850648440540793,-0.15854454082039424,1.9906416992514215,0.070609639004483776,1.3965124752990994,0.51402211000480924,0.727638171779453,-0.37237067412395475,-0.086411911465666402,1.6027367570489279,2.5892305931031325,0.3604574468848265,0.13439577795996421,-0.84488916658243096,0.71310491378683472,0.38172085723717719,-0.012138181711359823,0.33353609496023051,-0.050303890484146858
30,6,-4.5794567699527287,-1.937665377145559,-0.52920081829062515,-0.85577091939547179,0.41219193633883372,-2.0801308052475735,-0.64846207193537719,-0.54692294452059387,-0.081010342493406995,-0.059370739194173745,0.73596226573120527,-0.61216628776356419,-1.0761066154383103,0.56186775471665618,-0.39275800262157401,-0.13957731918920421,-0.00041304335943235902,2.4792893886601326,-0.82703975959996534,-0.62677365593444412,0.10190378592358584,1.9424826914973943,-0.94522986556610777,0.76062797731573062,1.3932925388151789,-2.0432496862902974,-0.37656623611140461,-2.0882324953700095,0.58162781600363844,-0.64947959228451846,-0.27901036737575907,1.4058985302292797,2.2744918055584091
30,7,-2.1072622765371358,-0.35354963412227136,0.77047985229648053,0.56025496433068012,-0.37868833668146495,-1.3165637322802026,1.4569258462301409,-0.28327120142650902,0.34390919538753512,-0.39219853596494997,0.59851488490671867,0.99948001944652176,-1.9545420597542409,-0.64417091947662153,0.75870853102495739,-0.44720464277078725,0.023528725975196535,0.78539689212922736,0.52069380345000837,-0.38907263060458569,0.13927184733621639,-0.42164018470532572,0.92340204766513012,0.28326184382793884,-0.6766753072659496,0.18970518075840651,0.12851822077697472,-1.0789270953290471,0.71069258292436788,1.0273927841885087,-1.0310864651428329,-0.64664058239927036,-0.56172601410288425
30,8,3.7804388829833897,2.2681550448265524,1.2841300465044165,0.72759434599668349,-0.094649053736118594,0.27462629875644429,-0.51364467648979828,0.96116837240042963,1.7153484351693344,-1.83901743425617,-3.455409289216222,0.48978674201560313,-1.1836400102651061,-0.14874634227706734,1.0658602042597005,0.036742970237064472,-0.20490764929398497,-0.33415232170659964,0.38390187523973612,0.12744705323871083,0.57744798470590819,3.4551993820814739,-0.14767133455113868,0.089226958641967363,-0.45666452535275831,-2.3490912709444167,0.80006788060244782,-0.8191333964066938,-0.49384308769340096,0.077594873862543906,-0.071210706637631349,-0.37393896312286834,-0.49239970619835854
30,9,-1.4399556101471882,0.20744934548833144,-0.80049305633573875,0.38659038785057337,-0.19267992189567754,-0.70945787814223404,1.1822874347630177,0.57433916522570472,0.97509767597336217,-0.7788692730369825,1.1241189976039745,-0.59918371019301908,1.1382699450728155,-0.77579404919586703,-1.2006174235512674,0.21176771661815041,-1.7792089707559633,0.76267965367697066,1.2505294984332056,-0.55593795640762877,-0.16708401273477572,0.52134260881591676,0.40219348143276151,-1.0680866657265919,-1.5857500832489995,0.55407946204568259,0.64590122024752883,0.33575720830963446,-0.25900137493951036,-1.0409834012012673,0.82811412727668521,-1.1599978255452994,-0.89504188996617862
30,10,0.39045164318906533,-0.055026789518180325,-0.38523105789561013,-0.4664113878864119,-0.40750572384683326,1.3042153051419083,-0.18263824159279052,0.53234829819644802,0.064818263644382243,-1.239978911673796,-1.1338367028735687,1.5514058094671404,-0.52176743769935574,-0.41552120357939487,1.2939010620707438,-2.5787845267951197,1.3697785811104752,1.3323155222460703,-0.10629681109215425,0.19769570644455026,1.1558736229037099,-0.23278055806504,-1.6473438707953649,2.5336997516167274,0.5025957127303623,-0.34019273422479845,0.74020534712025199,2.1524063978363115,-0.3995467972648033,-0.73699393589764806,1.4625515224413612,0.15108816787906748,-0.80525698134449553
31,1,-0.61085087883940159,0.63012048074936478,0.73115343323723148,0.4665082749095843,-1.6760252133111198,-0.151725540067951,1.5227606747483824,-1.8182471684805452,0.73876481134369654,0.36759565022546042,-0.72462143633178711,0.62791073355089766,0.94338439177091704,-1.9922047065082784,-1.0580731465776327,-1.2235189032466873,-0.51745208978161927,-0.18475256513510729,2.0692257975598847,0.97126365348540311,0.93754165547436052,-0.16390754446134903,-0.45503873798950173,-1.5847649546776352,-0.53539473344620214,-0.81980425085778363,-0.69197848544539553,0.14624721361320048,1.5881793020126185,-0.26036173007799851,-0.73999724678193501,-0.52330233889488331,1.1029314231622624
31,2,0.97834175031565662,0.078569240260584552,-0.61756938808512118,-0.34199448305794983,-0.89772635749143181,-0.50468439289333622,0.70278004937328165,1.3267350595969742,1.0315535671163965,-1.2103685475669779,0.66731227858511555,-0.222588518964459,0.50493894041924281,0.231786198713089,-0.14561358171634708,0.048352050628411206,-0.98423233009376976,0.69413168203992448,-1.0819598807104556,-0.1819790941367205,-0.10359836026475072,-0.56257524917938229,0.28434420719079462,-0.58378499155552199,0.28476668577223452,-0.55423934455067825,0.88468489707880571,1.2399015663989765,-0.37970651120321153,1.9576735668915037,0.70373399320257923,1.2268147414795809,-0.85503682036415707
31,3,0.7899510184238252,-0.17419830155736007,0.29770968008774407,-0.2026863537430611,-0.80393487231213911,-2.0853042145448448,-1.2702460752145655,1.4666744969040848,0.94500973037165481,1.4429444431706626,-0.71957676390608805,-0.28696099208344689,0.66261620358030493,0.25825698973630939,1.2830443005719037,-0.22058118149016692,0.40449435252427673,0.9133005487895216,0.99118265604479794,1.4190460558567595,1.0033134743570864,0.41492704746359782,-1.0789444189436028,0.35835999302439958,1.2306430273329456,-2.3788646739516057,-0.94459087045036205,0.20800051480090048,1.2244149403982287,0.61688899431448241,2.0949741612001058,1.2698331818572253,-1.3920286250215146
31,4,-3.4708458579677095,-1.804527212377222,-0.49925164147104734,-0.43707155132470171,0.94611352378067404,-1.0441017341131311,1.0353787830724128,-1.7479142149746907,0.39468142070883239,1.1909594204718408,1.137187154572417,-0.07691949768105108,-1.6101369707543025,-1.7147413888127179,1.0592439056536824,-0.38909282381044946,-2.5435229596572668,-2.3691799404327716,-0.39825728181713788,-0.18772434358993392,0.94634658918924619,1.4549834338274039,0.68768048838502993,-0.91601200913028058,-0.26904521587229718,1.2796426132882273,1.1609655524834777,-1.0984883681372459,1.4473951788536557,-0.37478888777645175,0.56872556074441716,-0.61600761825325023,-0.80771934987778882
31,5,-2.7948940115447991,-1.3057641676315539,0.88115031122909171,1.2728042814032758,-2.6112842015402427,-1.5722760216572986,-0.75807533090670687,1.216039050172123,-0.53393982952824925,-0.1927605078624009,1.9644932653612859,-0.74470431384198632,0.45656470560340279,-0.3196928189144847,-0.050876404213234229,-0.85864942453060689,0.43868240284002258,2.0341779694588009,-1.8200929509937815,-1.1794940574438117,1.6292269231129937,-0.26860561866702565,1.4263902557514965,1.208553463417511,1.4809671320343356,0.19468702024933013,0.0046209912511576403,-1.2503675164617727,1.6416921762979844,0.02942149287004148,-0.42837530468164242,1.2110857511278723,-1.0676472797120975
31,6,-1.2267726013090345,1.30328011247551,0.29191665960862523,-0.22338429446299687,0.67697048475664634,-2.0624050205864322,-0.68194116665347149,-0.70111778589610785,-0.27608918968173091,1.5268686562076152,1.2698461875274094,-1.6265474550738466,0.96452346019202218,-1.8744807438526194,0.1110024791257716,-1.8712719976735273,0.23982305614872021,0.85264102026169764,-2.1312611770653,0.98756450773270199,0.6479765273406034,0.63743006184934348,-1.8835175018656509,-0.41612104679804757,-0.78673804575213302,-0.6242125608044764,0.35826928275853048,1.0431527288810649,-0.72200643297247613,-0.97273099924693185,-1.2651421475714537,-0.037753803151051986,0.028517887468578942
31,7,1.0724778767675023,0.88542352444563732,-0.2520462303732009,0.58219390678711602,-0.022694009513678136,-0.52865018201684455,0.40573666259565527,0.19540985084437354,1.576487126174144,-1.0366528259443626,2.1725547214170748,-0.98477311393279543,0.41658372983744973,1.4062213752962345,-0.25619958261951853,0.68247097262911338,0.56163652565297095,-0.36023538374159114,0.39531765959018866,1.3737958361407767,-0.45928787602584337,-0.4708586591459793,-0.24642337035538905,-1.1665134257876046,1.3989438552308517,-0.060736012251606179,-0.87958744434136038,-0.20909030331122647,0.38659680718258038,-0.50832681715196804,-2.0165311483026302,-0.74519068765843477,0.05582665712768331
31,8,1.0356991360569461,0.29889536607205236,-0.47216171826530257,0.12629646389006363,1.3888916787048773,0.024139651176061164,-0.61218418255055096,-0.14023179564278185,1.4795064089139012,0.84595193826592341,0.58931221916339116,1.098275648245292,1.3785845759880837,-1.1699576752151304,-1.4652438810742756,-0.40027974334007249,-1.2869900835217269,-0.8348606018881517,-0.23391405093650311,0.30882459670384899,0.92012145120636202,2.1081424727626787,0.46816390163993854,-0.29386074659004413,1.4446616610165992,0.72946444190322957,-0.26898802053933185,0.22904078035334521,0.47952365504150457,-1.0742842712837217,-0.55153392091030162,-0.90033110254202853,-2.4943243952367551
31,9,0.011096264013091273,-0.63258322592023819,0.14401300074229142,-0.094169941542001506,0.81597929183324247,-1.7419256659864208,1.6512417187918409,1.6399061890710889,0.99509570862530383,0.62226173301263454,1.5712783015120142,0.16575579945756683,-0.76601135106701335,0.027379708956563158,-0.18611924085522544,-2.2196159712243877,0.20023933159362206,1.7206585283002984,-1.1141618470812649,-1.0074059308354182,-0.97004839747544125,0.46914292572036287,-0.57956140535971423,-0.18163936863492444,0.8748746423543956,0.95800699258999189,-0.11080432577006533,-1.5776802087567299,0.24254583621682468,1.3020349960233186,0.12447341206619478,2.398508107274564,-0.71343579250204281
31,10,-1.8996512448540623,0.29936482748737914,0.3605086158875096,-0.2998064835755172,1.092674342639641,-0.0036435114627075449,-0.32628066553726565,2.5713520285613294,-0.47912782039459462,-1.2052748444880574,-0.96113376472227063,0.48345839888797204,0.34424881173897298,-0.26044965355968086,0.46734479806861018,0.46145464502953815,0.46556955381983228,0.61322384038431743,0.28305799041838392,-0.48162011534567412,1.8040729948958858,-0.24907640808265474,0.61108473433748856,0.27175425469761788,0.52679308880940146,-0.064881078857772917,-0.48127314494179035,-0.44229936390102592,-1.5517433503042712,0.42116016592941852,0.093876735909206407,-0.59943999808408033,-0.57892688213945687
32,1,-2.1778774432598298,0.24008557481668741,0.080154799032347832,0.0051432100381718672,0.32697038216092184,-0.89785461940197486,-1.0080958049168873,0.26859507433440638,1.6489432719109134,-0.49837545785725901,1.6449845784259618,-0.69180681079336093,-1.332043715106219,1.0087269292959089,-0.64613883077014744,-0.26420225359827987,-0.11332851978557207,-0.96170209586714106,-0.025120902257534251,0.17846753478522923,0.29671036181111682,0.70793935076633185,0.82355292170957728,1.0867948941901922,0.12584781776680398,-0.092916215560857662,-1.3597928069962597,0.43934219934787661,-1.3619356740495161,-0.015721071500620659,-0.21073406866145836,-1.4979444802220374,1.2539656150587914
32,2,4.9195554948099698,2.3812207899921001,0.11216301822680479,0.90079667293650623,-0.47027281502797985,1.0567177435552517,-1.4301336958186814,0.88314031084719036,0.9879893794103537,1.4252696018787692,-0.11424762020118708,-1.7252763102365127,0.10877970610896588,-1.223889128214497,-0.60484622742689687,0.62136804528071288,-0.74985527124090579,1.093101136730666,-0.8284531383897028,0.81414252767642059,-0.52098376065396201,0.94893926545026741,-1.1446705802222032,0.43752555706635143,-1.4720061816974017,-2.108719821115471,-1.4293953413018432,-0.062967389856861594,-0.80209512265032301,-0.22033534525892937,0.53415248322037512,2.1605357482064167,2.4441526171643351
32,3,0.35549562726844969,-0.15238242393973961,1.7197693437943509,0.65887063562197268,2.0415068935354883,-1.8505529271558898,-0.47679700473156045,-0.26929904226170887,-0.8578995554870531,2.1188121861127662,-0.90238955952731137,0.37904277948391624,0.078653057641100588,0.60163227579467349,-0.92825457757483498,1.5680603493772836,-0.93121777403266714,1.8462415025348151,-1.760155042788903,-1.094953904901506,-0.70233640999835445,-0.67203059793670172,-0.97020951133546052,0.99139477792318276,-1.2169961680763048,-0.18345609754764264,-0.59130905536191558,-0.84471818730042525,-0.6113551738817592,-1.5675669521153373,-1.0113530078792037,0.9755391941594691,-0.73280466440686165
32,4,4.1071991189857737,0.47056235212514907,-1.2041288458513535,1.4718607674527437,0.63471018944774138,-0.59106549190695745,-1.0121576873084059,-0.28924534112285138,1.3302943938192544,1.233387692247965,0.033256022243627247,-2.0419395470305877,0.8885191233506381,-0.48094595474787188,-1.2459157661735027,-2.0007944121720351,-0.0049261950686906204,1.1391345224140108,-0.78435909774416723,0.39151278603271294,0.04932961786660775,0.20495000754963116,-0.04629780015379336,-0.54284083383713444,1.2949506862693132,1.202135453153871,-1.1498404589807842,0.72656599029651125,-2.1762322984571552,-0.53527051633869926,-0.92103400708660121,-0.94958293995130028,-0.54401546396668332
32,5,-0.37507493127263336,0.39091810469595623,-1.0056372473394239,0.52465333297520045,-0.59841374663180613,-1.1496825012125917,0.9603489282669383,-0.14590085333816896,1.1859908202981253,-0.33836286762958195,-0.17936934860590562,-1.4781043069332527,-0.25932800451469884,1.4767772779331658,-0.23944291875455742,1.4105130815301929,-0.16495704909940045,0.37450894709473587,-0.49623543133399528,0.53355338126528618,-0.7526142515446772,1.656621458031176,0.70328995510135539,0.26544687157564945,-2.2336783247748757,0.64980161250559243,-0.96547236137710279,-0.90061660590341652,1.319327964538805,0.11498831846889952,2.0556037643428549,-0.4780715039624327,0.38212519911319293
32,6,2.3170042827671997,0.86574267064491228,-2.5459462602084173,-0.34673592589253993,0.97499854106593442,-0.1659511484903598,1.1663973231146609,0.35148762712116888,-0.17322050403921668,1.7976099079689307,-0.87143252140002947,-1.5237060917931053,-0.63042629605571121,0.150611531611994,0.11173424176296194,-0.79151433126743775,0.97024830454402566,0.74528080589881862,0.46780640023342329,-0.65505100577819486,0.7358149124838701,-0.30572188949807044,1.1260321279954739,-1.542679660351161,0.38001959438876876,-1.2042018806365868,-0.15750538973002118,0.96715401858319905,-1.3404922564450541,-1.5729206783827763,1.232769912581708,-0.88422199071590413,0.080134283933540038
32,7,1.8544093731724296,0.36548119855308192,-0.41573061536907252,-0.68531034229794763,-0.4037977534098865,0.48264814256923994,-1.7102999132422396,0.67754699073778413,-0.51484626618248752,0.92640270335821973,-0.86932611012208827,0.068784309392421583,0.13939587835795325,1.1432878323869615,0.5646349568436525,0.14890391539565839,-0.068342993955754217,-0.47789976729875067,-2.1604136399217646,1.8579253703539917,-0.77364130444224766,0.87155060418609331,0.51519851113086412,-0.56716667085720129,-2.1911743577478164,0.89579156906471558,-0.63353788343414685,-2.0575755694345981,0.11933737796574023,1.5809145723050517,-0.32792591073673361,1.4175136026386348,-1.2760788124389004
32,8,-3.765268333511429,0.70519702216994617,1.3553381839928493,-0.35737224491765474,-0.78088847928685701,-0.061701236943212397,1.041852763722156,0.55397590363747873,0.44514470348783641,0.65398710458956211,0.83869624833317358,-0.66231399811628899,1.5992492068660087,0.5049807703022392,0.50936557715903286,0.5248744249598547,-0.22102655011769864,0.12347570053409357,0.12223746949740112,-0.88841923307944215,0.50037022526308883,0.72187217845626817,-0.22519160662111018,0.40778547786521152,1.0932589333572911,-0.65545717019277783,-0.4468218652314988,-0.61350301465412038,-1.2139618494785731,-0.23817616746092302,0.35597536606358576,-1.0911055831965191,1.0013944091960532
32,9,-1.7531384243627732,1.2906732593288712,-0.74696865027497683,-1.5027818962696289,0.37834664143612118,-0.86099678144091696,-0.94026819117289906,-0.82055549785402337,0.89465043819746204,-0.60873530261824338,-0.41993695247198454,0.14730032455933609,-0.54845650672629842,-0.46407925734348299,1.0938632550535217,-1.2659493589930353,-1.1108838996321038,-0.64092405914663786,-0.5108123394223546,-0.546706515042508,-0.45374852875196009,-1.406305492257635,0.80468297850782022,0.32643391138082467,-1.5438140706747394,-0.42394028950810481,0.79864251108804651,-0.36295671179396038,0.66895294380035797,-0.28006349955551452,0.66317402904349709,-0.85258197950684567,1.8235328804421478
32,10,0.069475793734776081,0.95556881846691222,-0.74416618624660225,1.133727101769503,-1.5942502581346907,1.5656567056949067,1.0011189670733176,-1.2824455458678097,-0.79432578419656286,1.0458208674458931,-0.80461022097923318,0.04035504176345539,1.1355246014084026,-0.081077314328596273,-0.18468029090406579,-0.2583811334426494,-0.56572794393586401,0.37596279922879788,0.73352300494712719,0.36609833582053397,1.0352989372171875,0.50438093598502787,0.4959836392604754,-0.32528760508869958,-0.70411904649697188,1.0224607297805353,-0.79599329713258049,-0.72222226447444693,0.13433023233835908,-0.38550907803877021,0.65081439183659362,-1.6180852768657479,0.47949353177324971
33,1,0.57612885235297262,-0.96566470356056922,-1.4344478861360215,-0.043873357520459469,-0.49343802884777432,0.39401854730835201,0.42059978870439663,-0.25045430158650034,0.041447356310003437,-0.037605126628709615,-1.0180380796969675,-1.9699128392049636,1.7230467569687726,2.2232505055530742,-0.0086142482681227702,-0.24100291862485343,1.9213372322666091,0.99769641267252851,-1.9751332244013384,-1.2700516650421729,2.4501355296457361,-0.26317483340921427,0.12610808504125026,-0.14149982983441747,0.66263527743628592,0.17214478547148859,-0.072179749812905758,-0.41211216817815183,0.40743690470774729,0.40898389866013574,1.2397981299545358,-0.10298827247373327,-0.13079812289249179
33,2,2.090679151261793,0.074551366063296765,-1.3064463533236395,-0.31206628057133567,-0.045795065031609856,-1.0419115523042168,0.0093285849405005793,-1.5396459229666239,-0.48100300951173525,1.0107390968401437,0.56978344063433495,1.7174002810746765,1.4300765763246102,2.1662978289466146,-0.41561349980964174,-1.6441048504904703,0.4139800347317088,0.11984329967070949,0.82090796569399882,0.45777081121824104,0.28601232773061452,-1.1517569724651364,-0.89394003961103408,-1.2760640857315895,0.26053291858234223,0.94792315315312303,-0.9974698982587894,-0.11064964723709979,-0.38598098144380172,-1.1896585135664699,0.072763464562686064,-0.27805993387133621,-1.511460004216798
33,3,2.6890838514001345,0.37805525281823793,0.1051991827805472,1.0389628217854234,1.9046153646829367,-0.16247278508974267,1.4853527515906975,1.0010201628428395,-0.99837882219802843,0.54422229093341867,-0.67853034365637754,-1.3192710010064146,-0.57456982822751068,-0.60517014938889158,0.47532121198722233,2.2135442792308364,-0.2233910451232036,0.27598481619544624,-0.24285236144391276,2.6426120458916658,-1.5833575101412347,0.66652648139094473,1.6408995613685891,-0.47157526053147369,2.2894681633178227,-0.1288000959732411,0.23887047230299729,-0.65687758286414577,0.11149860229017501,-1.7437820070197667,0.7407677032063601,-0.91588943593347494,0.020259231440247438
33,4,1.1826979559480004,0.77287179533950201,0.82914093393577715,0.77195438751588308,0.96787646037536312,0.44742005628386716,-0.81523653383755401,2.7290564806578175,0.79530968475198494,1.6764968555141739,2.6266512812269309,0.91571871601497967,0.21294409355776389,0.52419235211919868,0.29259310919169662,-1.2244979487653889,0.32748287578797863,0.77328111497610663,-0.43408173982596443,0.88107469448699538,0.16779979808633758,-0.1055442380961429,-0.70589858340698897,0.7620342127074754,-0.78620611791975037,1.3022425952070447,0.34048852182422873,0.012437616673852417,-2.8946739680667473,-0.27756289989072636,0.24969290060194943,-0.094749076176255567,0.51216102500670424
33,5,3.6407003834533707,0.46255653162748012,-0.63457614194832723,1.229736954845376,0.30119056088606411,0.8392173295774602,0.042354550304440818,1.1003718491254042,-0.033090357183555449,-1.4551553927045262,-1.7054519427633026,0.2436135727258644,-0.22827383409593488,-0.14311405002773228,2.1006777703863064,-0.2557899358529746,-0.64745052121392865,-1.5227897149540297,1.1000116114236176,-1.1275086331878341,-0.27984916008701405,2.3923235191302012,-0.26726820219731529,1.2720580376511232,0.098022615842184635,0.54689490324764933,0.99700192271150523,1.4960668510482664,-0.34943226452199794,1.3727147126081576,-0.73635149371391173,-0.47266750892330067,0.27018153838962305
33,6,-2.7027997875384715,-0.93771088890952581,0.68445535175515448,-0.79604679900709674,-1.1032663269104328,0.24695471984058753,1.1150868194321635,0.16578631820894518,-0.090817685404455215,-0.17548640562031778,-1.2938139132889477,0.51766263840322835,-1.3151615127401717,0.41205205510223264,0.9993645432489533,-0.80103701336608824,-1.2920901213956932,1.4595992085857685,2.5433879040143186,-0.32573404648496929,0.22895835658532152,-0.46873832674815552,0.19204729091593398,-1.5343111095444504,-0.38507566232429735,1.7831298735295908,1.6685171305816431,-0.24870110398123413,0.1319307782981268,-0.13367403486394225,0.15386276529576406,-0.3474698777439601,-0.071524251337832509
33,7,2.3614465085640646,0.052541548301828014,-1.3703474499944213,-0.62430992488574422,1.5849539593720987,1.3996465235008007,0.028626866733565237,-1.1808961237710036,-0.030591765884356768,-0.39646189539144661,-0.90741538075674222,0.34882018448291829,-0.48846803509567177,-0.15351691493210357,-0.079651560995809889,-1.5130388251696738,1.3403743784580344,-0.31839848352722355,0.15520506372511533,-0.97959983747325241,1.1752447280798499,-0.1570295015320636,1.2504773095798831,-0.29418802787159209,-0.62589625500934398,-0.62924858762481317,-0.38367770333978946,-0.67832438446827414,0.90763798240232163,-0.68871008390053523,0.97178932325091072,-1.0546933841274881,1.2252519895809921
33,8,8.054763364695761,0.57690010822825266,-0.81992720464951796,1.6674558588416644,1.8566944165568047,-1.2082573540537058,-0.23470262768361397,1.0859009662726289,-1.4746638247093729,-1.3951779649247218,0.49716351500268552,-1.3482282484281038,-0.60460950865477403,-0.50583616429130962,0.52895006028923464,-2.2760572115132249,0.62322675999198207,0.25906449498557571,-0.22175391670796396,-1.4711943905717353,0.27567117049105888,-0.73166960585050489,0.65293298146835477,-1.2015548397994522,0.69596927615915993,0.29848729210905633,0.26398030511795895,3.3976622031542036,-0.48540463927094357,1.5427863592611346,-2.0448652874601763,1.9931147157352218,-2.4454655433166002
33,9,0.21653680389833402,0.40581804195362986,-0.3967594044625794,-0.03285340698852799,0.36997658202015604,1.3663679666238278,-0.78157043043366103,1.9547489274536314,-0.67060541678843488,-0.84027494408020842,-0.62507338365918308,0.35765829316420805,0.507506274760822,-1.278300129319073,-0.58497366375306803,0.67199150407279862,-0.22670756500012221,0.67947946890523669,0.1199057578120724,2.4306241765375298,1.0180055132182311,-0.055083225590642805,0.44392973522865081,-0.051107990353981475,-1.4518981517075447,0.14444654523251049,-0.32469131515290595,-0.86835227131477888,0.21001655025302318,-0.41555825922020356,-1.5235774368741026,-0.42821482147621015,1.3638322437369854
33,10,-0.44276968243145898,0.10108500833023061,0.13222990149502564,-0.93548536927266357,1.2566843655751614,-0.22174124043561813,0.44372918210764911,-0.12223578709198551,1.4132214414384572,-0.10336402310870552,-0.79513011767733321,-0.81798931748621395,-0.87095744925061658,-1.291916909954735,0.684658486978029,-0.12940038712566754,0.76373675413466025,-0.15535682306391152,0.089162882352699702,-0.6312419947713015,0.68773981374677495,-0.17829206224228616,1.7072730654540482,-1.2886364058974407,-0.78317475719734297,-1.2853097742909523,-1.3528240552895887,0.065959668611904942,0.050996689395446014,1.4145013976249299,-0.53812378186792087,-0.96953298110374331,-1.217157747922482
34,1,1.3483735700279555,0.88918774320772997,-0.39820572314012664,-0.38679808599246041,1.4548196903957722,0.62753711555909863,-0.4817091739715102,-1.1177856077575556,1.0585552245435454,-0.87504511701369503,-1.1223789152356292,-0.06803004057662447,1.1843449694682253,0.018433332192756325,0.16709920448633972,0.99901255445842574,-0.6671646369913935,0.6479737563130642,-0.182240900985078,-2.4483305108875708,0.0089275643855350525,0.42871759908764484,-0.19756895760397331,-0.087765603976274781,-1.3853972539475874,-1.1718149032983902,0.71616212838188764,0.47668529484267902,-1.6393305264892013,1.3377055028534011,-2.2155299559323476,-0.7356537937798433,0.80082849036816195
34,2,1.4226003206483009,1.0172076181650551,0.29775585420906064,-0.82593812068174766,1.47094475414869,-0.33305992590056094,-1.8679312005424389,-0.77668899134307756,0.15028207224566181,2.7198890155682838,-0.69484312188680075,-1.1069878795993273,-0.70171258867784481,-0.2791261561743752,-0.051429393575732403,-1.3153800892957908,1.325303664563406,0.11420563390743406,-0.090350411794838631,0.20051058499068439,-0.55334363111612173,-0.51664338675387822,-0.097857008498647605,0.70222590411512287,-1.6225641647318443,1.8223674447522304,0.99410474349898925,-0.59050915839056739,0.21281804497043388,1.4690849743732093,0.81710832777871079,0.36894900066991648,-0.062320418428393247
34,3,4.9984228868063392,0.77228509225768194,-0.81670144449515947,0.8284349299322824,0.58879548242522672,0.93478354355675297,0.70323117859538953,-1.4060934204109954,0.23551846689942965,-0.71620660976334083,-1.1682032421192148,-0.45339625342974987,-0.0022958549341988649,-0.87915618496639569,-0.80197399341640407,2.4465047535591471,0.5980134620751979,0.61726896306727874,-0.40900486404738107,-0.52468313033579506,0.17870455583490766,1.7813885572767143,-0.64437821604280143,0.76113823310315787,-1.1203154941645925,-0.64710426815560296,0.16293670745698866,0.29666223173691225,1.4232362045327116,0.88352793772553062,0.38337413254731223,1.1955573446873469,-0.80345016298473515
34,4,2.164096977294526,0.63075335148147471,1.1921407267015867,1.0486639898417625,-0.1176737567368507,-0.32937865434423408,1.4306160022810424,-0.898341355412825,-1.3869062645944334,0.036108955165969674,-0.5814937220128773,0.53940359496128398,0.64798397243820371,0.84019788392661521,-0.28580584049079161,0.23051923272290054,1.9695990979606155,-0.20473764748048504,1.4966885826840317,-0.35866428076227397,0.81105556942431023,-0.24854285961530259,-0.39819015290002502,-1.4059831710640338,-0.011415461696960566,0.10225106217174937,0.14058511098545387,0.18976058521097025,1.5942126540131867,-1.7673234287039432,0.66595556227952835,2.2613101349206803,-1.4944964698013776
34,5,3.5774192194529224,1.474027897477826,0.15638373995758056,-0.580521530591524,-1.2603934641136734,0.99144140062944452,-1.1936263081947904,-0.37813856130109164,0.53170984895907913,0.6332264318460975,0.17388157288457901,1.3722341844039858,-1.7346919377286725,0.18845115559279482,0.89474513151832957,0.83173131110087062,-0.32563153803808625,-0.22643046438958356,1.3359085883539665,-0.015548683747002547,0.32654832019364416,-0.9464858835268144,-1.9142284760540555,-2.0849179811506144,-0.94062960515438965,1.5943943188305985,-0.54544611751721062,-0.070196184110985216,-0.85292011678235791,0.93837698687803817,0.39127302825450927,0.75501526598049029,0.57830886755898336
34,6,2.8833052692532091,-1.0967360067910823,-1.2681351280392519,-0.66535077097873219,-0.1075050567008391,0.72703663900748483,-0.16832284731353161,0.6938107551645587,-2.2233286396890346,-0.21529342445416544,1.6187555629913906,-0.50949978409822694,-0.38392984175813866,0.43890450719372487,0.65464908953173073,-1.0705903890003354,0.39606372805778006,-0.95125611231416007,0.79718819985812039,0.63751728300761656,-0.098665456950806835,-0.65874548284798684,1.51269999995327,1.2821338313306057,0.73095412094381373,-1.157533496824902,1.4611070200479723,0.9426780858643441,-2.1700628733802581,-1.0542610919649256,0.22078964287849603,1.2343507046981972,-1.6871330898695751
34,7,-0.54157527193542654,-0.24517346404002438,0.14594514827894972,-1.8663534377621447,-0.35145421711107583,-0.12661560101784963,2.1531255340263069,-1.2350097392647821,-1.1261859955116613,1.2513026851431721,-0.8686284169355456,0.13441609162049209,-0.04805673225185924,-1.1749614379327793,0.04473190647050463,-0.17982303614657527,-0.17946706313142838,-0.074764822093683667,-0.12226624482317446,-1.2567645423369085,0.68026034703168159,-0.17662954911400203,1.037800626277058,1.4014601192868958,-0.86016737174639435,0.28756786995103989,-0.51176428353210446,0.19481169121578543,-1.9621281438222633,-1.164822978819364,0.1210583630722392,-0.12160376333192247,-1.1240076598613149
34,8,-2.9194544832132516,-0.90959598520654883,-0.036757289602025352,1.085125906634407,-0.43623932744900784,-1.0680790686281656,-0.25115288126971635,0.72947828130162617,-1.3330947306496885,-1.6048127353768666,1.0591085257458732,0.22647456409599306,0.40094599520066293,0.24212480828824323,0.7903105457307571,-0.19860421996160249,-1.718365512718004,-1.0316489832281954,1.5271968406244745,1.5881983555062984,0.051899274774066348,0.4635473617261327,0.20610987056827346,-1.0038644252524256,-0.38865855247717912,1.3649277732264935,1.1396330333439124,-0.15679418246992424,-0.093936577459584836,-1.1502270111164314,0.5236326512803432,-1.8448617384470976,-1.2911695999048547
34,9,0.31092590339140691,0.20036654526472178,-0.3590936033709039,0.83465088864287651,1.1658327274307878,-1.7011526615891066,1.3636013023044562,1.179681043870529,0.18531935853307166,-0.60031102769180678,-0.21168570394649117,0.35113595523355606,-0.63955874986307915,-0.92428790231575686,1.1457591528745863,1.8165709269039323,0.99588585565307131,-1.6607914507739494,-1.1218011910144785,0.24697755390040116,0.66648510951210882,0.19488469768977612,-0.022340867644235238,1.2878648661024088,0.029396008401062809,-1.3456006939295189,1.5886604577095922,-0.41700996682073993,-0.11105204078837076,0.29252262545363322,-0.74577987137050694,0.23711736172511574,-1.25703839031112
34,10,3.9230142407537247,2.0992818447855073,-1.7141245257858575,-0.53648856256192401,0.95161496826393854,0.21087571708059952,-0.02010534258667682,-0.51197035703147797,-0.84301877306068962,0.22444834804172234,0.49748883029403379,-0.11710151632273409,-0.85135093880852375,-1.5355422401605467,-0.02527236100405723,1.1665893093039483,-0.41245651360680097,-1.274069866540956,-0.4992693816953967,-0.70703405757607074,-0.40562128328677916,0.57484549834056542,-0.68751800047856637,0.89815069861839503,-0.29622933640355248,0.063896429864183577,-0.74188213855512275,-1.0212828942077612,-0.071280807810067182,0.36888182933895497,-2.7537033308404166,-0.35982144684161615,-0.87435717813119729
35,1,-0.72807979264291256,-0.79035100094073674,0.57441786823943408,-0.81193293561316038,0.58039244798852696,0.78629384925073209,-1.1230173133759971,-0.92375682986690311,0.037131047131660343,0.089586398937267844,0.27939957869002424,0.40082441449986522,-1.3813621032184484,1.1136969499388936,-0.52597882063629298,-0.94519862118227183,-0.6847241874709048,-0.28165511986506619,1.1530842731463578,2.0083259592408789,1.2086689141646274,0.98647044945036888,-0.0024515271368646847,-0.49283235160907141,-2.3663638344417612,0.16821503147572681,-0.018552145658594893,-0.42657022938223871,0.30220381009067115,0.12768437866184149,-0.36393076529296481,0.62062964992031422,-0.73577185598788797
35,2,1.3988522158185108,-0.74276009218067007,-0.68093082780010061,-0.73590129867460541,0.092226405804080328,-0.51640161160627462,0.54239662366439889,0.59578756055835114,-0.86360277977680977,-1.7562544390009263,0.23822410334697433,-0.5033744160086866,0.87577896996468141,-0.72234238099902259,0.54113713407160036,-0.0081255456292619686,0.90736985339898435,0.86993962327496377,-1.9130514537576726,-0.63036367168751284,-1.3177246080190794,-0.13989969433727772,1.5672946697200556,0.44133178633425368,0.50924448478256734,0.084571659263175405,0.99128430572479198,-0.13534806571834965,-0.83464767090362979,0.6123081869507303,-1.4811372540929955,-0.76460744743290909,-0.84460847616592971
35,3,-3.53307673685222,-1.7477542627153664,0.57581238261418521,0.58124077359131499,-0.79190825416946542,1.0698361119993076,1.0178980343779054,0.5022123700604304,-0.75948485360923501,2.3115557272988614,1.1077806673747121,0.57229904922903285,0.42156201841263269,-1.4480999877170633,-0.885458656480129,-0.13503436804691168,-0.66222670861230326,0.013341417477712432,0.13037001543299262,0.26345257321439097,-0.4374050714057236,-0.43609552533386686,-1.7265782301189336,0.66867408861900512,-1.6478654563149189,0.42605279718097772,-0.42100755191267925,1.642692213167894,-3.3176477368051218,0.71441233021319106,0.93510642430517499,-0.11972886930292022,-0.73982927774543672
35,4,-6.4004657798818592,-2.1599789240130405,-0.40676999259082436,-0.19900450683109025,-0.012809797906961049,0.42718139258575122,-1.4390112854451407,-0.48161450685791068,0.11415202014929011,-0.41661468020914916,1.1305407906602272,0.14490351936310641,1.0159323968886185,-1.614624565224102,1.9150749946358061,-0.38235572860528638,-1.0947976300823608,0.52194216920684045,-0.54841846822734153,-0.16884610435268682,1.5374481499842945,0.46935334969005332,-2.0555395832850856,1.6262452807558629,0.29543574497592828,-1.0140171923201104,-0.0046190500648601108,-0.81184130930911935,-1.169929560597166,1.5078553221011868,-0.78549250191691933,-0.28471967424297406,0.01915982436203072
35,5,0.48598809465484716,0.9736992050181521,-1.8892859408405436,-1.9728045672504078,1.1584041223042179,1.6443424600043679,0.61427467678805781,-0.2649225025536352,1.435845652032314,0.59864550829132601,-0.5519974253680543,-0.066470823840247523,-1.159001144241955,0.61930552163272168,-1.5431809273808976,1.6722683948667227,-0.53133543766301361,0.8946160786990317,-0.18750136289359601,-1.6031754226274826,1.4674159296530838,2.0703929791156077,0.033341936379347403,0.1020197238089447,1.3155260726464717,0.52558765223233639,0.031231526471485277,0.80773546744724578,-0.82710817575233164,-0.71229576326182309,-0.54023758907907848,-2.1753371919439011,0.50423276810744044
35,6,0.2182890924573227,1.1008671050066052,-0.16443037857167964,0.22009448461949083,-1.2996086009356189,0.72740749751772416,0.84525991120668631,1.0405319375558109,-1.6003582548034301,0.55247078574348962,-1.5576764718325975,1.744667552366457,0.89350133523170183,1.4150271791715943,-0.033952305437118295,0.30393111422425723,0.55419994879418455,-0.51167138940188817,0.55332447401898144,-0.87110941223594307,0.70756059994453857,0.12915249055368649,0.55409039438727037,-0.25178415369380763,-0.22363586887841547,1.157013268207681,0.26917896786876266,0.44669994258613099,0.1695218694573524,-1.0741296591051854,1.9857041904108284,-0.50075270925398296,1.2296995881524608
35,7,4.3906203468757781,-0.27653467151680083,-1.7636229479022121,1.2433634018399784,-0.58047211760824202,0.71190268807788126,0.046871628687430895,-1.2922127840502606,-0.16854562774083903,0.55018499339032434,0.72411170046143369,-0.398552276851665,1.4263860516945928,-0.3966905976972106,-1.9480729629315803,-0.84734551697027838,-0.53785969016586554,1.3054362213525379,0.88334967494544536,-0.41737396452114389,0.511239955450006,0.063838037298423828,0.15860728988645365,0.094359639285745617,1.0322531335118683,-0.093410383176261172,0.31867112904003053,-0.30356870792032059,-0.57017730716068216,0.63699084109654636,0.98220983725724609,1.1305066861997877,-0.13522024717600475
35,8,-4.8543064815978019,-0.92267851376654697,0.6068420191847288,0.12429344945729946,-0.44940258515159409,-0.59672558370452455,1.3293832113863142,0.96548082838498661,-1.0877237468287619,-0.90277512551728223,-1.120722930926608,0.77378341801080042,0.17446810433833049,0.65399717447977512,-1.0474213589602224,-1.3588932330144607,0.53684259058305106,0.74220832529173708,-1.7796641344977082,-1.2029813599914578,0.57407191472837449,-0.51272758610749969,0.29130604100573515,-0.51491821700377649,0.57329816689555502,0.1356138002075456,1.526592219476397,-1.047013075539468,-2.1129200421453644,0.74397300519264908,0.012484638292784138,-0.99613063994866935,1.2454022235924613
35,9,-2.5233480513172664,-0.34958668761303868,-0.19989077447089226,-1.0504554504587926,-0.78330056356045985,-0.64082424317359699,-0.19222400892512531,0.84200550057140233,-0.17113860113332449,0.094427193719992517,0.33555644409022028,-0.54725596345022209,-0.13625791458745667,-0.071425486077157319,-0.97986998221847921,-0.97795383255875445,-1.8893731878526254,0.33420052342529366,-0.5951523872783554,-0.028498403890611337,0.64495131707414122,1.7743663639378764,-0.36047083745517711,0.8612176303208684,-0.42955635549408028,0.61007134644342653,0.070490236754225402,-0.2002655617841187,-1.985675775310128,1.556201752941589,-0.71761528346056558,-0.11094742455819423,-0.21715765802083514
35,10,0.66087723352764693,0.42259199989138263,-1.0843444755474636,-1.1723110791018156,0.47159963611398387,0.37484285981087728,0.72493476318807049,1.1200035245381654,-0.47896049399701007,-1.8622833089241713,0.096380764366990654,-1.2404928408872167,-0.47954251003788567,-2.6578348029640213,0.41094178788756858,0.29673787620719932,1.728113056080437,1.0146567181281794,-1.7900292834432943,1.6240975951027843,-0.16981983159864203,1.4250328201438112,0.79565385270218436,-0.56259112550466595,0.73758554552172406,-0.18287112285761953,1.6105476943355461,-0.76361305182047912,1.6047204667682526,1.401469757650633,-0.075443423354279865,-0.91548402726029798,1.4360322135824983
36,1,3.3306767305416138,0.19773459339171334,-1.0596788861130422,0.36048683955766647,1.257043626271737,0.66121107797010126,-0.84882976869725435,1.2379463777247277,-0.62765439751158814,-0.12533176861669396,1.1635654990494393,1.3144810381550092,-0.51305409653065226,-0.73544884766879692,0.86293567258563231,-0.61837350285829595,-0.22694004443044918,1.9937856332050468,0.077677572560534938,-0.83357747317605768,-0.88177054419406087,-0.067211977735121664,-1.7786877693568655,0.23395623811664457,-0.38363258399084155,-0.20612223458949222,-1.2109883717203418,0.60836371571619419,-0.42741577613405379,-0.45843003273943778,0.90901141263641483,0.33965262076686636,-0.759476605449386
36,2,3.0164739987227307,1.3576096907846709,-1.9374323040558084,-0.90174369744831118,-0.41607775304061501,1.3552933999713317,-0.32063581583315698,0.45595229220471406,-1.2974406429285046,-0.11217237644278735,-0.62271529568020301,0.14569962702450581,-0.71524120951162773,0.40953748979659865,-1.1260444200341306,-0.25308196997653154,0.46791899201826692,-0.53973961817228844,0.030149715450567206,-0.70199897642029185,-1.0124274661210126,0.95509152503576777,2.4899005704761223,-0.31758849261871019,-0.24764617577790266,-1.4770484789939449,-0.13469590557478689,0.45885898136888065,-2.2696203035401297,-0.0082336950234178745,-0.68685661910170781,-2.0539976035667298,-0.20239991230206025
36,3,0.23227355572784614,0.69311159854011606,0.76342028819139784,0.94144389096059411,0.55134059287691628,0.18667064162515165,0.22075564132751363,-0.49994125891276342,0.37276848936022483,1.8984719533971792,0.95266058343457394,0.41772887672469594,2.7112283608525933,1.2414649991367108,-0.19530004109849819,-0.93830913118029136,-0.54736042844439525,-2.5000833254327142,-0.027931390740773953,-0.23622713690949437,1.3865486379861582,-0.075130092204139548,1.2581181609046612,0.60395828571005583,0.80969194063889072,-0.79986905030950717,-1.6788652804913873,0.0026505094328439834,-0.31405286738862426,1.3434426133719646,-0.69795947299446337,0.25004257856681222,0.138327005035733
36,4,-2.6055005921909791,-1.4436427832026482,0.33354971074834033,-0.58296207769426134,1.8464850086133437,-0.79082766069630805,0.01410744383896537,0.61209881881965056,0.27820266304482133,-0.66678752944064712,0.9216666290426444,0.16886933976414073,0.99187418240001124,0.42409923064640093,1.359533329000026,-0.27155358336013419,0.64713240825290996,2.0573597282318774,0.14769598591690922,1.946140259750933,1.7915582478396004,0.63282439133462232,0.49886056791621702,-0.64920314112076127,0.40230349870273074,-0.7383462185624422,1.1582497342063847,0.3301668771657042,0.043824656263417749,0.12565838219095782,-0.29608679794284881,0.52350041453224239,-0.067605300277784511
36,5,-4.2680602429575032,0.11268346996488342,1.2603605393310895,0.48274722749931753,-1.1343950511547434,-0.34669854245598658,1.6248480708351356,0.49843843312144348,-1.4200695157295753,-0.58460276669716627,0.14216621164059592,0.12212853782304384,0.22520642961131532,0.35752947843640348,0.88994693213249187,0.74606653550127755,0.44805919850393439,-0.45209796275908037,0.28854475872165847,-0.94875731200337921,0.29353488460109006,1.6431054310323205,-1.1206284355064726,0.3480018812432179,0.99771857739136716,0.20240035185253299,-1.5946330187845641,0.64290977830235785,1.6546839481655762,0.61913162812875078,0.61214044345375873,-1.2443276135432904,-0.37792443284696681
36,6,3.0067513616541359,0.89786692892594588,-0.59596467773131123,-0.87974162285676638,-0.066444223024464635,1.1060307503288214,0.85235196568039351,1.0419484692122969,1.1503632534349764,-0.52390771885273257,-0.30487868715725219,0.31852251148054211,-0.52294862040359258,-0.3894323751142269,-1.2943494535855595,-0.4268948572481765,-1.2440701328392534,-0.48006530738022246,0.40053517374936487,-0.39451050563225531,0.41748932030321012,0.82429278763394986,-0.31394799757061037,-2.0959764026519956,-0.8803888757014493,-1.8606215971373152,-3.0322744622292275,-0.20277243585955529,-0.28470745716164308,0.25967896265466445,1.2099147958559111,1.4028217385185369,-1.0147277041285294
36,7,2.5115287078680799,0.92535844924849897,-0.85818143465471952,-0.076923428554468709,-1.7360799962726223,1.2322528339818648,0.66718184282760506,0.71817976259762017,-0.65712560179073753,-1.7252232055394818,-1.8426864119225934,0.32710247166097323,1.5919581142227173,1.9098097199166437,-0.49413880639763241,0.45814527256592158,1.1386650734330994,0.30124280706549877,-0.80188870367684661,-1.7320389272399295,0.17668649258301786,-0.50381229000259131,0.558526933269618,-0.56584579698576276,-0.90358530958651728,-0.59925476139298472,0.24442645260367418,0.026075464894317765,-0.55645429315109862,-0.48336728161436981,0.58055752136640049,0.89331189631098962,0.14071133823479773
36,8,2.2290026055350252,-0.079206425758779592,-0.27724342660529855,1.4765017843161155,-0.23523609130655584,0.16601025121102667,0.7669471643986645,1.8139086908567965,2.3765772871005679,0.39292770274469502,0.25617219595745511,-0.051898662586107321,-0.56456333121467706,-0.82500149080016627,0.63849057688847988,-0.41348760022912817,0.94588708259838494,0.057794770906679532,-0.41782827260675059,-1.6595361376789008,-1.3163305418184363,0.98727551768208832,-0.93169815256103894,-1.3302426594195655,1.2039378653629034,-0.061453805835975775,-1.0628961348124946,-0.51414110947415281,0.43082904871146266,0.019743272464720189,-0.74219279880886679,-0.32252390799892638,-1.3386241449050591
36,9,-2.52929743504931,-0.69120801085789163,-0.97794651028296087,-0.43786842798177467,-0.84691052031492964,-1.8918496636786988,1.6263162320337667,1.2094222080159405,0.18201808822052337,-0.34903542866885012,-0.46819823648857023,-1.3390217313165724,-0.5958277726284037,0.83868632702057722,-0.42499375011616763,0.25201526510043432,-0.86508497375194304,-0.32351349626598591,-0.8144651879230006,0.64368970230625466,-0.61775349296177251,1.2947328549680186,-0.22793325459681141,1.8574242856093934,-1.0102984582666159,-0.28575460034698952,-0.70575696432296975,0.79652004217100714,-0.71072346825584587,-0.25408748182688135,0.067544341392874324,-1.0907023078735134,0.4079502627573206
36,10,-0.90810102812756077,-0.91712219633877445,-0.53883490376881249,2.2985353835156399,-0.51928193136661571,0.98067223572465845,-0.10370587378250491,-0.11950009861196426,-0.74090924911430622,-1.1530574327397678,-1.1514005415574837,0.4607899657412311,-0.12122994593791794,0.3196288595062301,0.17734642484815913,-0.35103633846019833,0.96861386395052451,1.1313737890452518,0.024581432907066183,-0.46030792404971699,-0.73534283128129219,1.6230652361746918,0.24834288255091591,0.10004969145781489,1.9866180062915819,0.17488667438758818,-0.054198973303444323,-0.74286956821448347,1.8309837373016777,1.1175993955196999,0.98904373389119782,-0.52221077054095399,2.0132659279604472
37,1,1.8136812099748234,0.20093007343065508,-1.5014346996918784,-0.71163487863016994,-1.5372436295271241,-0.6656147984798193,-0.30764211066070896,1.216933038924279,0.57983350695246794,0.17418651297864537,1.2611560576864049,-0.99049325992872284,0.34840976521910128,0.29013028873581798,-0.25313384676625189,-0.26315170314784941,-0.91496662372832283,-1.2579187925416935,-0.24948462104713634,0.29572231914135289,-0.15889608818073814,1.3144577028769562,-0.87170614152044223,0.75603674901467088,0.24218094980258476,1.6094817193893252,1.5019124772579731,-1.2748864786656418,-0.94310681338182623,1.6194946583759411,-0.43412570029480368,0.52790892209721907,-1.1392187330203665
37,2,-1.490828757940279,0.011860657830911329,0.040353265553622765,-1.5533861571717971,0.07829562288174309,-1.8670705317747975,-1.0128903251327284,0.48751148522745169,1.2140256461582173,1.3086885901726966,-0.38482626856253582,0.25721590912803127,-0.092035070425826079,-0.74974993389516431,0.068362853657267436,-0.61720035992261457,-0.94518482986706231,-0.34041566905879089,0.36827621849408992,0.82077183524866848,-0.31983460892495758,-0.25480349134638836,-2.2910329133874132,-0.1256823967051367,2.2828391494028808,-0.35737802626051463,-0.21336407682344324,0.11057963576613987,0.30677512592662926,0.34574404084291666,0.38709631255795024,-0.57501117434779414,-0.79338518561039317
37,3,3.0230618616367595,2.3285905422840449,-0.62861914486300219,-1.443868721754255,1.5000593674743297,0.5781137273890431,-1.2113726332889361,0.4056342751625937,0.34049777745831394,0.95168974617269519,-1.8893733083956576,-0.58604604782201353,-0.25754365257251943,0.65933727769782524,-2.0379675183556207,0.35875581983571186,-0.83417217837626856,1.1801710761444151,-0.29765356073318355,-0.47371869653718812,0.46723846741841596,0.90956328981358614,-1.1333818625015097,0.10704495764264368,-0.51327962305995101,-0.24188705854761411,0.015578016588404804,0.48261445160707644,1.329624261357967,-0.13871149422911436,-0.3125470649849158,0.86775810249626073,0.668128349214694
37,4,-2.2666449878069459,-0.34208419778812288,-0.49632413272881415,-1.4920081598131172,0.36397503005287768,-0.36522311886689252,-0.95124169034281025,-0.29062258310952593,0.2878140193924022,-2.5121434728050587,0.70618653259966979,1.5279701074126533,-0.44130866127267127,0.3406791099894429,0.34949680172551434,0.26201572300552428,0.35179937439157249,-0.092064214559552077,0.86102680314012481,-1.4838213258820567,-0.058234502519168875,-0.91835526026686642,-0.28718330857153512,-0.17995699531503112,-0.2466003339836525,-0.4782601575498599,0.50859783089798238,-1.8132860403252917,0.20855220439444602,-1.6494213077886286,-0.66177309138435048,-1.0266769683262258,0.9370110325395955
37,5,1.4228533850035121,-0.42643813454906948,-0.69909827398560498,-0.43842371070272057,-0.14236860004793811,-1.069478948192466,0.092665789351451075,0.61266415866076374,-0.16261968059488668,-2.0587619052926325,0.70500913640533747,0.38564591951969979,1.2337880398080079,-0.93335015497354323,0.81347324522592201,0.55565193554123304,0.79837221304099182,1.6271172359680428,1.4731313605445135,0.16466351899608694,1.905934616115009,1.6446578987291469,-0.67655551365245947,-0.4060720545433476,0.24184433520867929,1.9717722538957132,-1.1033481201772843,0.98490295292616059,-0.4517402189711352,1.0119582316720082,-0.40934883567537628,0.15280021172885003,-0.55311000680940081
37,6,3.0712732206949429,0.89975511182675416,-1.2835481795252659,-0.059968434830557006,-0.78004655743005835,0.1038003106896741,1.3163793186149286,0.14803474577054004,-1.5241240048683873,-0.58423021168400657,-0.45176769730905642,-0.27345812053780916,0.36984382397124904,0.55273149431775759,-0.79861364778406485,1.5046088755814311,1.6368395842080197,0.41164948685272007,0.077724593492686012,-1.2248944419736809,1.1500147334283877,0.19062176952164381,-0.86754520076999808,0.099688938068137015,-0.6946109168218968,0.052591465542275846,0.77105690359806967,1.3535538381737926,-0.75643066316636931,0.15391433933201654,-0.50363222391288998,1.3468385638268683,0.29782813733149344
37,7,-1.9269825118394683,-0.99061177681322832,0.42453212249138506,-0.92713511150663364,4.4561779371922714e-05,-0.50284421658366085,-1.3158800775136683,0.36642139943367485,-0.08968075617166503,0.44950479343579947,0.3821616789165761,-0.0025456366336957122,-2.0425710098533085,0.92472257374936617,-0.51802584158887621,0.59242227899615829,-0.64690162172378618,-1.7137062239309626,-0.35821719140280972,-1.2103734766004675,-0.48366827756671776,0.11356814447696874,-0.22448416629532134,1.6344107855175676,0.30223886339220224,1.3576221119143621,-0.38300653641212079,1.1222596914695642,1.5690203206844962,-0.20090487289696993,-0.39963639254769856,-0.63838945829466398,0.31664752275285657
37,8,2.2215067528259702,0.74143282491123697,-0.6502750676105532,0.55625929980597244,-0.5409324294034108,0.92271366742472949,0.94605871163088773,1.080606479655386,0.70183896419777503,0.90118592472232883,-0.88271721353857102,-1.0916321208275588,2.0744044409499889,-0.00075399568839095755,-1.0975800015050972,0.65318886264282217,1.7920057752344616,-0.04305572182484281,0.11620565790165797,0.16327130840042631,2.2854817792073998,0.85932568681308907,1.63891606989196,-1.0328793829943412,-1.7799071521348033,0.63659366808615903,1.3748981077374574,-0.22228820931948809,-1.5348980097954981,1.2652121147279694,-0.54335336777028809,0.71473413130895214,1.2626311962593486
37,9,-5.2109179197635607,-2.0800448950478985,1.2943558333556626,-0.2085446776331093,0.35432123575860663,0.3673019246922532,0.11719846020184897,-0.10813587072164206,0.28640253898585361,1.766627068902725,-0.60600072631176638,1.5387269806888959,-1.1674712641661542,0.94491781874599357,-0.34042521479006871,1.8789702202997451,-0.11526563007685009,0.8556828426737586,1.5431901731991025,0.42415473253751557,-0.43930742888894886,-1.0539379263229607,-1.6470920264578759,0.028519856695342957,-0.14097250591384192,1.6980708507938234,2.5680451746536743,-0.098818340395104051,1.7605168755977143,-0.5345809778693863,2.8912169053964178,-1.7509623290783203,-2.008097580645249
37,10,-0.55495137221717894,-0.39336574569407218,0.19898749376329106,0.3612194879409299,-1.3332895602404122,-0.45020925404015044,-0.88225035066303548,-0.16577877995396179,-0.37406048879070436,-0.74510727335686799,-0.58358566352692243,-0.68232263415228234,-0.868683405304435,-1.7736425445665616,1.7393136218360647,0.32497271684912138,-0.19543976202215443,0.8754897628280337,-0.24094310860128854,-0.31991686146456744,0.40101787135515388,-0.52475699195781444,-0.27401653363118172,1.1883236016487035,0.94627470403112335,0.42284424839299628,1.4120107336259782,0.55247602538245755,0.22746690733070757,-1.1477150769006004,0.386662340555463,0.52685136868969251,-0.34577095360692189
38,1,3.0439282236175917,1.3305383002778954,0.74140975677815024,0.73620511046026194,-0.73366392953956294,1.1533234863451407,0.16346635567819087,-1.0489593269485102,-0.92613798577048412,-1.848936202779496,-1.3430281209436838,-1.3510117429338335,-1.2982623251315624,-0.2403390319521557,0.64063635896171933,0.28518836947248827,-0.41451214814373355,0.45165806164015948,1.7530342951774449,-1.4788747370116233,-1.47681811617395,-0.98168109852112229,1.5842384607944793,-1.0809782215221533,-0.59034864307568635,-0.51514878653726015,-0.12847178078942667,0.40867427676079515,0.31962536868655256,-1.4287029986307906,0.013571382711860236,-0.3883030428809181,-0.34149758350303777
38,2,5.0483984216756452,0.17288683112260977,-0.59696372773318973,0.064973084883297075,0.38454410187067856,0.40795578209703903,-0.9901267870948719,-1.303423997955419,-0.41969607063472458,-0.081904955449170272,0.016128948815748057,0.47170499369354341,1.2111862659190156,0.33680377464751998,0.99335263041496147,-0.7001155956902344,-0.021797560324391275,-1.0406081639276377,-0.18519803999336756,1.5610789608607181,-0.14313076575994921,-0.94907275963789361,0.21889661950725184,0.40655686070366376,-0.51818956337554445,-0.81664439463834548,-0.43074006310642787,0.084363136589152871,-1.4742220315133341,-0.78803724572195299,-0.0067643027197916593,0.56698022510914348,0.83488389040183064
38,3,4.2866723589494837,2.5071897589625354,-1.121729016321305,-0.15265474381899985,-1.4631062286434777,0.29079094335422323,-0.15885661860580277,-0.60829034510147983,1.8372433654225144,0.23051943156454655,1.2709302353571514,-0.27086789326029326,1.5570202460382612,1.7288374674876206,-0.97286233134344835,0.57260516529252004,-0.63057831763088457,-0.51932718513601894,-0.76000507219185065,2.7821788894061186,-1.9466555765007536,0.7332225027055268,-1.3183194030309984,1.7926927958309293,-0.28607861628102971,-0.60646315126013861,-0.082494042093992456,1.1212272561266385,-0.59003729362598478,0.27818262217860418,-2.1082995478859825,-0.85712622803839567,-1.4437044398286767
38,4,2.4885408073209536,0.83082437228499839,-1.0749048454694123,0.28037755899722672,-2.0828434723155302,-0.82760454647527926,-2.4084277951696813,1.4986533887417093,0.66733588967324808,0.84792741363057422,0.37612285678346713,2.1924178412504696,-1.1962557284321365,-0.29665939612463876,0.96404520306107899,-0.0020595546167430953,-0.70030921292519199,2.0368133573239029,1.7554162829460942,-0.87749441703431097,-1.3946537735613411,0.55850046606137671,1.7916033043278687,-0.061868720351610978,-0.36233552937855595,0.40110072569980781,-0.36505004840846145,-1.2957238780374087,0.56210866366648182,0.09789883778874911,-0.67103504556428428,-1.3304762244201802,-0.51645719642573806
38,5,0.96797361972173546,0.38054090756361225,-0.73058798197926522,0.93581496500514416,-1.6046079703448393,-0.36271596246308874,-0.12072785709726987,-1.2250247953560587,1.2944867810820142,-0.021344124810009794,-0.56644320381600244,-0.76822089864300325,0.39212137337464531,-1.6294128900098674,0.26170269309885646,-1.4451735442773874,-1.0091243638142169,0.84236661687613612,-0.72814852921563833,-0.54503431780058165,-0.27489419490267841,-0.14830335704136138,0.47623111585018396,-0.5011903722972666,-1.2568729477915948,-0.011345768398838016,-0.1538529800806252,-0.71685668094041965,-0.10549884682158846,-0.069131784892216733,0.10815475605423205,-1.0785436433139011,-0.16456473839058788
38,6,1.0099391363951242,0.067562332953324561,0.15191788036713089,0.91559631220188109,-1.6303516151957786,-1.7577482760021301,-1.7698604811196879,-1.2236039561029983,0.60732240102244162,-0.29644694255487547,-0.74880237052903542,-0.5238272570471908,0.53113615854570562,-0.28202690978186462,-0.74986004983557031,-0.4410068210691897,-0.27550266781168359,1.4427497446508359,-0.090194142175557018,0.0079168882164193811,-0.42069871234439049,-0.48243425383758404,-0.44096179002978653,-0.41718772299685208,-1.9012383511721407,0.17306463108482936,1.4898378894976474,0.54151907493302343,0.10481940717512238,0.63660038729757107,-1.4951931492929948,-0.30189234744080412,-0.16571211568382191
38,7,0.86585444298032144,-0.60075096633386271,-1.7630063213306879,-1.852375827116536,0.10126162413857447,0.63454921411843601,-1.4273843590154049,1.2818293895526622,0.98636390007085462,0.94185313355006695,0.47681100479653593,-0.35432018822857808,0.23648235348840449,-0.49322343178440958,1.5241435113162718,-1.3499463889989129,0.31873749854980815,0.50147171466570928,0.30338701943971391,0.80137697704090693,-0.16184365064684872,0.92035913505019618,-0.37555703443824251,0.60404799811159882,-1.6123130570711544,-0.65307424158111738,0.46429628056011762,0.62279017537251202,-0.7276702725626143,-0.97046219911856524,-0.71154854057453387,0.01560412026895432,-0.86058829678311843
38,8,4.0725881591637867,0.69690735098961754,-0.74708881060986254,0.57116997845131479,-0.29180525887065939,-0.63266387530766699,1.1086900408917701,0.10982155320941907,0.33366598346127185,2.514219931378455,0.021064569794581194,1.6312279710693289,0.22891794327952544,0.91158465599652028,-0.6640704412795787,-0.80926646042492922,0.49129034846421515,-2.0919308197351367,1.1543851448814511,0.83215158291027536,1.2697234490379912,-1.0062369713591623,-0.79897491391230102,-0.28242582682115502,0.67473872766532672,0.88973946670357762,0.57716611697969578,1.053107476188808,2.1511862168336746,-1.6444408278952012,1.6929951976693736,0.20833901080648898,-0.45617295260724422
38,9,3.3574539905762526,1.7431054375553743,-0.034337310290096228,0.69631742635684535,0.18687994056794449,0.75980783130315799,0.7999504101290914,0.54598590574453798,0.97994051064080423,-1.6172300960258152,-1.4134856207643756,0.27448212899490604,-1.5433814410500089,-0.66773089048566847,0.57746431213075677,-0.67348963719707844,-0.36603374759322982,1.1005208730004368,-1.1584385339072123,-2.3478145787695812,1.7076805622743922,-0.13909426909987818,0.62597562821338348,-1.5170193498684184,-0.099522159649958683,1.0771412794503981,0.39409614211705518,-0.5224272070629592,-0.76909979817431395,-1.2351171216493047,-0.021871638024668252,-1.1894957140057041,-0.040441548848420376
38,10,-1.8895260841061083,-1.4625362316733403,-0.15917043814448856,-0.58662023644662364,-0.71133472369845574,-1.5039380656683983,0.050202188292386672,0.49891302342625604,0.11721318299228889,-1.026787079713724,-1.0791616586661377,1.7130565353317189,-0.72745540257195906,0.67707018612291858,-0.36471466815384296,-1.07312487285696,-0.070320007563622208,1.3327862154053733,-1.0225239001813715,1.2503702043827023,-1.4664915070690803,0.16625100160548434,0.9795490252315997,-0.091727060750033368,-0.49955967729635409,1.4411343521662472,0.0061208638370466879,0.53276351287739065,0.92105572617571785,-0.39063659268656803,-0.70566668211298034,0.15678261655133516,-1.4443312552897165
39,1,4.1954598555963702,-0.73184690248290463,-0.7452712596586677,0.14489219320995392,1.567329193966742,-0.40284866280715892,-0.19492476896810509,1.2017436311548892,-0.55563539730970801,-0.082490583397475545,0.94596618982324199,-1.5029914414209582,-2.4707026071513227,0.86215409566356438,0.70641683204548045,-0.66354427218408074,-0.15822546710351459,-0.48509463650926304,0.81542656010877645,0.77164166564857706,-0.39824259217421171,-1.7586962723121256,1.0379004129577263,-0.17630196643952975,0.28368011928036818,0.60770652137627734,-1.5600613913340355,-0.51403686047428354,0.65622061079861871,-0.0076709123535411063,-0.30118608219836684,0.91305654919594337,0.22879307108661084
39,2,2.3023987838593558,-0.42243538312449319,-0.042327034328898797,1.4517602102425657,-0.96185411914262475,-0.75648414716593204,0.62268382640711328,-0.31618595036133967,0.51414864170298591,-1.1770756045330715,0.064492294630778074,0.0039664217421089823,0.46689883710512192,-1.5518038183844762,-0.055485045113039456,0.57265289919200146,-1.0614379504575333,-0.58966055165006914,-1.1924273519869468,-0.0068278448409823866,-2.3069689097516659,0.36108463867751728,0.4278837549267987,-0.88839078001875171,0.66473177856250376,-0.53461400173105256,0.10352027897985479,-0.6606917832514746,1.6713098890360358,0.2440277907383295,0.99933065359319684,-0.11368399949707414,-0.56462736145451164
39,3,-5.9644803556776909,-2.6453066762456587,2.3348253332590767,-0.49436012257466644,-0.85730978833293048,-2.0806651157303881,2.2440981871421499,0.42358246833082036,-2.2051710583807376,-1.3561057597762203,-1.3182551484003104,0.099482632760681131,3.2788036152568458,-2.1914289115267578,-3.0543697922286253,2.370172703080224,-1.3297575540837705,1.8679419267812967,-0.45813613294972921,2.2792476316076948,-0.51788329337701999,1.6679402267210917,0.37728796865919678,-2.6309040141907847,1.093792706683961,0.21642119430891907,-1.7761263401217284,-0.87600586572485639,1.1902261699342274,1.0735367654447492,0.35931639748314781,-0.26227118153847995,0.51812902621473944
39,4,3.2966192022508753,1.2018915988342544,-0.28823333778539278,1.6229048506918349,0.32507098610210478,-1.2343351091290899,-0.32820649125699741,0.52765721125037923,-0.093096801571594015,1.235361575980509,2.9370434747487364,-0.53912173533867735,1.7628011256975373,1.8798108812777725,-1.1641362870375014,-0.35254938174728284,0.072684942047009038,1.0663138709460673,2.3111481192411536,-0.87583410536762962,1.530217774109093,-0.50157936301073591,-0.37373095006331097,1.0898056439793187,-0.1705772727853426,-0.40752659209747921,0.21599778494010263,0.58118129415686692,-0.54692015426492513,0.04912929820937495,0.14024719380554002,-0.42800060362283598,-0.73378730222833399
39,5,2.6489256789678786,0.17451848994199148,-1.3659715496406966,0.081463483598859562,1.0079951092175441,0.094112629629400799,0.84195823235609291,-0.64121923191533092,1.1381848949095097,-0.56788659639356553,-1.0236206184931147,-0.96476528559304753,0.32690946083265104,1.7443501807293467,0.17757842383745481,-0.23425415515630971,1.940560127057122,0.83407735326579857,0.63014650268875905,-0.90360336376603512,-0.020182681136532394,-0.075859973106299813,0.11956097753693669,-1.7680584520609079,0.26507868242116212,-0.18897332783933043,-0.67822342364819943,-1.2636699909816365,-0.053711372319645463,0.4296037098143633,-0.17186994343523332,-0.024037075667675475,0.55429306673873813
39,6,-0.19813778041917549,-1.7962513409677632,-1.4172528422639163,-0.22727128332719898,1.6125723241205949,-0.97677094879929416,0.49669353065989702,0.91031555112800466,-2.1265362522296485,0.43176699662146734,-1.8670989316712527,-0.25327740869057491,-0.54243047676342859,0.36183158274231619,-0.9539054791999696,-0.72570969333614543,-1.5857627951119853,0.90739944565713571,0.1230409598212461,-1.2207519265362934,0.081609441019010562,-0.53083001905559379,-0.25506264657410788,-1.7056728483285477,-1.4233062418076194,0.15606343469726303,0.42569281070463999,0.043123015616525658,1.9307612446481179,0.75225737272427173,-1.6385825566204062,-1.0761908249693435,-0.48304552701117937
39,7,3.6760786029471895,0.39840532681635382,-0.74575016607325162,1.7242372582091274,1.9468417914213858,-0.17079238966181484,0.34796728052604409,-0.65709112324626784,-0.63198525026253516,-0.26123971187751627,-0.46846236767283039,0.46061712075430261,0.55353581680440067,0.96273957626514151,0.88644156185712153,-0.88205248973845007,0.71345106583883733,-1.1551215027821975,2.1508198174765227,-0.44149389586119409,-0.28708085866241906,0.030961623695404721,-0.081911051992479861,0.2974576621591804,-0.60976590246226647,0.25622413812714723,1.521068493210642,0.34652309626016209,0.55885832335664609,-1.5933153003389635,0.83609011758825791,-1.2508908007722697,0.048539060912177301
39,8,-0.012843026739928987,-0.92905291065480489,-0.37610779076116468,-0.06450372384654543,-1.8235498556858034,0.054374144132196912,-0.56223747421013548,1.1856041715373149,2.0428960191239414,-1.1494711110004623,0.45034851265429138,-1.018922792612579,0.51242950755412386,-1.1202802408744119,1.5157497218741569,0.49178962793299708,1.7127571223382985,2.2826732098263527,-0.54372500746134222,-0.47467276917536866,0.12340291540103719,0.98154625990253785,0.83008561202547027,-0.32991584635906324,-1.8317051380472842,-0.44641154491215335,-0.13422228131489619,0.71322398903411011,1.7372415434995845,0.62930121536458017,-0.49865178962375289,0.9915698319425047,1.441892771852668
39,9,-0.39757757461343557,-1.0859238462798704,-0.1631435376922285,1.556127536121755,-0.51707584665504447,-0.036335485374051985,1.362825304267991,-1.3395505034295117,-0.52471534708316958,0.66975358054043244,-0.26584997428738605,-0.36347915469897907,-0.82848142787150936,-0.81643930905285089,1.2255135270146311,-1.2264274658681522,0.70526156845063614,0.97335437653407297,0.090768872394255351,0.51943890239112556,-0.68374906311000616,-0.11236237965066186,-1.0982775817239594,0.245347039248618,-1.5662709183340615,0.1729631394514389,0.23092268522857237,-0.93540296266727851,-0.53155954826248775,0.53451921622309317,0.36308342308940939,0.58913510953432946,-1.0875499289768435
39,10,-0.70517312485098016,-1.3313466583546887,0.032755628115623298,-0.55320127130747221,0.047119688103275666,0.37186946323852049,1.2945167304071044,-0.34043498272724443,0.53652673982580101,0.71227105818208025,0.51716748721196881,-0.42713709068639183,1.0673273223495416,-0.23433600356899539,0.96471681640624163,-0.1373151977822141,-1.032645563273457,-0.039073362497420924,-0.28055721538748141,0.26924990599018128,-1.15512186889362,0.83619712178811978,-1.5920198104981647,1.0443281996151552,-0.77920908880654394,-1.8636733622361608,0.7687441180748259,1.1047253244654485,-1.0323860343142985,-0.97599032611436232,-0.22356371907064015,1.1924752263178429,-0.18946809123907071
40,1,1.3519061732412536,0.1940579246382732,-0.65472450298996998,0.85441242839234344,-0.36614670699677349,-0.69435738489323906,-2.1559204989800453,-0.44758060622835677,1.1508907128884482,-0.098564347742820496,1.2781825435190326,-0.59611348828893829,1.1555107959390813,0.64392048097257359,-1.8541152530407203,-1.7947630251861066,1.7635590780900585,0.23352593755222598,-1.2626354216531916,0.076420395495401569,-1.0606800522137383,-2.1971646538413192,-0.77501010067465226,1.2584273350757806,0.48336848189332443,-0.74890244622062974,-0.46718154964187647,-1.273404488250119,0.88053352331477008,-0.20050776651543198,-1.3425066999423336,1.6062750797300527,0.10984019975665911
40,2,-1.3804462662544554,-1.0353585489559065,-0.81263380553419995,0.27177541639180486,-0.25560223350027655,0.37587845936979519,1.9646562216839434,0.18532520286352872,-1.1381548593163644,0.65567637547173607,-1.9969361984030705,-0.76912040827432815,1.0313102602251452,0.76358856112859563,-0.011520216139096026,1.396700502242274,-0.59345930292988824,-0.52089067711157666,1.8363235156404671,-0.89061679466153676,0.48679706766454428,-0.88785919962230542,1.3612524028327337,0.25666402590711823,-0.11120394094154268,0.55906289573164347,0.8020538152701121,0.1036743087135565,-0.6710768031147839,1.316592286476322,1.2861180388923403,0.29355684553503286,0.16376346436309905
40,3,-0.68858457673323348,0.4005124146310618,0.1920989428889725,0.26195175827517159,0.35604331244495707,0.02377187950932317,0.68585133076437343,-0.76749386967356592,-0.25603352929801132,0.57946102816496992,-0.22256623687539454,-1.441141856311267,-1.9300739535948073,1.2947525641591464,0.39068511387391369,0.9904832626889718,1.1467858735828838,-0.18769085019683629,-0.73065468010415224,0.81342866555608562,0.67973298195836773,-0.25416751323547215,0.36176861400277521,-1.6428457798888005,0.36323906367315278,-1.0972489620974923,0.5980037355392398,-0.38894156391181706,1.8139775596613328,-0.9236106980834502,-1.8576825686661114,0.41783645946233638,0.7118480699886679
40,4,-0.19937735717543176,-0.17824330888022244,-0.94479364441552971,1.197685015057842,0.21998393646318182,-0.78982277782335364,-0.64247950103090856,0.72987088074578665,0.66528417845721699,0.77038795875906407,-1.7396281047467443,-1.025980070513723,0.97418439273192092,0.91513342063919922,-0.41056662793588217,0.48772018753691815,-1.5777589521378586,-0.36303608060967296,0.79643075882763614,0.17090288034600568,0.12267757133285602,-0.94254243436857665,-0.64892182058653369,0.92336377044413531,1.1873997091448418,-0.6052051104149696,1.9177638895645464,-0.043673658420183933,1.1311112382630764,1.8250848145467098,1.7520482179332797,0.11090935338059009,-0.74347496458795392
40,5,-2.3921937125033388,-0.20037320045777321,0.4042956501950199,-0.28407796311908107,-0.649520668421533,0.059144904571731868,0.12166907088084178,0.80651185896458011,-0.1693187234688335,0.88338045591174541,0.95816509508231651,0.99997514608688864,0.75521266893811367,1.0141344045484053,0.66935698795719012,0.71124341893825438,-0.33195831699828759,3.2267196586506359,-0.86206809981075228,1.1775072447750261,2.1170950703810258,0.95888712229225981,0.40604539922149169,-0.01474899622443821,0.056966267932149595,-1.6155610184601596,0.60064502740252845,0.66397462426641074,0.13793565157343515,0.19709794447237822,-0.63885541747074004,0.061763199301389946,1.1073807907297395
40,6,-1.6955526704934836,-0.4436973967508191,0.79804885580262575,-2.5824724418843537,0.92468491088470117,-0.60034606080347963,0.15780741248615252,-1.8901451650311509,0.03360744152961298,-0.71542864131639772,0.64328875998056878,-0.29143725130225268,-1.6339829907416505,-0.81409400696428291,0.060067338512764253,0.49533782418270006,-0.013136668664935165,-0.2631530065035298,-0.34725679920271885,-0.33772927004698816,-0.23054166672753443,1.3042573331645326,-1.1341231706078296,-1.7041408899726826,0.56279561574308945,-0.072893504325315245,-1.0318203246528312,-0.1679574487120257,1.6261057863716126,0.65802432342617778,1.0743652689710481,1.1160130997962301,0.016377963192747511
40,7,1.5336330426216562,0.55697187848114549,-1.3655352397349791,0.48037914822612476,0.22038070099380258,-0.24570629549328918,1.1698945900211872,-0.55156325214472901,-1.1342824256116941,-0.69823015882933714,-1.8452782546804147,0.18273216710960347,-0.085846617288591512,0.36610374105397731,0.94779475983996098,-0.50322223530089483,-0.1624628170013942,0.38625755130528489,-1.6294751264022078,0.24346084618020566,-0.37214948686348592,1.254990499721689,-1.0805719824142106,-0.15762018515673354,0.25872009523728312,1.0898893053045167,-1.4107245116133342,0.44211274768045622,0.30289002477969879,0.81217659743804993,1.1280405060009988,-1.1099560839150329,-0.23396801073210569
40,8,0.22459652421672166,-0.098753769738392172,0.19170549735876602,1.9866156575683722,-1.9604278307458012,0.47620135945318309,1.3568296535483861,1.1883796272409728,-1.3464214979364408,2.1863601918571907,0.94818261074577259,-0.49708628368765045,0.078073875748031554,0.00064671879387179221,-0.10736445300457188,-0.64886318224829065,-1.1530791194789365,0.018888866052170713,0.37673195498090334,0.32415393788776553,-0.45016066143779238,-1.5419298064479952,0.95582868161597045,0.88242029986274628,0.35866557722315201,0.55869524603592358,1.4981786148955347,0.94043503700622877,0.83137732290760458,-0.36558055579245702,0.033547183709146167,-0.48999314163936497,-2.8382716547725972
40,9,-1.1553674983006863,0.0042780789978475878,0.099934350055706861,0.091299014577331333,0.49288273357305562,-0.28785306724994142,-0.46251783294292431,0.84326932825162526,1.3262640648726913,-1.5850218772126687,0.89146135021096906,-0.59962496512724883,-1.0898859767266376,0.28005974857840255,1.7649107094351979,-0.60118407415007735,0.50874003231232479,-0.79051068366848065,-0.89785349303736017,-1.2487592143270962,0.65307469446762101,0.65567820199151905,-1.4530534614299984,1.3756763582396625,-0.92405493435188557,-0.57025619879876144,-0.71146650329560057,-0.15040759985118726,0.48259815411984597,2.2687734026385731,-0.3123604360130694,2.0937901456807189,2.2541473914456307
40,10,-2.3846688044039421,0.38499297867674265,-0.65289848238262327,-0.72571641739095849,-0.72736695932839612,0.48000958127277049,0.69846522031555547,0.60569656414374873,-0.68548272780577968,-1.103237614645544,-0.31692747237088814,1.3755513735082918,-1.6242993815871352,0.42538194841271487,-0.89664044319674419,-0.68153284416038074,0.0013797300219906084,-1.5924823481877532,-0.31037412813305398,-0.47822596553227537,-1.4617385312600155,0.28569103490500436,-1.0597627992103302,-0.48208690147289363,-1.3165422400644256,-0.44593785663186891,2.0943676479839071,-0.76734085236996863,-1.5437548299054393,0.57164537274192884,-0.38413996617394891,-1.4056680580347201,1.7272192156654111
41,1,2.5991356765229261,-1.5637523771937116,0.59320316773369985,-0.18525094008261725,0.0063645990972024478,2.0086413329572812,-1.0585739829650167,0.8129685406383439,-0.30628314895550096,-0.20987217208130821,-0.34182760804937595,-0.81209774131162538,0.52952769387086562,-0.26019235802776275,-0.44795430352709309,-0.58475175910421207,2.1391792032604915,1.0820343213891908,1.6639392368219752,-0.075064164203500539,0.64171105517499916,-2.7310662790567575,0.60383834369105027,-0.92633431500116381,-1.0856718494974067,1.207234148895912,1.0904729164018001,0.7962248116770525,0.33389773594711258,1.0717439218924454,0.053808937980141358,1.8031504847114592,0.22898413553683342
41,2,-4.6908961946411685,-1.405170540902426,0.29293205730080613,-0.76515976892309168,2.0857256902046375,0.38554675424682761,-0.37384318471961969,-0.3181326006376079,0.28019520693027511,0.904034624675494,-0.56020748428833644,0.56004949185415787,-0.7046526247558722,-1.4264388069463949,-0.076131382457984995,-0.094656173632196458,-0.22598238676905691,-0.090938020453088977,-0.79696610144605085,0.53984453649282749,1.0774408746642106,0.80605621699391927,-0.94899675954132368,0.56458103916985902,1.0023832003468061,-0.76923499341024393,-0.5365487924315876,1.4113210556781586,-2.3606612179438118,-1.0267362074754729,-1.0414062364630865,-1.7186079741575411,0.5078457125514293
41,3,-0.43153863062958409,0.40522895360441286,0.46159308712453867,-0.59947336361246195,-0.3732618225956183,-0.72728622275596033,0.60169732981420088,0.10874679334324722,-0.39484115668649261,1.1517024326896352,0.16821618052611884,0.29952489408849831,0.19153802347844145,-0.93919827001249268,0.93728175010761949,0.34528773383707306,0.19707049259131842,-0.55407466192633925,-0.56420285578746021,-1.7502964715777882,0.47927538039605017,0.54479627625736093,0.39629205100526432,1.4983003701042692,-0.7148783451459757,0.55130561354697272,-1.5580520167582217,0.83185810429636842,1.2185670533404764,0.8142367300313742,-0.066615314170616183,-0.32426025757595894,-1.1814226753964627
41,4,-2.0723061679864569,-0.11584917582559018,0.49533451393466216,-0.095809906413469439,-0.35856789447896814,0.77037165357368143,-0.80733869747131626,-0.80449425068053371,-1.1817156422594739,0.16243660600882287,-1.2046208351329315,0.94537553241710792,1.5222210858876188,-0.23022894888491066,0.19790123496725151,-1.140064900929129,0.97496613722049263,-2.3826869002182787,2.350697289842711,0.44979089964812652,-0.94229282229111011,1.0551596210041498,0.69376954567843974,0.28497618872448277,-0.71767531544290863,0.23780474072817143,-0.18311218436047455,-0.25377534817350617,1.0920641417196546,-0.24710558300069696,0.83776874565809722,-0.14411948406708525,0.4559080398667425
41,5,0.73618936838744642,-0.80526848578874977,-1.1900702677141513,0.62040519246382775,0.33724898622316563,-1.8708094863993399,0.46541558247477621,0.80283033948029259,1.8374416595541152,0.099392743330421404,-0.7277258129942481,-0.43193756035302772,1.0072902934728991,-0.12622780787894614,0.44372601214889246,-0.90676953530142868,-0.84299907324389578,-1.4880653191656554,-1.2096888525464125,1.1096813637687131,1.1563995918357846,-0.21151703644458286,0.17672177647437917,0.62760734148969766,1.2143410550789056,-0.067540179349820484,-1.4037984634597891,0.26830694502517638,0.19821182338531157,-0.74141980849189071,-1.6129912419262478,-0.05759106676926997,-0.067625098606850731
41,6,4.9665830237372859,1.8426842623697188,-0.65089229692070483,-1.3599518132233019,0.15083822443100042,-0.7970215371782845,-1.8257608529059732,-0.36254960177418416,-0.38199122714035255,-0.15620146435399496,-0.3854089796947725,-0.51864703773484977,1.7531264896989798,-0.75799915893784264,-1.5160039896991748,0.010822571240616462,0.71485140936467095,-0.90783116168685607,-0.77489516456141605,2.1101157584658305,-1.6860691635871972,-0.77985579813605133,0.84765239758740163,2.6537490511277921,-2.0045503779541463,-1.2769184697553966,0.31474887510602234,0.47418763425514227,-0.99407845401249029,-0.058544930756454006,-1.5692042992325621,0.98188785359360586,-0.63317226034673912
41,7,1.7533073485405331,-0.67589417846573296,-0.50815951573343032,0.13764984873082997,-0.36461287433520695,0.33839792670801139,-0.58533576319736413,-1.706774369080216,0.029534940510646104,-0.19414486082930674,0.16014454672888512,1.2027437657755871,-0.71511444051871209,-2.0320414909053661,-0.75251187977335232,0.32445593558742064,0.31063281565321005,-0.84832785696033008,1.7382114847453856,-0.25407367297756278,-0.64797445797172448,-0.44250917471860679,-1.7514190386639514,-0.24961653512887649,0.18671571244890511,-0.25769014297398124,-0.32686484833455809,1.1713415126000024,-0.41372833040001622,-1.014007006272881,0.33041780796717685,0.67123638462499158,-0.37170054927350488
41,8,-1.1099262713552862,-0.98228091572462217,-0.3300051091526367,0.27119600941771316,-1.2175893284789874,-0.57213287499589771,0.92361787487634905,-0.76822200079676828,-0.62276934858234778,1.3216508980000896,-0.79531987972911489,-1.0934444056430854,-1.5137200053366873,0.81854297082091854,0.90341205453061002,-1.0097863785608132,0.56579727237169164,-1.2561284856007582,-0.021317149493160388,1.2161399955672514,-0.013182371348698256,-0.7294287127471677,0.35100377979496966,-0.90663871134908369,1.4889309390302199,-1.0330845988423214,0.38410482662371415,-0.097552831270739521,-0.79180906812714913,-0.16374476061571216,-0.94217570074389823,-0.88144138977500219,-0.79107562559304212
41,9,4.786625061904684,2.1937084013451287,0.96478915376839314,1.8650777224839872,0.8647768742612485,2.3820745189705765,-1.5650948069605695,-0.49403619953747507,-0.11521300094043556,-0.26747611308495706,-1.9149252110499577,2.0001739451610523,0.98459795552222373,0.18641670216168416,-0.30325862726225911,0.66078573409285635,0.47647582634771407,0.72974300526790148,0.085188221958714117,-0.036167982159544372,-0.93808541376186694,0.60306846862117558,-0.13728973706084011,-0.11920029321750814,-2.2406075298592629,1.9433328149623181,0.3343665307239258,0.059628152186859615,-1.540006371356931,0.8799966758841743,-0.40971531812201845,-0.56994012036556962,0.30795935219481657
41,10,-0.10984477496068445,-1.2366230058725545,-1.2805306378159531,0.038925153355983379,0.1733516886083605,0.88896569054268459,-0.85334962507587409,-1.0070030019023379,-1.2436018141541603,-0.44913265862624147,0.58887239022539961,1.4132571801785365,-1.5621061911508933,0.58036653128576143,-0.50703722825757724,0.63145592340636336,0.30426057173740462,0.88845742108027514,1.1788085927785017,0.89941139383884416,0.591620212257711,1.1568540266330976,-0.33199484969867005,-2.2126947876194438,-0.13707076052325456,-1.8508935740756096,-0.066784364979598693,-2.0765212549258405,-1.2418582813076495,0.037724689887102474,0.97765946938008974,-0.35580869941419208,-0.884456532542097
42,1,0.57060963425929745,1.0925459588909785,-0.51158913778817316,-2.1892167722230154,-0.30069570002294893,-1.0779160547003515,-2.0140890857723956,-0.74188400243951946,1.1971494356400363,0.19866619903502422,-0.79430505043931021,0.34676673046127748,-0.29912353501178734,-0.57789279015514117,0.91222972430682014,-1.6072878726171012,0.27066209958256898,0.00090706196773342131,-0.55411011708267077,-0.30644583389813979,1.2566480198929451,-1.3836779570611766,-1.4979981257448165,-0.026880282617390491,-0.079277995833004974,-0.71749610159446497,0.55543950727298441,1.1265498101283784,0.38805555295304039,-0.26067416740029054,0.59536571233881475,0.67273021045190806,2.690999309227645
42,2,0.13843849087613364,-0.36690040059780615,-0.18770833571229792,-0.1346970624216611,-0.15645214990465214,1.5351405152602775,0.85124709337663662,0.092616627782495881,0.013871220725670657,0.50683863199429802,-1.9894967393085032,0.30225607005397837,-0.63980883145431211,-0.090346466987539592,0.73772728984933622,-1.9021314156483458,0.31867209454740114,0.13763517639584211,0.80924182179174597,-0.7340318987340676,-1.4083408740399428,0.90647095494761754,-0.40524571303132928,0.36086174160732498,0.82211619493199906,0.45818142811093993,-1.4550243749625391,0.4953754962908527,-0.4758071745956593,0.073506067628574701,-0.37642919325843988,-0.15809747036550287,1.1353098016474132
42,3,0.66031538844621318,-0.40089042609560499,-1.112155306222141,1.5116465036397013,0.66546456746305283,0.95194285144881552,-0.2771530271459694,-0.99968213248471038,-0.23318516065704448,0.78960428454253906,0.37410496166851293,-0.78199152128337057,1.1181986305356932,0.20937040275019922,-0.86961821258064731,-1.6576310141256965,-3.5096246382483995,-1.9831231270207901,-0.67512141001816306,-1.0211471442188573,0.24583231470460468,-0.71899936623736505,-2.2583459239109143,-1.578244862249496,1.1028349263506803,-0.19575808766025768,0.75713479034124875,-0.2887388072424027,-0.78731386472866449,1.9457383941578186,-1.5532564073786004,-0.17972922414156536,-0.52230614289287436
42,4,-2.0960239133632914,-0.50857511384317078,0.98893501782666404,-0.4642030350217517,1.6928794602631621,0.71758277603990284,-0.073188265665118046,-0.023718690150206233,-0.40517223183561846,-0.36675898773187982,0.74287038804852101,0.23201643013047454,-1.0563077752145971,1.0537752552750652,-0.19392610317553619,-1.0659802187053284,-1.6273148136762494,0.070121897860544014,-0.52707258953047398,0.095796700947691674,1.6094868885441951,-1.2585587199537849,0.33741134753015595,-0.090897846413264122,0.30961032826942803,0.34660845611391905,1.4575336446657385,0.24006302435653318,-0.98315417167588437,-1.0489465804675349,-2.5584591619875181,0.17068102468064444,-0.13681259814435007
42,5,-0.15518612753302061,-0.091760369560017138,-0.13333202700342545,0.69406887026054576,-1.8005392821476427,1.4335788790098072,0.097739346187714571,1.401199975334728,-0.69360536216753754,0.29914954405778449,-0.53081427503810796,-2.1077356932033888,0.1747601207179757,-0.65732339712340004,1.2731544361601248,-0.13053796321247232,0.63574678402722329,-2.0362860563757734,1.1021560778555191,1.3085315571196459,-1.0752039295037839,-0.46119523578712734,-1.2025172968208686,0.80351829226259464,-0.010713396611283552,-0.14214600476913661,-0.97742236236433766,-0.55279693454266887,-0.2115490644361539,-0.005292377345359903,-1.8909565264832713,-0.54048401827276382,0.60154871632955054
42,6,-0.43297293169048218,0.21829594363481805,-0.51750452444996187,0.048015091968695189,-1.388769619176627,-0.22047866074895048,-0.59014570399925759,0.37116997190886453,0.2933083055042387,0.40139418612201194,0.7373041577346956,1.8565118005166736,-0.30016543252977196,0.92741615128240495,-0.97280126611816176,-0.6552839803363919,0.98838531909419847,-0.026067232588727514,-0.81381980229310225,3.5169562728717296,-0.030850419970083653,-1.2204520253251847,1.3355921956710941,0.55983075134326643,1.3569068750044166,1.053277181551739,-0.074651412717030435,0.065220303158067733,-0.58638665920205624,0.11666421104955609,-0.50303530795491547,-0.60852610113148353,-0.27734825002585073
42,7,4.5517323499727427,-0.29601606065601899,-0.40520047343804033,0.18117301245263145,0.79420554923013986,0.35414942769688551,-0.63953448442453598,-1.7896080622340471,-0.13361281295311342,-0.15066220411071785,0.092267885998416482,-0.030922571517687257,0.57781238059100837,-0.4202567902321076,-0.099875570344503381,-0.49415439081750728,0.097783375813648502,1.4240644437753138,-0.82248573576744044,1.336867874917242,-0.21777235825089414,1.5990583585169542,-1.0392864651960809,-1.2969104065006725,1.728423714646383,-0.053368501040571538,0.50083366778444949,-0.91092283869261059,-1.3933700762562666,-1.0348989881363704,1.1699653041514548,0.86731419288284772,-0.42573623489428136
42,8,2.8019495044515033,-0.37912072553442927,-2.0204743353948857,0.59577087003961027,0.4440562162984617,-1.0742533325872483,1.0658091781399448,0.79621553183849869,-0.5126014160819945,0.10051084773465395,0.33773377078579625,1.6278000529194279,1.9328643951277162,1.9376698465234321,-1.2215676468730918,-0.025971082416536014,3.5525095841787007,-0.6989081338617873,1.5402532059991592,-1.5212481760161158,-1.412932743487245,0.21509876850204035,0.10722864432004925,-1.0420205575850412,0.7940006177230915,-0.57606950725039652,-1.2863436665678085,-0.34516218857679365,0.15585442719141407,-2.1633184058424053,-0.56187360264262576,1.030334717165734,-1.4610163151699995
42,9,-2.3969617173531876,0.54149721998969236,0.40168779906243318,-0.68145479489770011,0.004539979161607431,-0.9404047454346518,-0.71976171434991154,-0.81807929607587793,-0.16940633980261338,-0.1645379496310159,-1.2606831724972343,0.84035047989266065,0.40122951569916954,1.7776912938391831,1.2626214856525515,0.083204449626609139,-0.18226460979691134,-0.42593969224446809,0.25702220202860954,-1.6449607990568982,0.028096553585583248,-0.49605774849250062,-1.70622475365768,-1.1235587141945973,0.18928882060883181,0.56488934716786843,-1.0407813919014126,-0.90667700513902949,0.29127184660047639,-0.10720464493625224,0.99064124228846917,-0.90184761339395492,0.16526747519775553
42,10,-3.8032276154108651,-1.4111359303123554,0.51592843157635304,-0.10973406594766469,1.1978975848044346,-1.1443256023867021,-1.3936395662856556,0.0397066691082937,-0.37757028976038559,-0.11290720296562111,0.56113311717819481,0.71576521491110867,-0.60134325928033816,-0.022351765895485244,-1.0860877954953854,0.14392059164849769,1.3981977676390571,0.4174984543167779,-1.3240373677616062,-1.3609251174914594,-0.22698748684455236,-0.60017571455452123,-0.55805315539788924,0.46830127565782509,-0.78538936326530506,0.82219887022270122,1.5512866880666034,-0.28002879356487448,0.79506446780285522,1.664596370865616,-0.18527970529544244,-0.970392838494196,-1.0890818454635034
43,1,-0.5782490876089984,-0.91151220925213461,-0.48533078979440586,0.56750293046523714,0.82309467263787306,-0.56282104875717021,-2.5661532826985001,-0.38231528087575756,-0.29929985711333346,-0.8601593399779216,-0.71026984649180303,0.3597365495536905,-0.11358889639385886,0.39276776242532269,1.2174990369386838,0.69029604832494373,-1.4832339349443608,1.4663781307242683,-0.17224046905046916,0.11115023982967857,-0.095152495491753059,-1.1777341159199159,0.5861956233938509,0.44490714697518924,-0.97442937298301047,0.10543123894026984,-0.065779825075975948,-0.64395004809581868,0.23242079552538078,0.18490532535898391,0.097730495386134819,-0.66245366501728598,0.15889455302383787
43,2,-2.0180351918416903,-1.9217615191260162,-1.1622954914714034,-0.8599722694462677,0.5343997971080946,0.69978266975796943,-1.1906132764459303,0.98373108942640775,-0.78651270100273174,-1.01283919624479,-0.77447030510915804,-0.34741156351438274,0.36674552841261787,0.53880004750417032,0.5945157959691576,0.91336235854056824,-1.8914098059618383,-0.022371735376702565,-0.5618359591814901,-1.1334887838266587,-0.64118141767909897,0.23550894853566104,-0.4467181064775731,0.35155723163129576,-0.3071512501917229,-0.31321210785211945,-1.3884325034036167,2.6467378142110416,0.63490015934238864,-1.3339833846457563,-0.54657804247553854,0.28292942132076565,0.78149931225398683
43,3,0.71210121407974369,-1.5157466750510038,-1.6494191042901547,0.95633855458083461,0.29023953359145327,-0.026755560759085629,-0.15910127551575556,-1.0734066211229281,0.60056047091485043,1.5395428422302422,0.47704240697027706,-0.0262553442715402,0.63913771772438432,1.619887483370694,-0.42616357819262757,1.4270241866739422,0.2067293329712605,0.78634348232080042,-2.5754466918077834,1.6801517152708791,1.1776842283077875,0.21239998296570439,-1.8534992761658611,-0.8846105208850702,-0.51983293960462995,0.39695204057775663,-1.7960900868513741,-0.38732299652453794,-1.8474148121659286,-0.27461812713614037,-0.5863289340871819,-0.20494343816486491,0.060917081027530941
43,4,-0.069737893998397471,0.44114670409919782,-0.41044845732008761,-0.12827241550940402,0.79070487913174925,0.49802592653746591,-1.6255929553557702,0.42474969382513217,-0.048518796260541563,1.625176723001269,0.58984952705876037,-0.86710170282885435,-0.25014158236867429,1.315140869256499,1.504798893058559,-0.22098578454422807,-0.38414417689396124,-0.25496656399541096,-1.2034886799755331,-2.3492053220381477,-0.67100304776326769,1.3085886909851661,-0.030780112917063899,0.30161698657837821,-0.078920182300550645,1.1787020405946991,-1.4146934647796969,-1.6747424136101683,0.16116686741256336,0.48258165359337235,-1.2303984528433085,-0.5779161557002277,0.25012591948861501
43,5,-2.9807933389287156,-1.2917637998682343,0.98144218795078297,-0.36810957934869543,-0.16082453811713951,-0.90373564594699618,-0.48243770435882127,0.053163303515010647,-0.97405622593745078,0.2881951774769182,0.89397377111885235,-0.55192411426512944,0.60581295697682214,-0.9574182345540948,0.22706325626840296,-2.0083567292645688,-0.24661981316662057,0.11362409018326733,1.3682958953687163,-1.3191683099942986,0.046243177197208885,-1.3200483053084804,0.36183606697029369,0.84526159156142433,-0.9974983096247253,-1.3084330554845061,-0.14958379716810638,-0.20126820357715897,-2.3148553447068951,1.2550916147003657,-1.911848862134212,-0.0135467971762115,-0.93034754689990684
43,6,-0.57028336360613152,0.99807250755422905,0.47493456939600281,0.21753437938226733,0.64417025639468273,0.82176427926028062,-1.4972037706998378,0.42323840926475448,-0.52471132834336165,1.0946470162014299,-0.7507400626849956,-0.59402724153159892,-1.584622600490164,-1.1568171092564024,-0.39689131479061229,1.9452100955512062,-1.0104205739948418,-1.4677760623376357,-0.77175877397704873,-1.4402171987552068,-0.95615414072037619,0.011031296306094011,0.26602751459069252,-0.33010801497153691,-0.92198263740790043,-0.71637433428716113,0.16434924005025478,0.12027554572728494,-0.32192558205152738,-1.4730727054792627,0.98603427212097539,-0.10184341540311607,1.9619870079901045
43,7,-0.16516780484816804,0.91286898972788477,-0.1683148610316838,-1.15861338575957,-0.02392850183434329,-0.63883258629469308,-0.20013095512759421,-0.45029497322315609,0.061817036591471974,-1.8362034263424514,0.1934358630951851,1.1377866757804989,0.56704049235028076,-0.7466833158445737,0.93565988118779653,-0.46738193838113079,-0.4214171558069254,-0.45097598483856882,-1.2557242059696656,0.15967384220162284,-0.31769527532354525,-0.60216151507049454,-0.41987451888166344,-0.42972217698874321,-0.97978446701928779,-0.88719000625935018,-0.32417917948543995,-1.546194537477654,0.35217319067688274,-0.68156459074980502,0.22357278732978311,-0.60197993357217461,-0.82609138139582405
43,8,-3.4384366458226028,-2.3188152611446733,-0.81258960404714187,0.63095874812780728,-1.0476473313783106,0.96011110094389696,0.65276705719405148,0.37055769403002053,0.54335320291049205,-0.7582181492511082,0.34336395012966681,-0.9565325509502951,0.62498250760687168,-2.2835553881161901,-0.19419828015934543,-1.5274520754882457,1.0794991669937148,-0.85357874797864153,0.50398799997464938,-1.2394307080626557,1.3651625930402258,0.038582560640568406,1.6895092631988367,-0.48214818853682279,0.29811080892314196,0.17978757728537764,-0.11225225076905743,-0.099980342238996253,-0.75312636539776923,1.3571281796178256,-0.43561765363384636,-0.16522479330807077,0.20003239139678478
43,9,-0.82118810234210105,0.90028927014693039,-0.37310507637003582,-0.43410153118990841,-0.08200673927346018,-1.8113137543001132,-0.36038677426158583,-0.72991888948286909,-1.059496815021425,-0.26474809755913414,-0.6541247528837898,-0.64474979494113549,1.1751300398952158,0.056661947841978297,-0.64258372740896375,-1.0451615456338204,-0.28348552851971498,-3.1858010356845248,-0.48321404003439011,1.2257554352985203,-0.6361348103705764,-0.450311665064762,1.8086884378544013,0.92342280703299939,0.12168008302639569,0.21125994419641983,1.0389990934457296,-0.52863745595784528,-0.5028305639010997,0.16575783711106898,-0.26901205225414448,-0.26608116558797978,0.099927993155072573
43,10,2.9553425259746406,0.22490129657934874,-0.58410065708385439,0.35920315785010604,-0.61044737775813984,-0.42522403106521323,0.85312542421025905,0.42301426631418165,1.4198611093592755,1.4960831749121772,0.93375392451707517,-0.77064702879080715,0.12507901892782422,0.31804699174312701,-0.14153286877580912,1.1614729976006468,0.46065166569748872,-2.4382635328188016,-1.0888331551454178,-1.1209053198248033,-0.81653985349077873,-1.3858406437821351,1.0655335817438567,1.4217953616863126,-0.7683084319296325,-0.24599060924896227,0.18137459449321755,-0.38170974817404962,-1.6515009993371439,-0.35265832455135682,0.14273261301207354,2.1105784342310474,-0.40169969484448054
44,1,0.8912795237796205,0.58030677140496156,-1.0150037644351206,-1.0292891849633281,-1.3812963962903329,-0.6221134473842912,-0.95941650512270127,0.024114131770091394,0.15706860829574709,-0.97512476419521787,-0.49015911847155452,-0.14330174299794587,-0.53109737140227808,0.97677002984577255,-2.0530644653404386,0.65361323987065489,1.103919169602614,0.17099403935507446,0.33306398079806909,-0.13626153082422401,1.280305984861517,-0.82640789429704309,-0.10660993866366023,0.44552665252879209,1.575840844364758,-0.267902692377955,0.73891101478865606,-0.63773750562810783,-0.29655944726349448,1.2514410656555619,0.78342808101396444,0.18229203058992299,1.3734816430100796
44,2,4.7331454032269988,0.98664937945170306,0.4257013995397681,-0.37115459422149688,0.67244712868279866,-0.57689589215127723,1.1377106389799434,-0.1553552591087442,0.60717645836792733,0.49585578527649421,0.052177558753822212,-0.94173816222464957,0.973338113697514,0.72394398820952977,1.2605321168432795,-0.7577649510624419,0.33925960852946913,0.17153076991011817,-0.16874158045163978,-0.41827673070231686,-0.34658389335935608,0.041233966949799472,-0.57731364479044689,0.98775081372360385,0.85363763392416203,-1.0822698307185863,-1.6888611982565309,1.8720494153622571,-0.19948159571737842,0.48222195663433992,2.1595013507467318,0.25577331027095962,-0.017595860369784569
44,3,-1.3692896366499485,-0.47237763598673738,-0.2885598849012419,-1.0612379938041141,0.59902529644262781,0.96380644146862882,0.44163240578288543,-1.0079369100857032,-0.60661770223275335,1.3251297106665338,0.4195012381527285,-0.11791782129574152,0.37288853509287256,-0.0051633721610989461,-1.4695731419357143,0.14916741659506366,0.30141349107601156,-0.54852915396902546,-0.71880769949691536,-1.0274918041524363,-0.46225994402742132,-0.0518946546583492,0.21445264993382029,-0.73841760566161208,0.31439765148401982,-0.49003452801174835,0.99681617594540939,0.4784716498706344,1.4490820775444111,0.52879648391875356,-1.2603845722816283,-1.5037120201250018,-0.12768010110341288
44,4,4.1593874010611191,0.98454791126672792,1.0151063849327155,1.0386614380911949,0.52480712569951127,1.4193053636122244,0.48201343335588825,0.37901399932512825,1.4146332785264744,1.1870826425120802,-1.4053466272202215,-0.32912853213085602,-0.79810166308842501,-1.7402428342381961,1.3755758271592695,-0.58015648891650029,-0.20533349509031104,-1.1333887426895681,-0.70198499769657918,0.1293771175389011,0.40669278197231673,0.022879824691293252,-0.36877306138685378,-0.053905081480081642,0.76614784447745976,-1.0299965049115649,0.063709875665095284,0.74190355309012523,-0.092358967691194838,0.24362287235750701,-0.56076746969132008,0.64264082961857705,-1.0216197283877939
44,5,1.9957034700812128,1.5727330126932004,0.7688261384900108,-1.3410440757587141,-0.80773216722836627,0.36936855395432971,0.33974401075752492,2.0607487683207419,0.47046411528301857,-0.24426585364177753,-0.89815506241503695,0.96350125114004204,-0.95622012590192729,1.6060948056667004,1.6271839205121612,0.12650055472814534,-0.34405004877624551,0.090107626225114631,0.63106037610796073,2.4371431568148618,-0.10288024663984917,-0.23806768241327103,0.37668615593256793,0.71231948118557142,-1.2581077492959734,-0.37762165901464495,-1.9234299657666507,-0.23241055119290005,-0.73118763271212805,0.6078620635307237,0.53600623448551543,0.95627854211246455,2.6020421451660747
44,6,2.2687093635555771,1.4688594271123998,0.21287287489951454,1.1493471291939585,-0.80832089551968833,1.0704527486022455,0.40957512359087428,-0.48821807055882549,-1.066347437319952,0.48941846481076223,1.0655547100408831,2.1242262527896201,-1.8601937549965395,-0.88812828371324104,1.4333290389306124,0.037681306099405357,-1.9866476858629705,0.60847226952167799,0.73745030563956582,-1.1953236934991451,0.82096507653109396,1.5089167456524684,2.1789237779688144,-0.33845309419759334,-0.85874591926582244,-1.6148296764931009,-1.0317746889189112,-1.1592018819321435,-0.67848000781939743,1.1516494970115785,0.94768213470558849,0.29261127826607236,0.9784489022919387
44,7,-2.0979815096109604,-0.087616972765296591,1.2353447362368428,-2.0576541539153204,1.1721971395273334,-0.087038176509857748,0.68094660394253914,-1.0408042221945746,0.59286483615870567,-1.5548549728290932,1.1005215347469277,0.1889410937033679,-1.0823564162543726,2.4228961648895107,0.69410569086852147,0.64598232017668744,1.4046846570232567,0.24226536872806079,0.3464522058259808,-0.46697171551677463,2.1634272814469768,1.2587732773738549,-0.76662118254290035,-0.68605265773308477,-0.28010053952087455,0.22454636009778742,-1.1146408713584151,0.0024317032682624968,1.4319639876337549,0.85507189844772047,-1.5095861250070826,-0.67575478148651469,-0.69088926977749143
44,8,3.5467924264613138,0.72359084927826955,1.5598835269792342,1.9330156506721075,1.0871129209724364,1.0585108003178219,-2.1093525098106407,1.0341860826647624,-0.33662180741595532,-0.3891703371510854,-0.11881695573392714,-1.3089807333077679,0.39560697074475704,-1.5342041262862194,0.16204312278514263,-1.132100984011118,0.39547182778527434,1.5385591134457839,0.94748112862989797,1.0863891066815965,0.052592434108708647,-0.67448667638334603,-0.73967550806731575,-0.25936459519950172,0.079440089694824009,0.17059506121101034,0.29446353980963169,0.055473827608576519,0.522986944010016,-0.15575562553706279,-0.22517239585513668,-0.18595740641621986,-0.71539309008987784
44,9,4.2960130838737793,-0.16766468544380192,-1.5750392015993187,3.6886640651736911,-0.26707701052142452,-0.53757711878380454,-1.4271635496570889,-0.69912983577915178,0.48957998199288405,-0.44297613213791415,0.72023125925440712,0.34045211155391741,-1.7548227986099694,-0.63213638443290332,0.33522129578380261,-2.3901515028976275,0.11725046498833067,-0.55519463491671484,-1.9189774404297171,-0.52938587611948018,0.23206219333482314,-0.21638188842434902,1.0786528557859199,0.36633559966150853,-0.61799539138436366,-0.34732006026068801,-1.2662553457894352,-0.35819556777453265,0.76601319170758975,-1.185541120629281,-0.20016862392480511,0.26260586609273739,0.31054121682268965
44,10,0.68477241152145307,-2.2538938839451985,-0.66412389532132599,0.41613187462682011,0.54041862559298282,-0.60881162524294574,-0.28510923432828505,-1.2920079194315195,0.069661588929962354,0.79773260638318821,0.83597481808300367,-0.11264918657616914,-1.1263199980329668,1.5864732371687624,0.19770408795310185,-0.23290784507228979,0.91082485929636303,-0.51495731424948488,-1.160112040117502,1.3554617389069745,1.4210690261003331,1.6451015280624048,1.4842132213193875,-1.3412456675184743,-1.1999011214453019,-0.20289359199327212,-1.6843796864400609,0.6171681524977104,0.83353195810334779,-1.1413471294242294,0.9219263167440136,0.28996755292218751,-0.41637319879924689
45,1,-5.1746015815712063,-0.41729030600141992,0.94535440513126834,-1.4719833371425479,0.090806356915226691,-0.88629345008842542,0.85878229168194331,0.4240190574222239,-0.80273638162702388,-0.17404293589614869,0.52651941473447106,-0.96374794204313541,0.025212054920042595,0.54319396973046485,0.72861909790035262,0.12618454897413978,0.24198764110884174,0.37110849912780358,-1.3099161547715394,-0.61649889217158427,-0.36110157704536106,1.2892566461159352,-0.014267513466817707,-1.4697471156740989,-0.73173600071212119,-0.26830141376262329,0.24680514280354718,-0.28986187431494786,1.4115731957495077,0.80791075721910321,-1.2905082956689549,-0.71799331889481799,-0.08105892334988607
45,2,-1.57565862021278,0.54623438791780476,-0.2547760737632867,2.6904109323797303,-0.71342399202510454,-0.83527436446678471,0.38436039773794878,0.5987320975380086,0.24061049620023381,3.2347114589594654,-0.79202307214405032,-0.53200928161989569,-1.85366769867838,-1.6439374204727433,0.70219770758674471,0.25489012392961702,-1.6802405837122569,-1.6220635292945138,-0.20813580554030472,-1.0366752224173137,-1.3896234578076629,0.60126574933832011,-0.17917024753432792,1.4395855007038312,-0.72006791017193905,-0.1644740981337775,0.040430097830373012,0.57782504080981034,2.0664005938221512,0.55065980662964042,-0.81210464287617501,-0.91040478348254383,-0.13274252727853744
45,3,0.97015671732933595,2.1036016763491792,0.6999599394930538,0.81502901618556944,0.79758545149715365,-2.7453768561988832,1.6824518639312638,0.65373144894988022,-0.74377784010833159,-0.86118873542030194,-0.23263005492822644,0.185732505834416,-0.082180903139902339,0.90273391805867842,1.3703302795084302,-0.2182256958197781,0.11690743145418929,-0.081095100858010041,-0.43875871481516981,-0.015356128105915188,-1.089264636188346,0.35936494525121682,-1.1655112976095943,-1.4341617863410179,0.075575613690922194,-1.8042627495239016,-0.79155580535910519,0.061835726568988059,-1.4548935542416332,2.3744687515514391,0.29073474884627881,-0.29700508960849192,1.4891732364069084
45,4,-0.87958943312116422,0.95966440036147571,0.29651841786256156,0.10526193583722794,0.11481325048330034,0.20124802508613229,-0.35854324808893889,-1.8182695443971675,0.15852046814275575,-0.097716790873570658,0.44352454925225082,-0.13396591566894669,-2.6754056118809397,-0.69685988280694733,-1.9098550747415739,-3.121387262009371,-0.69685606092180941,-0.12053703193613355,-0.63106816914134356,0.89490714086176715,1.6182026111706771,-1.6512738374563003,0.27155806761860418,0.023507804773382653,-0.20415047554033192,-0.0034625428826688099,0.88647533700407066,0.97815171351926067,-1.5272313461294489,-2.0587152244989988,0.082198512111842356,-0.27869046996822644,-1.0531873157137974
45,5,-6.1593147760407598,0.33190733985105925,1.5070350113032329,-1.3727892831328705,-1.4911708049900865,-0.42873309011072813,0.61214042480583541,0.34697705860554806,-1.0373918554003785,0.40771334664439157,-2.4614406899745536,0.70782234429066548,1.2320003872312943,-0.53572328397925428,1.1852427252924049,-0.8887444657374205,0.055298855482885705,-2.3384200399488946,-2.7323765788896757,0.38069869350263302,-1.2228971610910457,-0.75715295217300904,-0.026136938371252035,-0.58659216819868276,0.24736647207495097,-0.67701884702355608,0.68836338612547598,-0.27229997809585288,-0.12632485070530231,-1.8342658456570573,-1.655361298377144,-0.68980608872993698,1.5534919466730475
45,6,-1.3192612743027601,-0.18462912617954202,-0.71485685069978555,-1.5591337540038561,-0.50965526491638746,-0.29990915915388222,-1.0434580932166069,-0.089647889405663317,-0.87640193951401169,0.1202100852458763,0.85327124256778031,-0.037433631432418971,-0.843966607709706,-0.010123273619293931,1.0203507110181897,0.61702948751092979,1.4226810897191837,0.0058624467281559465,0.99106012933798671,-0.75812336049066986,-0.076599294894859879,0.69023489359496659,-1.5275933443365328,2.416262924833942,1.1603118779239763,-0.3405551532526766,-0.24100797007086741,-0.83949758868652202,-1.7617152191420504,-0.9054355686584461,0.83784567997507109,0.24598636886884867,-0.98600338661810549
45,7,-0.63127132429813426,0.99753078856767741,-0.17239815711409651,-1.2776316246591044,-0.036876521849216304,-0.6622518233328597,-0.74070064313327888,-0.014467898941404853,0.28727969357089306,-0.038015381181028429,1.2810283158984834,0.3278122068617737,1.1765401669352273,0.77785264319322989,1.6303115008061735,-0.90822963921081989,-0.54501263299728708,0.95884187650164632,-1.1871110200073527,1.5671230185686784,0.18514824329234109,0.7054250110849215,-0.73562844618352696,-0.79388059139265299,0.37046263193966505,-0.41683632890570493,0.6003177022045374,0.30218335161636606,0.18142646042516,-1.0949406015572096,-0.25189611543625512,1.5475688351497823,1.1808451504524784
45,8,-2.447571530137699,0.60910989163702667,1.2367784790715344,0.12303419992887928,-0.10052831685748771,1.4406383163755874,-0.50942287854655555,0.76744209450775525,0.79133396362358377,0.45831032173259645,-0.45205688888401452,0.75247552544220475,-0.58852958835972891,-0.40295321664526507,0.45813413349647969,7.9311269445703078e-06,0.77070470780890643,0.40836071855653605,-0.52782781716394211,-1.3015055475458599,1.5157408968793999,0.64055532008821847,-0.87908227619140777,1.7081954640729065,-0.68619520919997357,0.05629054543630737,0.71066069607361904,-1.3345201595890757,0.078153775202135498,-0.87795520956948425,0.031389034204432779,-0.28061398981433539,-0.17190744576957412
45,9,-2.2354675799534687,0.18711589667307549,0.60692189674460228,0.8546704848885931,0.47872329469592945,1.4523150501816104,1.3284273510724063,1.3541193581670898,0.85475890870795257,-0.40724020385074389,0.90270596217053622,1.712463557288364,0.52192006969637672,-1.5024910017489357,2.686059799401419,0.1150467803894582,-1.1183845716711678,-0.26649274357855129,1.8270148782853179,0.56228942843360319,0.27827117835678677,0.89190968137034121,1.3333348886769516,-1.2153145768585008,-0.8871932290454827,-2.1601003709614179,0.068479151096456969,-0.76545371847376564,-0.78659990854271367,0.15097107937281853,-0.72814860863140063,0.46358117293673545,0.84679336280997308
45,10,-4.3742982682188751,-1.1331304128111592,1.2232419385269508,0.37034379324319378,1.5994331712712351,0.60002856042733177,0.48908586957641442,-1.5507277783966307,0.12018126113363448,-0.18052783701509478,0.53174983195891046,-0.26451791366852406,-1.1022771310850068,1.5496250070289377,-1.2636775759399352,-0.84867920905548444,-0.0095494192717324022,-0.91324876708391145,0.32200632534268087,-0.97331167038422672,-1.8097540118024535,-1.6299205489565574,-0.6090261957566514,-0.87261287012321365,1.4603841210059689,-0.64949697513902349,-0.92085312022373378,-0.57924206519247212,-0.54054076965975151,-0.86961762860207725,0.20733477772966299,0.60171720547432295,1.5134021365394532
46,1,1.5233148819260283,0.12056151097866838,0.51450353596354625,-0.60949641763390028,0.33902866304979534,-0.18968314245633103,-1.1873321924689426,0.20710472411991163,-0.52088741562587304,-0.57954727525934979,0.20637058013580931,0.4688722084988981,0.014978548746469821,1.2121814493473322,-0.12864217440999717,-1.5785256566475012,-0.16532450904995574,-0.53687573345275474,-1.537803451984578,0.61728377558599146,0.72775502648692281,-1.0677109321391078,0.43835385762732915,0.7220538838125341,-1.0801169877783894,-0.72539753737116797,-0.25265059034111947,-1.3912073904155478,2.6029174956317398,0.2246541637001789,-0.1926939248204366,1.8074932552219034,1.0721917276167112
46,2,3.8185887776511036,0.60087128894222552,-0.14505039212003626,1.6537244254880508,-0.090317720946043678,-0.10728433140327068,-0.14065332056680691,0.73499911923503236,-0.32474092406729804,-0.24071262738078444,0.29802119476656252,-1.5084484159737157,-0.057068347673772897,-0.54804631757468081,-0.11395791747408042,0.77417819149489253,1.0967837669712126,-0.80596518151624974,-1.4486118739760439,0.87973164829781569,0.028819650414417634,-0.672441466722698,0.63737329864502001,-0.34389230633018342,0.9398314192970415,-0.48306303799209238,0.14387900103184978,-1.8495073235205393,0.87976317178214924,0.0060566398913258742,0.34629720375676804,0.42630136810924713,0.75365720600404362
46,3,3.8514268267217395,0.3078190052125459,-0.25459479017167974,-0.049244014020599795,0.57289791577709215,-0.4846586701924061,-0.41806046839693017,-0.99231750216833936,1.9433431944604371,-0.47636627736968384,-0.26424320729265316,-1.1544485768672981,0.69949315498603715,-0.39088196851180057,-0.56889862045932515,-0.435613563250419,0.34335101041795157,-0.34751425497619542,-0.33681439575269717,-1.3593083470763145,0.036495517545551075,0.96886040006258578,-0.26738124387095047,0.61205901505320515,-0.6839562189297671,0.54696940015383888,2.2234093650285742,-3.2577615819888837,0.73471434066789765,0.16613114864701675,0.81360821478253753,2.8051444304547344,0.0029111784180369201
46,4,-3.0308132151598883,-0.087564546191117185,0.25106239897725924,-0.39641145965615715,0.15066916242034681,-1.0292713710962058,-0.94023384401054022,1.1248714268091655,-1.616980520684026,1.3549269844627474,0.41419605795607833,-0.83995023351991327,-0.33355783762770458,0.18374306874609053,1.4844473453354134,0.045575913887225185,-0.35891144988910845,1.8632008222326488,0.12070116973034216,-0.72862125319622351,0.95458249088123492,2.5192873749792066,-1.3250796296975469,1.9542480919333138,1.5115307274920327,0.55517623702413021,1.0517778496326622,-1.0678246403355813,-0.69736742720341105,-0.52387797571950001,0.4847306180666115,-0.86216138651204466,1.2854034610027942
46,5,3.6125355671577921,0.31515193572102029,-0.79810754785159188,0.87752120282669388,-1.4375221513006371,0.66003520789120096,1.7528306094636337,1.4220371449658966,1.0590085324957195,0.28165440813992509,1.5858837665055239,0.67133794522829693,-0.23656935362632281,1.2598930458550632,-1.8500729939122544,-1.2011221849559499,-0.50996085049119366,-1.2455434366812659,1.4220629874322079,1.4657509671254201,-0.96984099682262481,1.1427774308781529,1.9548208699036718,1.1399402420332672,-0.96359031104728987,0.62161414384425495,-1.0620593842076131,0.59717780252151054,1.8248366034748504,0.95222950308686483,0.80356580666023514,2.2374688327877732,0.97966879186007816
46,6,5.9197224733022598,2.2071859121541428,-1.2731459674552483,0.1912042682310893,-0.42608908656593819,-0.71101801077354909,-0.65694234854758859,-0.66541576572668459,1.4896807870476538,0.070995868592471395,-0.42819064310149879,0.98893176952031769,-0.64024141443584348,1.9194454013719013,-0.27802689567891509,-0.31012730461751159,-0.6528511512731473,0.062899737803293942,-0.31180449392254367,-0.44982406948622622,-0.44148750692726041,-0.33255078114269593,-1.9632743733581084,1.8972002898650333,-0.80756548171091014,0.43340665267308492,1.7657722017001818,-0.095874314925844473,0.68105245780978907,-0.73860451811286632,-0.47804736690927052,-0.81716445078329236,-0.88145954849817776
46,7,2.1479739248358287,0.68637371621975796,0.20545483669456149,0.95392715779633119,-1.0230543903145288,-3.0070319703010235,-0.89446413460219121,-0.0029824336051599287,0.68108424482927288,-0.13297275173174794,1.5557796488607318,-0.48332990429055911,1.1043960798361783,-0.10627403648234196,0.30945633707582171,0.64455560087991592,0.21366905191758082,0.72888404589154199,-0.027380283268775844,0.79749703352037749,-0.51813129497611932,-2.1725805456549856,-0.65459491787743818,0.38497594656664769,-1.4483509881169077,0.10133627511574833,-0.61873621728923811,-1.6059081640016735,0.29766222774494594,0.60126806393657606,0.95779260092302698,0.55963716655286622,-0.38047964558971381
46,8,-1.0452731556848218,-0.35985761986079384,0.20263075083672333,0.098725858691831564,-0.46210968051457141,-0.19830779202587853,-0.41150572458818696,-1.1060723706806432,-1.3039181489794418,-0.32383481661185837,-1.1492789163260639,0.32575695613081418,-1.2982405199251896,1.6123500216805025,0.095962176229818411,-0.04552615644092841,0.53928464897393658,-0.093047712045523576,0.7898645547871328,-0.2234345740619651,-0.38313297693550485,2.0140756372327635,-0.36095829616043212,-0.56255884860134753,-0.62646261624620891,0.66644462603619681,-0.81526836408805559,1.0318929464866515,-0.72870124552791371,-0.073434363953733331,0.85894944715793264,0.53487671260467906,-0.48766931965123755
46,9,-3.488938303535023,-0.12759973974121178,0.13558791325715977,-0.3249845979620552,-1.7010288540230702,0.48790223368290098,1.047170108122937,2.5466016780242291,-0.052290041339119388,-0.9254107186474696,-0.19157946025361605,-0.46814181551111456,0.71293118958334623,-0.13937149509325919,-1.7721343403689829,-0.58971061351891385,-1.5534755264392803,0.49689167732773526,-2.1612070643013714,1.7821662907851501,0.33693394017984268,1.2141253443721851,-1.335489455718363,-1.000918052684943,-0.11569464050077431,-0.2787014784803819,0.36331388221274646,-1.0825153052505099,1.1986157015508274,-0.078132849113677572,1.9901283176465285,-1.7169702493756285,-0.75789619328003588
46,10,0.33164129484053073,0.33406656947514418,0.70606193046942378,2.5308663508630596,-0.23663103377718753,-1.407695495427554,0.33944939508729677,0.47377953286724073,-0.086381492553035455,-0.7245108736042537,1.1652993536449552,-1.6940762324964216,-1.1954791632447286,0.66462405389712087,-0.79700773912086686,-1.5537599711617855,-0.04985564500006328,-0.13938240790859122,-0.33294141809589145,-0.43050565517194528,-1.5789972534272103,-1.2092593675648786,1.43762127510598,0.91362677095599776,-0.3296043250051543,-1.1695504510179116,-0.76486510526995632,-0.14767446761349484,-2.0499948293164958,1.7503646255160745,0.79196555157503024,-0.31496737062494456,2.0664485381777484
47,1,2.0430659461796519,-1.0649095739287391,-0.42806701584428286,0.61936599586262486,-0.60763524972968475,-0.0097099886479042209,-0.602099766535236,0.32348792278943961,-0.95548277913524737,-0.12753658208513952,0.24736530889527261,-0.11135614358385597,-0.99457587973929862,-0.12460895387641323,-0.59764129796594945,-0.15081479997341674,-0.86893853543249899,0.67563793551843943,-0.024021124197746054,-0.46778487319090167,-0.4310654899703375,0.34542427601423714,1.4591704682651236,1.2073258500824078,0.16068846333469008,0.93255560101025103,0.27541418363664988,-0.25556582166051794,-1.7386274914286746,0.50152081989318475,-0.57416978210545488,0.9311746825195546,-1.3897792024627185
47,2,-1.5710690805658405,-0.89197848801484181,-0.66762463113717996,0.40127991263863683,-1.2903282208439331,-0.011272793250171467,0.037305583950502805,0.47235925874058349,-0.72084293503815788,-1.1439981653731186,-0.15138854829572748,1.9386353056677763,-0.6463708376137931,0.24890694683516232,-1.6585712864539295,1.8014778328060812,1.5374896820982835,-1.8160073973994013,-1.1415633439669319,0.71111086157867898,-0.87073670288633509,0.57728505261564989,0.66524202295822266,0.35959006801334814,-0.67454714881100586,0.029187624662798863,1.0023746612376334,-0.22341300830264213,-0.81846229260937808,1.1408218084848636,0.19017632249618496,-0.68267517577765757,0.13263647804042761
47,3,-2.1271000668685325,-0.76992714325148559,0.52890972432601147,0.27335542185053568,-1.0205482437578632,1.3301314951629186,1.277192718651412,-0.067359648498529295,0.31354230958688156,0.50463788742648341,-0.23033714310749906,-0.75724921064128403,0.82543471655829148,1.065678799720311,-1.9413263397560578,0.50375733323146343,1.1386374816056937,-0.6225026874939994,-0.17954618764603023,-0.15569967913199073,1.059026586961709,0.30589760779665776,-0.15824833427072907,-1.4894850447113008,1.967246368066514,1.7390888699481275,-1.443458669563463,1.9885205425518542,0.1387627601003803,-0.38000824191913041,-0.034152428438808793,-1.5869929711885979,-1.5186320668789905
47,4,0.64888175021931249,1.2135894954788589,0.35909918700057936,0.37795508766799651,-0.59488719517628053,1.6786092917083917,-2.8337014045912623,-0.3377788584141222,-0.84575956769682081,0.69838497676547273,0.23059120567455602,1.4640136272005322,-1.1096353877312997,1.1322838587729309,0.69412772795613942,-1.3192003093098934,-0.58167292541246196,-0.46449185673306326,-0.97752613535694433,0.50345406172961482,0.66864831110577205,0.90519033927530534,1.2103814661407588,-0.090522500322047228,-0.33440651981786135,-1.0752102022121008,-0.39214524210587248,0.52079408663430915,-0.34920555590044428,0.38078904764319871,-0.82315094912595699,-0.23306733831162454,2.1805399942581434
47,5,-4.1560730687151182,-1.6798887586122049,0.46279189506607382,0.29842487856854988,0.0060078109744996422,-0.14728639100635874,0.021809315061939793,-0.22044385040495115,0.1130752215527133,1.4705366058861666,1.5131406389611264,-0.89646615244357764,-0.06901965245978299,1.0019082121198004,0.6830651402676241,-1.1705474533120717,1.5816346051288763,-1.7144633189782388,-0.30672520837335443,-0.07987808319993818,-0.74287602368129502,1.4725134060792278,-0.42530052031930321,0.42452263534852791,-0.46045629021882017,0.72931125977834121,-1.5253648577015062,0.97154330629017815,-1.9854836007586936,1.8290425683971803,0.62261102151049352,-0.59772850220090179,1.2860052941601494
47,6,0.86912357587746802,0.81724812194667651,0.30930988105173196,0.92895205611756215,-0.84437063419246539,-1.4913799873593723,1.8019039017724678,-2.1190949289724887,0.57576099705241224,-0.9977414847523518,0.63862022233686588,-0.82071501816113157,1.0560317402923425,-1.3733126308397838,0.88525541058235513,-1.3862638533156242,-0.64685812333186843,1.9226426273334329,-0.29149135748162353,-0.1691888893049005,0.25033293619644109,-0.40874532384488521,-1.0059838810264234,-0.45337869821724247,0.41351053585074926,1.1644799517482149,-0.44109630607787936,-0.34694384630445513,2.0584287077686412,0.65058981227691659,-0.51129246736796008,0.60812226909949152,-0.32699324880581221
47,7,4.5829008212573239,0.87426436267884311,-0.51219121064681317,-0.96762603616667087,1.4283060478389493,-0.17727181695264246,1.3653108925240891,0.68242182651634586,0.13760595624843608,1.6399883597651623,-0.38663404149945269,-1.2933626346236167,-0.031027479649127658,-0.18324414885734741,-0.19595125502379002,-0.29829065123996584,0.60463152465310721,-0.9077020199131467,-0.38251021123372092,1.4938797362540759,1.0519825972575587,0.19920784816196185,0.11733358714587215,-0.35315781744463559,-1.0084083355946332,-1.2704315965675048,-0.56452777621439609,0.47911345289857649,0.44413352354118951,-0.47396843771724784,0.5247853931969193,1.3960163263966558,-0.80532988216867996
47,8,-2.9713103933614513,-0.072187239611978635,0.74233569951027878,-0.16503737541016378,0.84685069200480545,-1.1181042312250153,-0.24932141306129904,-1.8516054362914232,0.9405507469129587,0.38311663490952452,-1.0180779458740701,-2.1603951381355899,-1.4824430104849773,0.19119959316835744,-0.24097638629858223,-0.23433742031747823,0.83726429567097782,-1.1546238023002564,0.2417822313173375,1.664134900637567,-1.0051436131370797,-0.37482523026256415,-0.30211231939171135,0.8968974467672336,0.43714107261360224,0.46415306604103246,-0.26553791874302446,0.25874226158531988,0.80054450564915447,0.5639394428898179,-0.82097349431700239,-1.610223946315581,-1.2956987435898564
47,9,-0.72673863744689271,1.759184632239891,0.00023828446352645359,-0.79875050940296144,0.53298463175853716,0.93384470545119869,0.35098226877667765,-0.54262307789718811,0.016232068835183498,0.87416601863296484,0.11120054136507838,0.17698896313784848,-0.74291898003330403,0.2284598796095412,-0.3968839966673654,0.60211443096258666,0.23645802999106219,-0.18917334460181814,0.35190959830493007,-0.59214948003992296,0.9892937237836732,0.47532636046782911,-0.069890145298267981,-0.25759770894979045,-0.45879090670678296,-0.71869300292148153,0.28484098270291458,-1.0052892413978043,0.96376523415331627,-0.82127812573512293,0.28841756827831388,0.44848973945827036,0.99648065540138164
47,10,2.1486764160036746,1.2272892153910104,0.43788031414303141,-0.26677562839254682,1.0471866809477093,-0.73387825570602017,0.78536130093666112,0.49495091902859939,-0.83070905972106845,0.20261158683150959,-0.67159357711461665,1.5265478166709456,-0.74217269559045906,-0.89592692380908279,0.57901396227903501,0.5429275847079772,1.0361443706942135,-0.39710399049847006,-0.62800926761359754,-1.0209339545376397,0.067637489538644555,-0.17524303155097828,-0.28847572411008909,-0.27934955745532597,-0.30937290587839777,-0.79178316861892994,0.32479911718368737,0.3502027554145225,-1.2021900213381196,-0.84953935283817616,0.59420936077731568,-0.30104282014759876,-0.2198941002549647
48,1,-0.49081237142746681,0.85268944240092204,0.30495904651953093,-0.2742069565429065,-0.026573590165536256,-1.0046900430735193,-0.85836909830548769,1.9032427785705923,-0.71541684423355933,-1.0138355439725837,-1.4301388248385181,0.71963464727629001,-0.45399849556520366,0.25330682991134523,0.46140240268108001,-1.373185524001064,0.077029282142918404,1.2526478437985884,-1.4289623871754804,0.65971124101905287,0.89325797451351718,0.99975373913098609,1.2533153168854239,-0.9118890917327569,0.33274165842992054,0.52284722024517771,0.39422912023719786,0.97994610421345807,-1.029252679533794,2.1429716208062675,-0.072741966265648939,-1.2748377761202407,0.25073871865747943
48,2,0.9901002434877193,0.11961946886980149,0.61263886626502728,-0.9020175505045489,1.4826245538006133,1.7346152734967968,-0.19359833438229246,0.35846480260059754,-1.1873756355933758,0.14242151141164291,-0.91519033039235331,1.5831560259244895,-0.33941565011647629,-1.3376636702128595,0.57979178294980471,-1.278208404144654,0.2697089047507778,0.26242709280919108,-0.43129344255202379,1.2130716077227621,-0.37923170061623146,-1.4493502921001178,1.2184809500395515,1.3569507514437424,0.93372767729763861,-0.068324174056096032,0.22982277134268592,0.56227025149400034,-1.8493664265168144,-0.69347668998220058,0.24946193856227861,-0.44810187618526842,-0.91423353786887585
48,3,3.8837170271415156,2.5452675664304945,0.66686702672664311,-1.013358892285005,0.95677526365952559,0.81884675226533421,-0.50481349019921262,1.7110419074065195,-0.0063473919153510198,-1.7856791843197146,1.2800710098962051,0.30423115009920648,1.4792474050679165,-0.79118860925278922,1.9104944612815746,-0.99127612300165691,2.5881931784257048,-0.21757664446181552,-0.4639945355268254,0.68407963197553989,-0.29367219613509721,-1.1266667593821378,0.21722960597013549,-1.1213847402014743,0.28507347633541885,0.39440223738799768,1.0015437126758968,0.90891640751249336,-0.67329055849993924,0.33223351621531516,0.98340605363307809,-1.4611319637384428,0.496198479908187
48,4,-6.0027339296398177,-2.7982507616150993,1.5576489244476055,-0.019727129488283642,-1.6393342853885502,-0.4007728788164896,1.5408016843574892,-1.3839336708572505,0.015860667545684735,-2.5760806072655966,1.5494682574937839,-2.1563991315941351,0.70879577632117485,-0.74385583594806082,0.57872755316556845,-1.4396538468026741,-2.2429603063303092,-1.5765372697305315,1.0126075063513837,-1.8478682306691394,2.1151678794329389,-0.093796214110168682,-0.44228319287784323,0.21544705003614087,-1.7878241092834761,-1.0750517895661118,-1.0170223758906505,-0.59416622317557144,0.66264332472213572,0.28546192061894776,-1.9733953145442578,1.0893167535777584,-0.16041150798927065
48,5,-0.50256697682288198,-0.22537261766134575,0.84720222010607416,-1.6301365528700873,-0.49172072266234657,-0.8600803272928107,-0.11896302371801352,-1.211247768363146,-0.3754219282991918,0.72923142391518114,-0.79618982818841766,0.17682557219827486,1.2205148599978135,-0.25055948942827533,0.22335516701921798,-0.70796560392738517,0.51654758237370169,0.744349515849969,0.36105250736218347,0.32401569275748543,-1.3952129709389289,-0.19077344232090807,-0.3948305083999944,2.6504084057531565,0.1031610426826718,-1.0312886588178245,2.4439625581192455,-0.10382022784195061,0.34801632287231871,-0.39732774525291298,-0.29583016249235783,1.0163155987595391,-0.53618932222240034
48,6,3.7938686866364861,0.022154787689374469,-0.60860421287062394,0.65443373332906962,0.98743088844980709,0.95106288227444125,1.0845798599786651,1.047954185224055,-0.088896375791600535,-0.68776926261107463,0.99934028362272553,0.035418088776487576,0.64327249077618875,-0.27833460048153863,-0.75090001544288498,-1.0343846520144577,0.30070808616986844,0.1025256544641851,1.5702051377570412,0.14097639977624279,0.68130123163114242,-0.47663541962266959,0.36841098946180295,0.07816898628569989,-0.29163884316085414,-0.82964678598121622,0.93437293901999763,0.40045152480460849,0.62242040297831702,0.68201439369372707,-2.4423597420024206,-0.39482367217255293,0.4955358900030335
48,7,3.5647204255023732,-0.44854379281636231,-1.0049346242546762,-1.2129616467689956,0.016566914290689811,0.44825962744393688,0.69185710807059675,-0.59168631293508311,-0.49048107401216312,0.46884224648218514,0.57134874335787433,-0.6384942174414282,-0.97172748230940553,1.7972292844999449,1.0578323592781591,-1.0274011359767357,2.1643438195038516,-0.55906538744178524,0.9152128640962135,0.3901189422344003,0.60749481271318029,0.088874768624608233,1.6334990479191194,0.9036216009347976,0.52337305908418041,1.0723603233777836,-0.84642451336461511,-0.0015777095662222944,1.0483876326773243,0.72932375978807762,-0.34051406750649316,1.1336779428735027,-1.6155816966057275
48,8,-4.4090217860399532,-3.3934794255419884,-0.53912727920919512,0.20802903822744284,-1.3367330995191249,1.051835285478453,1.2772862886442893,0.41970653538293673,0.45579341884080776,-0.84748135699921934,0.19292150090647767,2.1468451518673941,-0.40273612137826892,-0.80831050499285517,0.88745680182793107,-0.49823070498855671,0.070422147789784992,-0.63463579050168017,-0.027384291727910473,-0.042173122067902497,-0.73519667595548965,0.46019868558843469,-0.22709716029581412,-0.79071370663573226,0.15099123264890427,0.96074211918827046,0.085554720946463589,0.65133913927859555,-0.39464150861671443,-0.51698240234630155,0.4159021458881173,0.64212679523253247,0.30162112099561494
48,9,1.1264160859216512,-0.30482734900572583,-0.67125098409114725,-0.3354620936439201,-0.35459418332200326,-0.5826769802051196,0.13758252852327402,-0.55593900987956923,0.30770393476725277,0.92093007488840994,0.77455519412203844,0.85348834005010543,-0.050388087011378209,-0.89374489526887979,0.26492883802553069,0.48298235971952785,1.4622406870794831,0.70111810549146769,0.94594306059697852,0.33623145771747542,-0.43872757838456072,-0.088788961866235749,-2.8324997717324876,0.5119729632752279,1.8176130814867615,-1.9756800658133389,-0.15114622303106937,0.38385942342279056,-0.56220354474285639,-1.3313127276955339,-1.8232706619385217,0.62033187474441431,0.061645618953884949
48,10,1.6424264381356812,-0.46166338285510439,-0.7796032284169464,1.2997927040085506,1.4984935648161559,0.68428229150128683,0.88034732415075134,0.37888279303391703,0.64773131767533965,-0.81364722445028781,-1.017630171402341,1.5872607773540814,0.18703874737657211,0.62195779274150165,0.67933214362181005,-1.0077292181180875,0.986228822102026,0.11712004222227961,1.574375692995027,-0.35131707443553051,0.1476007379213844,0.60175789543708214,0.22264418955299917,0.34835607169020688,-1.4593824129978841,-1.1254416372445686,-0.51690886443200557,-0.6193495867754909,0.98936670962468543,-0.88701064395776974,1.3706730823622106,-0.7949431577202718,-0.14015940143088745
49,1,-3.4739373276851415,-0.50042588658800957,-0.87919411449754303,-2.3274319866200219,-0.96854427346305927,0.10846567233218836,0.59642227138748538,-0.035847554057740275,-1.2503256307168877,-0.7575083944266483,1.0693954130407204,-0.44018476727687933,0.29492405875595007,0.17094324296455413,0.95103072482675199,-0.83275033586557567,-0.12874051929743918,-0.221619705900096,-1.1911569527400743,0.20445594702277864,-0.059627070362672556,-0.65380937960837804,1.2848444815752209,1.2332865265963924,-0.86417170125612652,0.13171194419931284,0.45135288908795135,1.362112045497293,0.73107219401492962,-0.034494954090025301,0.0061381920382502985,-1.8676853797829844,-0.056876362385267894
49,2,0.80555841396132633,0.89288711083489158,0.13839127272914697,0.44489468703107543,0.89104149285911227,-1.5460360393806578,-0.63412572853647997,0.18530506001459821,1.4558895549080031,1.263100713232534,0.54744706425076595,1.6380016558558295,0.93844924744192126,1.5380478632217156,-0.046488671847305402,-1.0220691718567076,-0.44176068384577138,-1.1528769133187498,0.80660826452012024,0.47263848418803672,0.76843406477158527,-0.14303216063952581,1.6158614198475165,0.17100536430805038,-0.28089432951928839,-1.7806201989914656,1.6588633051581352,0.19678636581294956,-0.19897079111518001,1.4256196304917212,0.38085509344846125,1.1711825707766215,-0.21067384546214979
49,3,1.7049981296277172,0.34338746749065369,-0.20978154824327894,-0.60967783101209305,0.46604988178587636,-0.44031346168710733,-0.34723168717730263,2.2429225148335572,-0.56112464728891653,-0.36841059646895552,2.5821176119693585,0.96096344239586262,-0.33832357635848498,0.24629527170820853,-0.39778396819780265,0.17903902000600691,-3.0134497665156328,-0.17781113415194913,0.29539931370911199,-0.20267204970546701,1.5263944966395253,1.6478372025776424,-0.21578482055478274,0.62904884846250908,-1.2222932133441122,-0.63861869572144403,0.58860770812667618,0.89357649575240894,0.72506080179316224,0.75216477385268932,-0.98747097316578691,1.6686314215691191,-0.2580773986674797
49,4,-4.3986657878909599,-0.84632807924634534,-0.47256221262494291,0.38371116229587615,-0.35125557571028065,-0.67871211938861431,-0.54787889887455143,0.10917956529261102,-0.50184559379392168,0.57742329454102104,0.43439619901715992,-1.1265543335475132,-0.29803618647467839,-0.43257449420345995,1.0573441435811612,-0.091829967617822056,1.8868201003703158,-1.1373986107629344,1.3110054623612617,-0.31210503429058528,-0.85516475238912082,-0.92301436365379141,-1.0300229377667589,2.0307105384005069,-0.42321668701720905,0.1443703684714982,0.53559132481650273,-0.45848890118616525,-0.90378817522108812,0.51121779549066171,-0.75307251303912182,-1.8183483807545642,2.2037614425915515
49,5,-0.1134781097535571,-1.2927763717696297,-1.6510824560308197,-0.67514676198299628,0.76325705335302185,1.4695661832231508,0.31549392962279205,-0.6078363623139027,0.2937229810453228,0.48107665299336538,-0.29725517231169069,-0.37128797988570605,0.69325841659893239,0.11833467923085307,0.35537919867212531,-0.34114950622210455,-1.2976351284676382,0.3608873411888377,-0.88865860375835559,0.72401557373519176,-1.7694646484015997,0.30534282574500016,-0.021445471684491672,-0.074198745502771488,-1.4535112648618862,-0.51471731773121676,-0.41031968129248048,-1.605349314359755,0.70926809478588149,-1.9450323696252148,-1.0585984622504316,-0.58844165558054062,-1.3351805536764794
49,6,0.13705441511591721,0.73762265846899444,0.2295034572962536,1.3250304117063194,-0.052203981424688822,-0.46952165874418988,0.21245978015341585,0.4251077248077742,-0.40807280501021037,0.708292086117153,0.74476783763295973,-1.1705846311692625,0.54204057532726058,-2.3336343344087798,-1.2863906179535542,0.23856882551003303,0.64068143149517831,0.43785320100555081,0.81517216843314921,0.42577660485226099,-1.7677559137553389,-0.58361611781020128,-0.86375572289179359,-1.0264501433608915,0.65428437605579082,0.97116318168168525,-0.41446270139406,-0.56884589431469135,-0.44854171238423096,0.70191570268243197,1.4251844682420367,0.7333045631425037,0.83933308152229713
49,7,3.6162229801582413,1.5115358728420887,1.0110217198700509,-0.53030045476810295,-0.5820714786811404,-0.97858282831371968,1.3719584257214583,0.33554913762206862,-0.17096979463058665,1.5386825597769951,1.4758235631089267,2.0211336628967711,-0.87544953388418634,-0.3686119599780065,-0.042160927596285667,-0.95294084745035879,-0.64980710793649987,0.41301762020825145,-1.2769015123696001,0.14354819157741036,1.4144244411377229,-1.4198302509528047,0.0080972909772284735,0.50712163458576665,-1.0874508275800343,0.31994431167534504,-0.92909403962336612,-0.70378786275193672,0.914165558561013,0.50776932537400943,-1.3714318356971114,0.26049933380971391,-1.7203481729238861
49,8,-1.3945539941917942,-0.32942960636086788,0.4851454067090113,-1.3335613963068307,0.77926952658083526,-0.23582884366352963,0.59186523449900919,-0.96253883189688672,0.98944827983543515,0.031570990204850269,-1.6012342335479843,-1.3388717621506483,-1.3283078737978256,-0.55471310832112741,0.45590050450794134,-1.4654184912090376,-1.3145772934742448,2.2943126225734756,-0.31367719250933229,0.0087572685678977118,-1.2134979423220755,0.64232523279888887,-0.3039048761681668,0.95102316783463081,0.89629714235016478,-2.2347914213352493,-0.49547663828868327,0.79632154364377505,-1.4685938284479347,0.087808704536987234,1.303123027926977,-0.92287331486449808,-0.55568172556124162
49,9,-4.2358474703101976,-0.27043530527707454,1.7649170142918982,-0.091281286531533959,0.012323173269693453,1.684529586411214,0.21691217345904185,-0.56497538064169628,-0.23370164137663033,-0.10148250507092893,-0.64571306014737728,-1.046591655448039,0.85948880178147746,-0.45651067489796976,-0.52700288302954701,0.67449726357256523,-0.5605635021036417,-1.604561657484965,1.861303820300326,1.2267378307970365,0.78803449517482116,0.5859023805496042,-0.50222622796924854,0.28608662192286777,1.2142073568099681,1.7383169343225848,0.3839947395952214,-3.1104454690783396,2.4507098840125603,-0.6901724214531364,0.90271741008818618,-1.1721442415756413,1.9014127358764095
49,10,-2.2269715344991092,-0.08254287786575569,-0.059711326987248792,0.74218436030592538,-0.94285922206790063,1.6441811856773298,-1.105275341820801,1.5580532089804662,-1.1081853674239264,-1.1722732054478848,-0.39748426537421816,0.87009114904029772,1.3074447240049696,1.1355404730786036,1.6476715752169411,0.50422934922980422,-0.75478419947713193,0.66457308064729248,-0.93770053224373962,0.4049448227320242,0.49660380047532598,0.24895254021629012,0.91203512456960667,0.29859461390414793,1.3606994053316728,-0.6547956327313027,-1.5488333610565947,0.061181168205683603,-1.1196250250625543,-0.92111669746071578,-1.5457517169157777,-1.2866516081039963,1.6739890473614571
50,1,4.1057919349725776,-0.73631049182614816,-1.8344303242547773,1.596966542250239,0.65711854993605234,-1.3583439040716772,0.89902378351126,-0.13776017744792707,0.013000681633688312,0.24290174086996247,0.92204973934495604,-0.15855154685146594,0.75676177728737348,-0.4149754789032703,-0.70884096622208315,0.61337697696703164,-1.7068494323573937,0.19030209360729697,-2.1654604842926353,-0.82582894232984827,-0.058551516889019106,-0.79049814804690843,0.99454293871252686,0.74748174900038533,2.2272415994453394,-1.1105331211239566,-0.90078667315692484,-0.96342354783520034,0.7330502253305986,0.60679592722969045,0.24988741137789794,0.26622498914359127,-1.0172445323078383
50,2,0.57170623301295764,1.2076722943491141,0.55635565638653195,-0.005352087810443734,0.11529915667062603,0.61200902827744497,-0.44876388966913344,-0.67929965458059371,1.9577135635067167,0.54036318805508987,0.91300502246818926,1.1832048712853691,0.19711659568264017,1.9644843477659324,1.5368631694134443,0.65091647146670017,-0.4882265056523194,1.4685149758508507,1.8266842502390346,0.90597756279296937,0.33871283799638296,-0.81582140911460022,-0.20814728126393575,0.60478039923375093,0.92264528356217568,0.59051991014589189,1.4704478523510731,0.59185837264632302,0.32900906351413944,-0.85406979058090626,0.047306664794552561,0.065917150488053286,0.59895185001372753
50,3,-2.37184603121029,0.32368403906142157,1.7250276539078535,0.1542722505071264,1.0245021396073879,-0.20732535257089676,0.55849668710980727,-0.91373142811942076,0.42288044074399977,-1.8074776178183389,0.90372015866078126,-0.25320966268335338,1.153609040031303,1.6781942566895567,-0.82988958801467683,1.406508182973218,1.2936302343551123,0.47805452103862156,0.92316563474405733,-0.83795503059804433,1.1369732922961067,2.3548569716998879,0.49479221364344406,0.6655548809117291,-1.0646063503027443,0.36031619616259108,-1.1791382034009719,-2.0655019141995008,0.27417369259843727,0.61663073117652623,-0.3411558446745408,-1.1540687294999104,-0.16869313441678782
50,4,-1.179457394408667,-0.76374208233059371,0.92903446317306349,0.70466558886430031,0.59021563997283299,-0.61822026100777161,-0.71583260409209426,0.1071987763712732,-0.58046493640338936,0.41859771626193087,-0.78511098697640724,-0.13948481368015253,0.050820430208315844,0.20434021544385367,0.36350074887007683,0.2073505136034198,0.94995011380291927,0.75044911229810618,-0.38338536673466722,1.4652664171927545,1.2891609677068843,-0.90296821217124001,-0.12652629184696734,1.5492887035912224,1.4061073211260524,-1.8270998708659774,-0.37544235895990336,-0.47421219147227206,-0.8874096820456665,0.81762729699959413,0.057550553328340359,0.092139699066158404,-0.22681699097205404
50,5,-4.3242965063089676,-0.18729234328670213,0.84674020067821409,-1.574012690322603,-1.9267558187863343,0.51176082437417758,-2.0542747913428001,-1.9356517535006179,-0.93105086187898622,0.4282925745088112,0.037383267585719734,0.99599787211078883,0.2258044408280486,2.1113102861359594,1.246902874156407,-0.25531807434428427,-0.83234778855941327,0.69701702008940503,1.633421487652956,-0.05081299786905015,-0.43374713869292508,-0.025189961895950019,0.94392082207312855,-0.72709982489446279,-0.87502572282818925,-0.18529435323316998,-1.8867880716781293,-1.5958379810775227,1.5281708532373739,-0.078980396219994489,0.45907266190351942,-1.0436204779761296,-1.1009917719974653
50,6,2.0660396003028669,0.78380043404092981,0.81890549902598397,1.550815759218283,-1.273580885921973,0.90827973567306619,0.45656309852317523,-0.048901175374920738,-0.67333575044021454,1.8473605315194455,0.81145390588876865,2.130851255817126,1.3410725208918051,0.73595914832325826,1.9134201242717628,0.77324752396811069,0.39408695627653517,-0.28724295087828133,-1.2650416192064415,0.70252501909522003,-0.67562225534591225,-0.35699376685983186,-0.79638046487975345,-0.28150079782872656,-0.77125921211254367,0.88149429745078256,-0.15204580933263734,-0.80793376920024262,-0.21952340622311925,1.4083421118094728,0.43872991869022271,0.79113596395998387,0.49773894898765536
50,7,0.58647471053680889,-0.95003215340996405,-1.6147580525864347,0.76261722945475918,0.36301095270459288,-0.040377650667623659,1.1453496272783534,0.15301919326391056,0.79693249862277693,0.68423182009071704,0.31096391208529761,0.070267516772853852,1.610145938437535,-0.12632173018967977,-0.22977826721082392,1.0254650326064596,0.49798188387804793,0.50391367482591776,-0.97531448992804948,-0.51937990629630948,-0.090015156951438288,-0.61388531018742076,0.26929324874085525,-0.87595496531206152,1.9724979337793587,1.4962904157285672,0.80373803223696938,-0.94508030873201843,-0.37942493117582438,-0.29224837611423043,1.1249030892509218,1.7262754055140901,1.1489951181082438
50,8,-0.26884229728525166,0.26004335770575859,0.57052410389332742,-1.4836723166776886,1.3276118406805961,1.1456724761834047,0.10213350834496246,-1.7922945314720171,0.044331694763233905,0.5054504538176654,0.43955682418803366,-0.36836970284049464,-0.70767424392062106,0.37662987134193704,-0.33832879532200999,-0.89504389121803629,-0.61328260349464803,0.12200722343352519,-0.028471542773394604,0.43953612486465299,-0.85799675130046316,-0.99568875726434058,-1.2654557508554176,-1.0662380050888862,-0.83680693701793174,0.67394307094462258,-1.1855477662305851,0.23254496949610293,-0.79909388605127252,1.7168689132403741,0.0052027362259652278,-0.5702096532347658,-0.93319279914496045
50,9,-1.2244201762697222,0.13980346194219728,1.6046511020340912,1.0906335876466586,0.094196595097169378,-0.92012437639436084,0.25679988125407116,1.3919339522281087,0.44834422178602784,0.74542174412529294,0.18268676776383816,0.95965999789790246,0.81338829279962044,-0.21876118671676856,1.1705136716277835,-1.0191556641740149,0.98058440350510656,-0.095912144995497231,0.38625855680225818,-0.25538256157193234,-0.026458730872704752,0.36853769003627429,0.99215298524161222,1.3641349884827692,-0.12668042743339683,-2.0352719622789288,-0.75708312241723974,-0.92919951152471536,0.16678969891319809,0.9268657593261791,-1.2288517206226062,0.34250028434782948,1.726715325292393
50,10,-1.3673372878587968,-0.18782695354289397,0.1903806248628602,1.8828268820438343,-0.31237955323296568,-0.92257533531684865,0.26378253410110214,-0.1172096712041263,-2.042906212555387,2.3024730036137706,-0.27018240121217135,-0.66347136268568074,0.32306864660758261,0.079004149710386481,0.2427210616159815,0.40444292429807904,1.0084847211820016,0.9926090798753967,-2.1231422957604731,1.2302586960397404,-0.67760135148686784,0.77997846049202202,0.76699757869946306,0.67968554893514266,0.30944549134078864,0.019221226213482434,-0.5134522660897135,0.43529907147754338,-0.27999052335960234,0.73950074200043447,-0.76416935323267765,-2.2038008333866812,0.86243925043675573
51,1,0.10153100882829336,0.57652236275819846,-1.1893558371038835,0.33452719839909223,-0.3807369220839949,0.7351633316599957,-1.5501307391664676,0.61864654392328233,1.0968457038220043,1.8092845652001459,-0.29899837357326176,0.53876956245780905,0.54544766175862336,-1.0036976229458652,1.2071923781700551,-0.84380303506418664,-0.86836879637088926,1.8630774248684301,-1.2719837298220453,-0.78730970235115638,-0.30100994886958499,-0.90859430565362398,-0.087964325512181918,0.89636985812245495,-0.44571664772040537,0.17436972613829002,-0.38564505550557093,-0.024747270516260061,-1.0273204075884879,-0.77678514819110256,0.68772379829100061,-1.2273575185228758,0.93229159507213488
51,2,2.9009287131014041,0.24023707196126853,0.15377090703776813,1.2712332775507329,0.025801639071453313,-1.3948034732005616,-0.080717573563850897,-0.50014257842609666,-1.431707737249434,0.10179598283606489,-0.79569163477065052,0.76299888135409455,1.3533105543057691,0.31439662031847054,0.9412247832395042,1.041548019617544,-0.16546319537488863,-0.42052700228529927,-1.5595718492737096,-2.0837466913524803,-0.20286521888194903,1.1627649660454544,1.3252612017455623,0.54161933626324421,0.20940867601585672,-0.35308847327787501,-0.15969268485567231,-0.15054040025377344,1.361694830086922,0.47385440655387367,0.48321540575757249,0.94369704463489679,-3.2601616522250718
51,3,-2.1900176908755107,0.97595112257649297,1.5166322729057968,-0.20769792120714919,0.77535254368907969,0.23856871360551285,0.68263844502597193,-0.8615492009715664,-1.3492966922612009,-0.43264213766683979,-0.76546068875934303,-0.49995113105141614,-0.41011638194630334,1.0213130262908148,-1.1615591282752056,-0.21588727923740963,-0.8395255178394635,0.24333706858886262,-1.0571101601707511,0.47531425409151518,0.52424826485302156,1.0298840741501896,0.75641864848853246,0.51056373389403487,-1.2557806588582912,-0.44515787281128905,0.45732778436816329,1.0926465453154366,1.7729447707047727,-1.5821208461404055,-0.72751940918441371,-1.1148665808909841,-0.65055209987818363
51,4,-0.38885383121184591,0.70148142429792237,0.035755418277628646,0.17493550798306173,0.34620726665041857,0.025494092067837777,-0.54556123588715233,-1.1174378615091998,-0.2925600354969512,-1.0490674675568046,-0.98141895544505042,0.8208421629685847,2.4331360956224803,0.68923625752816664,-0.66842543243667873,-0.38162925873762849,1.1830526880403709,-0.30126191435321698,1.6103552904892491,-0.76984282332353848,-0.55446854993381978,0.10771644728488104,0.47377780370627109,0.6994421244526785,0.1111342689471593,-0.43759736075014721,-2.4513338947759866,2.3086343560059457,-0.47115816270961225,0.57679013710170823,1.6565030079610354,0.098244962050220791,1.0250516141368053
51,5,-1.5694943971308153,-0.41202491150933468,0.66950302001691975,-0.41205776636587726,2.8730889492949054,-0.15956038052348742,0.57720212361267831,1.4282213268753134,1.4122201757753907,-0.5294014122921652,0.47170669359967099,-0.98000221170465673,0.95844938934167645,-0.64432391045751736,-0.24566963936854844,-1.1961622915787304,-0.42163116472407752,-0.13775525547399398,0.84404773011119061,-0.85758123041290046,-0.83230568970648544,-0.84782664221764981,-0.028775292022583984,-1.5705560148850488,1.5462557625072262,-1.7337785198547599,0.38703064239054952,-0.45825938817577494,2.4388679346761868,0.21733367323720168,-0.75986279172572846,0.86567391052204634,0.89129979270688253
51,6,1.2655018413645989,1.1890157507166577,-1.5946073682096644,0.61962966443174505,0.16173073780948505,1.0803903137222022,-0.29295046967634847,-0.89913641516787091,-0.77823520746125885,0.53880090744521802,1.0139746666669647,0.20924983264099453,-0.81886631780395602,0.51194532771996859,-0.72816376505692648,0.61947843546979475,-0.87762060591728197,1.1039795447738796,1.0093980139633296,-0.035657842051602523,1.4564390156369467,0.1501633651798138,0.24377146952146306,-2.1328869075223573,0.014437650989793787,0.27626913506411549,0.63082515412235785,1.020695379347911,0.72204197257638414,-1.090089073765933,-1.0936814676978817,-0.87751047254793413,1.6565892712977193
51,7,1.9445183948996589,1.2830951211077033,1.1064296601757251,1.111921571207007,-1.2408372278041355,-0.72951119440566892,-0.99228241370665338,0.82116762113546649,0.30044763193137719,-2.0408434173489658,-0.75352228772488561,-1.153126512487662,-1.4196966631372496,0.45471643050246796,-0.64671754721743324,-1.0870603922541295,-0.557687073796164,-2.5815180087307148,0.14184382912400825,0.71898342929179426,-0.47169523565938287,1.0358076761231854,-0.43862358271718954,-1.1386155215477416,-1.5995367472840476,1.0706339100079496,-0.94912985174340136,2.0006307122688143,0.006993760059264862,1.3753088552824775,0.12269365461769211,1.1193456583054475,0.57263162526682165
51,8,0.38270531499335148,-0.28302308599362547,-0.39740410268913973,0.17682126869652348,-1.0000129209117048,-0.38955005287157862,-0.91136647545239391,0.08104922174723346,-0.20573521455633839,-0.53740358510654507,-0.53821263206598746,0.11805955218676256,1.0225276161992858,2.2344507824712152,-0.79924449945513976,0.78599615154666724,0.17510059931022406,2.1924889913909147,-1.1105639721788005,-2.0983029748131998,0.54373990260283267,-1.4649053968807204,-1.1402697951921246,-0.69400946023385346,0.76662736865570436,0.1169449337372651,2.1407319127441133,0.82787943788648977,1.3530145288925075,0.1094189800088526,-1.2354808150086567,1.5304986811496837,1.0088576119047976
51,9,3.8440963484942663,0.91345202841411488,-1.3658321205857946,0.57477605559609835,1.26933371704767,0.9611447040422586,-0.9132250203263329,0.0026392067634258796,-1.5341254975547662,0.19684869029416746,-0.48185720232434043,-0.99294883721379235,0.39482398625151816,-1.0080269596576548,1.9184195464729872,0.68415149793441044,0.47843992410380082,0.21038942497606752,0.52442119477512839,-1.3167088848458817,-0.50874204076932394,0.95242858623945603,-0.09577650454219315,-0.84070611396641581,0.96188956417232307,1.0062086139490076,1.099886470156662,-0.97735185665157009,1.6839206962226456,0.61543274941045167,-0.88036253486492932,0.022726983816721214,-1.2847453401035522
51,10,-2.1621375707301196,-0.19529902490060014,0.52900347164752015,-1.1735635750200157,0.99440996307166252,-2.3044045263746122,0.12383162637042693,0.047704415928487384,-0.63176943752059633,-0.5325685166830445,0.15480146465227521,-0.60720675400873092,-0.1162562778051839,0.7512954715836162,-1.3610519776770713,-1.591170238014036,-0.55011548497467,-0.65889152961494968,-0.59759596263211534,-0.015277720156420736,-0.42377791541174087,0.24661475585107553,1.0980323274222499,1.1196981074174046,-0.035768396553047213,0.052948177754124644,-0.86188819649618786,0.76330107289053373,-2.1391016241843874,1.329142947050578,-0.45471858056544034,0.76174300073479317,-0.65254232378217036
52,1,-1.06837198922153,0.96072190521979828,0.40065239398352182,1.5087908984515015,-0.2815705143017197,-2.0352126093780987,2.7114398854612474,0.27718181338242687,1.1025778895101253,0.49220908341410724,1.3433827824474596,-1.1093136556470173,2.1826793849271162,1.0743607101666022,-0.34667891571053572,-0.36042834749251107,-1.2984728991937475,0.26989158548576841,-0.750862220605092,0.75225319916716626,0.88041745176541852,1.7630578231171739,-1.2422918419252882,-1.0786980397125305,-0.058293425602086398,-2.1802653142388482,0.99929603841132519,0.56331069096378017,0.64691822706531521,0.44823717323450452,0.082875154394919048,0.18917007277378961,-1.5289162766467845
52,2,-4.3103182655287142,-0.2145143037440613,0.25409326312563446,-0.35769953427808393,1.0095056141716801,0.018767556281758215,-1.1798355765759512,0.45275544670203255,0.65991713385829309,0.70104758753476926,-1.7800544118928441,0.21126542086715969,-1.34723508712558,0.5413583588921107,-1.3227445316986752,-0.5807335482353182,1.478710279789005,1.2994973748444036,-0.33432752281251882,0.076608622191091061,-1.4500983088226538,-0.69104994119579521,0.47460722754877699,0.22727458501871681,0.46770178379235949,0.21957189960904944,0.64785296466873876,0.31483346617981567,0.79477352052693495,-0.42768023465614363,1.6278055551253332,-0.82050878730981425,0.75632605637256844
52,3,-2.6319825582492848,-0.4310939784224711,0.56946059230094903,1.1810136142693097,-2.454535235667576,0.97819784467426618,0.56274413948184343,0.74549912458160594,0.66353438086088734,-1.1736039075610825,1.1262946438746408,-0.43134998680086961,0.44673701649849934,0.80819953735178873,-0.66170077618751577,-0.22491139973271637,-0.20622006208298221,0.51644338061067085,1.5242312975316905,0.27380314062566175,-1.1241952729275497,1.345239004328185,-0.92170400289047172,0.05627321246047029,2.4682363690536464,0.23354633724703469,1.1200982559454498,1.1353000943794402,-0.296291233651508,-0.24553218993653816,0.57065538913736391,0.097951575959059053,0.25538838228190147
52,4,-2.341198249482265,1.0639263186070815,-0.45089149793716338,0.69805774250869523,0.17058686927990574,-0.26876183771492779,0.36387613610187114,-0.80543625150519726,0.5006120233900534,-0.22138810019281835,0.79419338697445718,1.457113676940843,0.31459780034904133,1.8504379486808671,0.95997492179404453,0.8273691727503012,-1.07219723469523,2.9839844678932659,-0.40693567894254767,-1.6134146701772525,0.034934217322644949,-1.7352869752843156,2.5630369220297213,1.8620661516629287,-1.4400870417323954,0.127855171693954,0.73782578310572478,-0.75812034953392438,-0.78302096683961819,1.8426126385825867,-2.1950354990382208,-1.5449308551973613,0.79881223205968188
52,5,0.5226438917477485,-0.23598911120920624,-1.9731939146714472,0.84224911704892835,1.391215601497948,0.49372221216218976,0.23219818141867782,0.94217178191431228,-0.23415203825787276,0.27094750859616357,1.7441650650064959,0.57593142484135496,1.4499114402320314,-0.97176927193536133,0.4398252889368513,0.85155589659670461,1.3759168630559695,-0.083727427943505767,-0.15970866331249836,0.76207892562201707,-0.9136604236019551,-0.3401556927438632,0.92482863592415199,0.037443244725656182,-0.95889406576855285,0.77333111106243824,1.8088085546355412,0.56341239076886418,-1.3364509907891866,0.9613822458089899,-1.5014562016095545,0.1144160452840651,0.89687949451045312
52,6,-1.2525999896484636,0.32305072146718689,1.1446502208822076,0.31278900374303403,-0.7363417989703358,0.50261859729945335,0.24002467358519897,-0.97412742206936309,-0.53282639693268541,0.066458780906964054,-0.030813531204345084,0.99052584648689879,0.33489612338899105,-1.5830964083304893,-0.1776652009473399,0.93736255205226937,0.15571066061326191,-0.34808916370307513,-0.30023850948652459,1.0523064845834944,-0.5270800424356874,-1.7358710253631786,-0.59657840889453817,-0.67160431730609016,-0.32106579498585652,0.36380868255347798,-0.8337503922224101,-2.6590602868680455,1.9160604265946051,0.90786519436962987,0.75995394020253992,0.67233678174348621,-0.86726517223243815
52,7,-1.5763298916324109,-0.44547609149439527,-0.67346614164241025,-0.80767714842127203,-0.54728476519630687,-0.99821178546164402,1.4791993760043554,-1.4823248857920535,0.015791838719336208,-1.755421534718612,0.91647680802780151,0.79631580226737131,-0.26303935812773638,0.59588294237641259,-2.4810885828580571,1.508448671256531,-0.38811181319174076,1.2710784365783163,-0.51583226037255825,-0.25328181625152602,0.12979657852375664,0.45102892531956457,0.17322348487398709,1.0579867199294917,1.6612544758001309,0.53175549803232658,-0.13324673560114081,-0.87108361442470905,-1.3448081113579438,-0.29671759519766522,0.92651964731432812,-0.62270815883236141,-0.12746067110046516
52,8,2.2063518088290737,0.60421595823033036,-0.28861788149932233,-0.72151304725355403,0.49323180043846615,-0.12955651789248199,-0.12629838996275217,-1.1607684632541619,0.18071776072926732,-1.5034139296332487,2.4633864748851981,0.60868035159088174,1.0712362777457445,-0.50258970872851061,-1.5706049036500247,-2.0301743816810407,-0.27897494283036334,1.7428411686141942,-0.52275557754724333,1.8159357234217612,-0.55470179594246904,0.84423948123919201,0.010644939092501469,0.0079703366104126126,1.7452502709738982,0.72583107247924339,-0.014195183944775099,-0.66169453615061058,-0.16054686208111679,-1.3675639048990891,-2.7257776791146564,0.70341144475320194,-3.3917139575069042
52,9,-3.8459814855233851,0.19954034169222745,1.2599048617614446,1.395120903131718,1.5616156977798084,-0.55055283353582907,0.12876241455631782,-0.22442366711284928,0.17833089068605695,0.64169482063898176,0.95408291319126171,0.91195203082908372,0.60101027070173829,-0.39341412726691932,1.5818294016872396,1.803167366876774,0.50007729336742224,0.63862702373656766,0.87871899995427405,0.0014354930580775761,1.3972266430361955,0.93168730867152261,-0.87153282357225392,0.50903203173786105,0.11411438286346474,-0.74492877774406319,-0.27944427407465866,0.69162051066352359,1.4153246272917774,-0.20935683536816244,2.246338273672547,-2.450370316177406,-0.064862438984832765
52,10,-3.7441140249230584,-0.53383889473250412,0.96180945086355663,-0.29678946073186291,0.73927378007608779,-0.59198790403089918,-0.12009745838417796,2.0426756637401726,0.5906350907857103,-0.80349508773954836,0.47844682706976371,-1.4369179660915632,0.45986592985146535,0.56162284135196405,0.60355297721812962,1.1154911855177061,-0.38604145448588051,-1.6594642617488244,1.4231698348861508,1.9736648639852814,-0.051375612215907564,0.080243324375383715,1.4492761013730611,1.0790285148797421,-0.10717344301018751,-0.54616796060966388,0.93346942511643116,-1.5648551405058215,-0.4672349200348897,-0.73901260031688609,0.951679020055473,0.45486472099236192,-0.078182413898018166
53,1,-0.14758812650018494,-1.1414770433249513,-0.47208598750072628,1.5303899578042155,0.66970963520120874,-0.29183431363012219,1.1431381267434535,-0.22690837246559367,0.70862484501416245,1.8885013718248065,1.4913703367075839,0.37643782126878889,-0.70889615397705508,-0.60063809047330941,-0.87840967303732576,-0.30388975416224451,1.4889560959320742,-0.27879433291921119,-1.8806627299158942,-0.36377607063133521,-1.4788173794250201,0.25501361745559531,1.777553217641918,-1.0694150689914037,2.5457914096660548,-2.5857101901692374,1.0165898196314602,-1.1222900569666918,-0.46067972752190139,-0.37285984815177531,-0.89156504930525449,1.3577465280399821,1.1999392107163001
53,2,0.45981596942215464,-0.11008881280664301,0.42147293076932274,-0.071370731089454076,0.82024684164852257,0.55800940635057028,1.2577949133778901,-1.5460845991536001,1.3021117770080506,0.35875270218616817,0.20949624807972234,0.59326552710335279,-0.27449869065834742,0.98032085837495264,0.52339662166869017,-0.6095521807385661,0.96818102529944161,-0.018760169897335227,-0.071999570436162563,-0.65178531103785053,0.45879750511293232,-2.0928690132299792,-0.030754003373522427,-0.52588970413837777,1.1306387170958763,-0.78638858020902169,-0.36439282546462215,-1.5540560615325183,-1.3302162832560505,0.24658415999873629,-0.29925215610493977,0.087369465464100446,0.15573732775757237
53,3,-2.0794419688676835,-0.54722435262643598,-0.58345500369061809,-2.3942133498003089,1.3550332134905336,0.76725559482751027,1.1294617474014734,0.45198331578881296,-0.069121006177052066,-0.48484366266559331,1.1113085066881461,0.5151008112404295,-0.82229879101602787,3.654898286282239,-0.6494053981507194,1.1791539458221114,-1.8141015334738766,-2.1102234496013779,-0.25802881285577267,-0.57086869575449417,0.20537953396621264,0.67936460095303686,2.301719648593656,1.7994280847107704,1.250563145094308,-0.80926594527619744,0.063519806329976738,0.87680392629821768,0.95649436099660323,0.41406556141978734,1.3688252779198709,0.5713108828446658,0.240412126778798
53,4,-6.3015967229682843,1.0622489334987038,1.7913769412898159,-0.40551154912455334,-0.26294052375097116,-1.5252776926118274,-0.0051160400550215104,0.86910259635742215,1.056693081743397,-2.0631469727279828,-0.68243734191001726,0.26712069983910264,0.76864585052984646,-1.3083344614954424,-2.2137692187550893,-0.21148971600178934,-0.14652596273466995,1.6843988247146928,2.126640229546322,0.73560171651923656,-0.64338098032470792,-1.0772257408674644,0.22874427311045659,0.30991989280649951,-0.41270724588830227,-0.54705943725906203,-0.2773475857524339,0.51782499748205257,-2.4610205727491805,-0.43431048496203778,-1.954337668891321,-1.3719857938356079,1.6331323336886339
53,5,0.1092871583189902,-2.2655293494556243,-1.7569119636212853,-0.65911425152335246,1.332890770858641,2.4355992134715869,0.42082843525766167,1.882055301090324,0.14534605898434944,0.68227415478720577,-0.32532779966387942,1.6002001907192824,0.42665945513200954,-0.94800835418298357,-0.76962683790812358,-0.2322167185846965,-0.40248680128238262,0.26582350365242174,-0.91965831687180755,0.37780552822834645,-0.57046036010399315,0.32803212430695561,1.3977908646510344,1.6149246614854149,-0.05355571219936596,-0.94311760250214516,0.48213054225231328,-0.64853525721345051,-0.53911815922272766,-0.96879462114909176,0.67748811510885865,0.57620714202378087,-2.7211119541923274
53,6,1.2521086521300284,0.95930488935419056,0.64885389602476362,0.48686060781839724,1.0448374623857628,-0.29561871192736561,-1.3394372674333237,-0.14316515909729982,0.25438411889921381,0.42143966087891266,0.90791060712392835,-1.3061633263662882,0.96205068513760283,0.4999561459830737,-0.64584569432375938,-0.17993730410356207,-0.5511573724845652,0.51343913164893362,-0.37410913850886029,0.66911807715640093,0.94239331260191972,-0.6630186391478653,2.540401066489713,-0.39361908434683057,-0.63081165187412247,0.80107482035771194,-1.5169255958392112,0.062855879645421942,-1.5588442718895907,0.20980597662580971,1.5557116911271993,0.68891999894216094,0.83118473616216126
53,7,-4.6152043494571808,0.33949369290989806,0.34723583656782231,-0.68264772274797114,-0.34612783313922707,0.75673602375721782,-0.41092286074033185,-1.457966173559931,0.26282830730650891,0.068662565923061358,-0.64950877933824058,-0.65048921231402146,-0.25901075115639499,-0.57143199075054552,1.0076250152892376,-2.027358622729682,0.0078117408960378292,1.1036004906621606,1.9550881220638952,-0.060883927476763258,-1.9392222600711484,-0.34539495238226714,-0.27223682655611559,2.0669441451048081,0.13922204568791191,1.087919408136411,-0.53658762661669412,-0.7903914561525438,-0.058252315023150723,-0.059088766092799637,-1.6651730646659944,0.33181292844435517,2.0943825234546964
53,8,0.84382197083907517,1.2161250602431479,-0.5025813944727977,1.665723282699421,-0.6698044859888368,-0.49197697816832703,-0.053775329959205018,0.57862467647064575,0.52782469097151408,0.34817545558266499,2.8026621005539427,-1.890134727175844,1.1114631602262635,0.4285376276500909,1.8885516155173137,0.083099091560840749,-1.431095784845801,-0.12328665750832096,-0.84032963178777365,0.36476221467950104,-0.12941512394380011,-1.1893048333100427,-0.53473659581738353,0.41000902682472951,1.4467379848000839,-1.4899468374359841,-0.8017407242967054,0.40297464767406266,-1.3606254920980225,-0.11887642674886477,-0.52528007606969096,-0.32954401365231761,0.031670834175439574
53,9,-2.4209308163007153,-0.38585955512273912,-0.82233038395052227,-1.5529835744077862,0.3238977495597094,-1.2197951992541674,-0.29962233895429585,-1.0017361439460601,0.49911612852694998,1.3733754382137271,1.8066380570184419,1.4022571488149811,-2.2557011081568255,-0.001547863038242769,0.73969314266853958,-0.31308927654204755,-0.61214766366682938,-0.019545170996669546,-1.7586787127097483,1.5207663871549129,-1.0833481227189898,-0.42789446592105779,0.51490783507973936,1.9545618396288977,-2.8323483964273559,0.48319661717265322,-0.25975246145834091,0.46866058164015068,-1.2096295830894563,-0.61948561386598855,0.7422399729996878,-0.32736832793066412,-1.2315068115703882
53,10,-2.4668286388937051,-0.1677865703647424,0.20956741322395836,1.5391923250103445,0.93706333971481959,-1.691332469809335,0.15812270980989721,0.25254708680613597,0.86267102966946219,-0.31717361591248949,0.35028583627403492,-0.76763378569160845,2.2326442637325896,0.11997252651750248,-1.3596227516611177,1.2475026429996896,-0.96424497894914885,0.4446377462541069,-1.0892335974348519,0.43581476728761304,0.053310219071233303,0.20316666276874742,0.49590215635585932,0.17454284013139021,0.37632292931992117,-0.05476849026568973,0.80303427807160033,1.1843068834402362,0.3653926905269218,-0.64936133248985961,0.6265638107173781,-0.28485997000041197,0.64735908732012337
54,1,1.8896261647623893,-0.85337567370866796,-0.60148935168496764,0.26440888713086697,-0.93917394554258593,2.1103262683543864,-0.76130065661657487,0.63254458453781592,-0.37213860916988228,0.27620519478874828,1.1965491210125168,0.82761756220476268,-0.83341510618592596,1.2939721945337164,-0.75307920982277032,0.51393302260204032,-0.45466467852238196,1.4313726307344008,0.20569334286596369,0.98490804960128242,0.011100129009444742,0.099188645757198227,0.8293997904609951,0.41629720721462027,2.4048209750350185,0.74892666741678571,1.9384425599807031,0.054505695279470072,-0.13085066520171679,-0.44880315173461482,0.039023248270640652,0.29344457808329411,-0.38584223041622567
54,2,-1.5284620259170216,-1.3398294723417297,1.3066904759668925,-1.0350152517082216,-0.010104814722940411,-2.9541478128050285,0.60080611826011188,-0.4081152453886554,0.3489934041702174,0.519679248075684,0.084371062791739698,-0.023363516586212881,-0.84943069438473995,-0.76567607532491744,1.4009656880858952,0.2500275237003084,-0.73060769305334039,0.71794065671006169,0.72795321113201239,0.24437584929274916,-0.93525237349452084,-0.22599151886108174,0.58701907023089217,0.29164558069051,0.33755859403952898,-0.54215429896095979,-0.85287398479385801,1.1618979435778092,0.25940549690649389,-2.5580088667255154,1.0064721178212059,1.6916382532435306,0.71948878447042031
54,3,1.2416861172235785,-0.80923995895458922,-0.74878104993982797,1.4633067914396329,0.38055504973548504,-0.015681127910721501,-1.3585755575681187,-1.8152925383414249,-0.4951053343504333,0.51452466981253608,2.0646890181126913,0.69113403432581944,-0.91340243589113279,-2.0226504702177106,0.42257053991878851,-0.14251055133832805,-0.13837986791301427,-0.037991636866099077,-1.1096688656645528,0.96412099319457711,-0.5845700232548896,0.3716705308915132,1.0314282270838959,0.29418519092236639,-0.63072321239621931,-0.60683119695246024,0.23367374709031041,-0.89528194463046018,0.58237705164115849,0.13485578133919229,-1.8411011331050053,0.16816062524141037,0.76663104617592437
54,4,0.29669103670263969,0.038708509250528947,0.16520514168276698,-0.27863034480152588,-0.91696924976613481,-0.13610750121763629,-0.47460526540119147,-0.77283253787013884,1.8064055869008711,-0.16233251382530212,1.0179970222202606,1.5444317256906595,-0.7423525904601106,0.099097749665171278,-0.14933716674494887,-1.222028258700304,-0.0024870130956617859,1.8692537412538781,0.32823104889072907,0.94645977983134211,-0.69344237682737708,1.5596958091418149,1.6051818683951702,1.1310725440600007,1.2119720458823018,1.6133167713165366,0.25999556304895455,-0.53658914798048019,0.31846373402611566,0.74607054816832818,0.72147869025751921,1.1194706145432956,-0.25932707906216723
54,5,3.4951438402523825,0.86086138783728594,-1.1094282750122761,0.44237986321318246,0.6556674808571098,-0.4510630415843358,0.28398251012936016,0.093861033172035743,-3.3492834771624804,0.40259903742587505,1.1801051205940194,0.23138276803722599,0.78885246407099352,-1.2922448548185144,0.034975620206491018,-0.61813651586774543,-1.3153686807007725,-0.6881116020654221,-0.41590906673594907,-0.81699570978631442,0.50745429882617565,-0.065305172758321983,-0.97693290662201604,1.6085695959394604,-1.453666503657367,-0.36697528648197147,-0.13710438279628603,-0.44227153815970249,0.15127000168029667,0.003169276354259704,1.7685691213119217,0.29450828817528441,-1.5643097204793002
54,6,0.75173238416865762,-0.83691879133068703,0.35214340027570235,0.37644569344329276,-2.0705490608417478,0.32127683463104734,-0.12758049047987505,0.81334407763355898,-1.1164467018297133,0.94558510722018196,-1.0354365709897781,-0.13204035442913403,0.92733060341708218,1.4137804734516859,-0.90912384247524747,0.36584117766712593,-1.6747136235858009,0.80527264771873086,-1.0549836734693354,-0.70923978103279939,-0.3827186578092508,0.51708928981792279,0.026946436884187096,-0.010339293264199115,0.25216083325755778,0.012863152599082606,-0.57159555419413288,-1.269147353673302,0.90172505103000544,-0.5829836108654618,0.68424554071274035,1.3833222211015561,-2.0669193268916559
54,7,0.53989194423315612,0.064062557999736189,1.4593829026208831,0.37995005032496504,-0.0013006010799657358,0.9572110226167152,0.29200560589760866,0.34114529194065379,1.2645366789942571,-0.65022350456816225,0.32834461784778146,0.16571011370712421,-0.043313089616249946,-0.83001083751861859,1.9265362989452413,0.29141660556276044,-0.82463465629094979,1.2197897741654771,-0.025516918590625083,1.2611298226059042,0.21051881812082138,0.96035132571807524,-0.2242061964404034,1.2390560259356975,-0.66864445687283014,2.6230249462130555,1.9382725489763797,-0.22003278043316507,-1.1704910214584099,-1.5204353296488535,-0.2339073138050235,1.5749563064121781,0.25541144159806145
54,8,0.39094188477355463,-0.019643988468791326,-0.26736307437761125,0.4787491679711719,-1.0821443906379811,-1.9042131996274712,0.64937807185071938,0.31666536024012248,-0.75043714298957886,-0.62879332691903944,-0.7064156071625971,0.5745464672443249,0.91116280252145088,-1.3539908010021051,-0.18611284274445675,-0.50432296421578682,0.80845460358514942,-0.77817322929527188,0.43562271786222806,1.9284394958035547,-1.9392633353200719,0.94449292723177347,0.53918117327956361,0.34912798532535338,-0.014014863518323805,-1.276004289138825,1.20637640762953,-0.15953964552379724,0.6353819235006215,-1.4073464034923386,1.1102562156050093,0.40216500642244474,1.0999869531864319
54,9,1.8593399504476709,0.11055573520428777,-0.29711701416200198,0.43387987416025642,0.28139215976309762,-1.5201653612786596,-0.5570526837824088,0.099048332055824806,0.79374641078234698,0.7513629865686452,0.83006776446289576,-0.63821046369472123,0.50754215730329078,-0.14323019226450445,-0.62966300731799507,1.958668876569194,0.80114763477307716,0.51521230247361771,0.75861871354930066,0.11007097445035179,0.43852353517677778,-0.3455270616777591,0.26145003428709984,-0.079863009565892706,0.33733189366737087,-0.57451707500975024,-0.65843016956766165,1.5075019992964014,-1.2267628652080051,-0.94006619224527166,-0.78703682763405824,0.48531417382207642,-0.11959957542470517
54,10,-0.058871271811898496,1.4972833836995578,1.2957780363469427,-0.34060884997185759,-1.4593355726035615,0.48949713205824419,0.63247650654259957,0.36825802578384892,-0.63020416936065882,0.023070684480500894,-1.1113114833436253,-1.1342218497291645,0.98165309322065497,-1.9396750732237114,0.88057084454436518,1.2728855426110099,-0.13600528285191887,-0.38588618838292893,-0.4376223508584014,1.8340974310112879,0.89721048353480926,-1.0952359855509874,0.75838466848071528,-0.30810684180955678,-1.1286533604177313,0.56195355181046458,0.52279841534207694,1.2780785180615766,1.7610682037654177,-1.0585742829592795,0.76558087502663685,-0.33920185052240792,0.025056829681378751
55,1,-1.7031874344595153,1.356351115364552,-1.0107007614721082,-1.7310802998941068,0.045506931307473915,-1.2813104298412459,-0.030700759909742043,-1.9572204006187517,1.1759137999696263,-0.52948634122968397,-0.71241340563141198,-0.6963221068308284,0.93346890920689463,0.045785555441524885,0.89487239412842245,-1.3557708047518311,-1.3242280300673415,0.81868450105833945,-1.849742659810818,0.53769578548139962,1.3672798664468775,0.97448479219190787,-0.34834626678572911,-0.35278010988297681,0.15223420354643197,-0.44740391203622659,0.40357876529389408,-0.43660325796174537,0.079688125806466711,1.0409115511625615,-0.2369036511203218,-1.6514499882014428,-1.0191249409817242
55,2,-1.5085522760073451,-0.29059376917890206,1.2426280310587727,-0.43708664363060346,0.41147815799733312,-1.2672408207956265,-0.057522696205020998,-1.0565982677164805,-0.77389309703477738,0.01822481404346208,0.17060775734648487,-0.047211736312222627,-0.63341508614789943,0.73845944928104168,-0.28850262177191149,0.22011200295833569,-1.8983783748766696,-0.16024756327776626,-0.65591572214678684,0.70639991686303771,0.12385276815220179,0.20803444026390083,-1.2732288247557779,-0.33201465140531006,-0.67704794741226115,0.1462975361328642,-0.27796392415975923,-1.0160424232909753,-0.64081282619535207,-0.15645654488245433,1.093336255268972,0.85661613441225237,-1.4886039813098633
55,3,-1.3882557411365308,-0.11421357927547947,-0.25255523218741038,-0.071336420872235032,-0.55939268024799049,-1.1979710341784824,-0.11828446175084618,1.434539732275609,0.69513245121062861,0.062119004379412528,-1.3462786039201802,-0.86084125456041283,0.19309182340208766,0.31948441679365053,0.23255343765788908,-0.17330275505708145,1.0894820501080333,0.7802368714107899,0.14676021604146361,0.58088114295505289,0.65819542605741721,1.197438360053801,-0.52436595181218826,2.3268171616305366,0.71008254070060506,-0.13966070483726117,0.93305550621616729,-0.47636016373207513,-1.2689257646402916,-1.0432771047688405,-2.0988142873295099,-0.0063878559656056419,-0.0025636563972154152
55,4,-1.5116350658334226,-0.2683346151662333,-1.1419271636993491,-1.5058182257779356,-1.8715179806801832,-1.2456852956992734,-1.8315791721583059,0.82370253266766635,1.1011343105031652,0.0069550507896016921,-1.7695904788636063,1.4579647800154492,-0.25829743724590992,-0.00020841183858298071,-0.86898880104494003,0.042546250442076231,0.15221868784332598,-0.4210463649107945,1.526611887297145,-1.1503264585308144,0.79157538174378561,-0.85022035252868211,0.17192502004108057,1.7395591104320163,-0.19042545114914267,-1.0309191410689673,0.89981653343909074,-0.73327547759344303,1.492815477217929,-0.14299860922433216,1.1799196948351518,0.20052207184597406,-0.78150530909087479
55,5,-3.4956185548924488,-2.5587425090853562,-0.29983402773802492,-2.039000646750631,1.3462113246946008,1.2957047706071887,-1.136985785528424,-0.9156104781200376,-0.91089398252613263,-0.56388363325202562,0.99789915279896291,-0.31693439614725583,2.3167832757378473,-0.078636419366797577,0.66424249726087359,0.10051541470055775,1.4057327049514674,0.54357790591428079,0.93174057712859282,1.129273175167014,0.24105661713703352,-1.3000841529386951,0.66648675588821626,-0.47316372365963777,2.0212906919835989,1.4322969972404789,0.56995543816922256,1.0415252151746175,1.7913898848008083,-0.13855264272304055,0.40078103309913649,0.39219649090040765,0.031129467064669947
55,6,0.51567536463854191,0.35705824712201745,-0.819339459861262,-2.4603825795437415,-0.19081558820914465,0.68082523157022723,0.67133371524033925,-0.78413357739718625,-0.35258177219495984,3.2627565283880386,0.25811796790950781,0.75471441319191857,-0.47843726894844374,1.793591377506333,0.18209643223728597,0.70485038055979432,0.50330008160936834,-1.0309340798142386,-2.2416624795441353,-0.11563885208827104,-0.48448428554066342,0.59098189349333763,0.57551533573603442,0.38931262102124214,0.41033413654846901,0.64441000373518464,-0.98076872072403509,-0.72867217945265539,-0.29728416925546824,2.1788086219925078,-0.15815305623203557,0.51754494614740632,0.99006841498293696
55,7,-1.532930635592098,-0.38603218109633175,-0.33639709102160525,-1.1643710847972797,-0.31941499690070935,0.76028399317128048,1.0639911820067296,0.15553907019821242,0.069902574373616147,-0.15943219179600535,0.39230018744264306,0.28766275144434628,0.33352111831344095,-1.0759948157683021,0.060466529053951369,1.8510577360906666,-1.4744980593972741,0.34606474317045183,2.3294318294826697,2.487443539313213,1.2201923454219552,-0.38541702966522079,0.35967880043418404,0.47757765325821122,0.52983108104298915,0.074627277727774,0.27171441074473446,-1.5017298404147406,0.3015546710518191,-0.25779582006393931,-1.7377839965319459,-0.19992205773689001,-1.8306748663983006
55,8,-3.7508634297989589,-1.7078832171059832,0.68955168107773945,0.82772156598334412,-0.42009460309439134,-0.43979614164484387,1.4723433691044516,-0.96434318951681375,1.4886864436301794,-1.5616312874352805,-1.5711864391022088,0.037690648954614367,1.6454220929389651,1.4489148326124144,0.61921477628907151,-1.3985218190461177,0.080289307755443629,1.8807424476676338,0.2898116694303105,-0.16771186120548084,-1.7211165300805304,-1.5844329200031757,0.95513186073884038,-1.0681570772509899,0.21500972144345568,-0.02239422053519351,1.1693799856137417,-0.087062269428993144,-1.5149065521893097,-1.3498728781352822,-1.1474358199198449,-1.692851200616081,-0.93191339576225651
55,9,-0.98046456859826181,0.62290017497413885,1.1507417889991165,1.4500669845100169,-1.71913905430247,-1.0494248102464974,-0.7304279778855578,-1.7408498450510124,0.22288599976312926,-1.8362454299139519,-0.43238106283739541,-0.097660103746452148,-0.17689213758057859,1.4174283634146592,0.94487602867744358,1.3116742702878257,0.28333290174608383,-0.64510440049757445,-1.4123364222541868,-0.76283451894170984,-0.27055004041901304,-1.1848237559818839,-0.87023292323381596,0.52430132686123565,-0.25672634313415793,0.39902889732998148,1.9685422975089324,0.81701203154805635,-0.023898639185723904,0.22934476862904624,0.13656414445377904,0.1940865576566792,-1.2635772604098952
55,10,3.1347935022459978,1.2300971854448497,-0.89213450986241205,-0.41047463832701803,0.87167536515781674,0.11592406841694573,-0.27426840450490114,0.93823002282848467,-0.24702369026696577,0.10438788336468266,0.58188903766226918,0.91331597580026203,-0.12976342135511093,1.9322425595123047,-0.82025240757197804,-0.73297720282390333,0.73987678573104931,-0.48709342815176226,-0.46834445958137871,1.0644764039555932,0.52968750054760694,-0.78913851316362782,-0.57075756567604785,1.107420629969748,-0.074344938052202506,-2.1318555300657409,-0.8723770608497754,0.1959759552725811,0.44765674362387153,0.2960751711840543,-1.4313731220852686,0.083515065845016542,0.39383266000335526
56,1,-0.74015661960716073,-1.2353680980496278,-1.5162446166802501,-0.058512569282043313,0.095972987066305526,-0.17589509920878038,-1.2817249767183625,0.83145957991727004,0.35195123944582574,-0.72160220421532717,1.1461425300944243,1.4681365261838419,-1.1759642329816962,2.3305158151685492,-0.44573915251783319,-0.58752384688103165,1.1665771834642318,-0.17506524433296416,-0.81608664961141397,0.29984281086021475,-1.7628384438283986,1.5233486822487414,-1.5101335425210975,0.40843322305904073,-1.4967251585956689,-0.87688175344036201,0.62483642666663008,-0.45410924588859441,0.12359659550684189,-0.45034905962285138,-0.43498901839131054,0.5091988054210439,-0.092352366051022997
56,2,-2.1674975007182304,-0.32474070804383581,-0.58174067897361104,-1.0251543334836823,0.56641289792973371,-0.3070860496745797,-1.0045040764124522,-1.7814690932584376,0.34965813555743752,0.42431615461704381,0.79632975538805739,0.85353993424453034,0.082839147685698236,0.2819992429915284,-1.2683468499875326,-0.87299687027795392,-1.5369062476872306,-0.95121376471705688,0.30930919657381434,0.43364000544634768,-0.74463010814515351,-0.041933711639061018,-0.38304626225286798,-0.67934628210151504,-0.58540296172094386,-0.18911958350258437,-0.52037052278700557,-0.80225336439045969,1.4396786832083783,1.3925418015874511,-0.72776363566013991,-0.45128029182591212,-0.039517613308900953
56,3,-1.1979655018373965,1.1743984257437656,1.6305682205434502,1.4674087277729624,0.10118819990095944,1.0602289086271688,0.47779172240148549,0.31401517912225252,-0.066296359923103371,0.29526669820798496,1.5394808114199641,-0.62720727103181484,-0.25042160684888748,0.84684111205876988,-0.46320520244230845,-0.97146680034119193,-1.3303397701482147,-0.5500751437401763,0.86413562764522844,0.90474111030044735,-1.6009719904395112,-0.78169954553798782,0.74708279875066874,-0.060725939425652992,0.24370348542168574,-1.127284441123213,-1.5877601127387542,0.74454616503876503,0.73363423264107686,-0.81325994984242234,-0.42604109637576942,-0.49273595899565475,0.71355279882705591
56,4,-6.5638828605804882,-0.93226785927557099,0.47776294307235334,-0.22881701360729489,0.8084173370287534,0.35745562050519286,0.29374967094770454,-0.4443584478869263,0.98526925706655566,1.8500902824862786,0.029979659493309014,0.4682732055410086,-0.55880040881136905,-0.43761765414893272,0.25161520055992381,1.1601813427091243,0.17357969209016424,-2.1693539310073087,0.47320115378121869,-1.379741769615775,1.5448679634446219,1.1165459935212565,0.62184727991868105,0.49589991761042956,-1.0436666164057495,-0.23146692650652415,0.38203143536223777,1.2359081666355369,1.3911951737064168,0.047854726602995563,1.6518910838264969,-0.99457951166029657,0.96398064551163909
56,5,-2.6155201907905248,-0.46262131427225989,-1.1176678532559345,-1.7301662130143356,1.151887296318916,-0.82584101793599218,-0.44467498553584311,1.1127028141159625,0.75786818943571477,0.69821583536482523,-1.1124210247141679,-0.11623466702814088,0.16408775133754994,-2.0554873829952842,0.53354676067794338,-1.3334751949751189,0.04840473178592921,1.366284591399946,-0.56881934086492736,0.033813043231516113,-0.23168359063371086,-0.79881608461763998,-0.55686248874918398,-0.94607167730241248,1.9485492673661873,1.9339930323373751,0.56519101730774146,0.84633233115307205,-0.048308494331247051,-0.67251419880841057,-0.76852031427413858,-0.89517626155507068,-1.2498726938273552
56,6,0.49793571059043262,0.43182640387565435,0.6868957471113013,-0.11712776974045648,1.8087853123845357,1.5812071621114046,0.78101182502835953,-0.14259430157977318,-0.30198650369368402,-0.93111515488166996,0.90501219471900141,1.7044510005920077,-0.07646958590941122,-0.051386666170087358,0.99587170643712497,-0.21604729246004045,-1.0187273613167442,0.86795031719978788,0.54107159052449483,-0.16144604042745256,1.1545799815446935,-0.19449343495087582,-0.68019968070807901,-0.63751303206095111,0.032440623016647491,0.89461040955907878,-0.91982306703234862,2.057286789784019,-1.1903049659707392,1.1331885490783866,0.43004000241149831,0.832316807672701,0.21466883187432637
56,7,-1.5754650083037789,0.33423388384787689,0.70467632780291145,0.35821691862246524,-1.1908177968492604,-1.0676145143251572,0.8601467430753551,1.1390494021877311,0.015541070615556528,0.13704610708847731,-0.049169867861781257,0.5033673713767266,0.21162752558483119,-2.1230380530002755,-0.5032316964923097,-1.1202899916490054,0.30579235106474278,-0.5571086977803088,2.0007710365193758,-0.58163553761506681,1.0940103692381791,0.019010759861303895,0.056081622537688204,0.075133557882466229,-0.22129536734270411,-0.40116275763608805,-0.90048493617004488,2.2213357305411443,0.43423716890511155,-1.003930725456597,-0.32248027421321002,1.2948259885700986,0.93979957647578216
56,8,-2.79232808498449,-0.2539373882004719,1.3456241438753758,0.66930211807069462,0.585304003220387,-1.2559178642740447,0.74417264248166393,0.62374685339880331,-0.81254326773855123,-0.76593351916132968,0.50149899314598267,-0.82492046228102966,1.0450082470100206,1.4451163453635631,-0.20155872359366414,-1.095947356992633,-1.7403541709496855,1.3128997745271704,1.1941043443253552,-0.45018217424705886,0.41928524224644154,0.16374221645055134,-1.9082376756165105,0.095536760931102374,0.42088971356906318,1.1133214808597351,0.069554816768436528,0.8675335407886301,0.12767297963651894,-2.0932765547570513,0.3025379241759068,-1.1696353756415618,0.52253069292715149
56,9,3.7030001639725643,-0.51683518913089987,-1.894093008676442,2.3025230868494071,2.3694978093574801,0.8497423557131385,0.49768458790433923,1.8133368423560101,1.1726118997605079,1.6006666403949712,0.42479760800607114,0.57895898669339707,-0.7038123331942906,-0.11096620171128814,1.2936698776938327,1.4102959883288033,0.11152284575264437,-0.36385341406881211,-0.62920345855073434,0.83172284548490871,2.0653289178171033,-1.4271282761706716,-0.59368046460767532,-0.81942897773447465,0.67944568851504561,-0.48856045000002257,-0.24099309353345993,0.44971164378554102,0.51781244877301758,-0.35734833325363485,0.81151951933300837,1.4819540460746456,-0.035517890200094979
56,10,-2.5810963772836968,-1.2916091712627757,-1.5347803221993066,0.78500873141998539,-0.87975554704533554,-0.21501157748211722,0.68736024899092352,-1.7929960725784599,-0.20248283761156857,-0.63879971100296229,-0.50763354207468525,0.75763414265709061,1.2103108252497832,0.60891548074732083,0.68437940929186047,1.0489698328313042,-1.722833651030659,-0.697903032923197,0.042903679998279529,-0.63652588486126049,-0.222446021071045,-2.9935824682627987,2.2744631720296966,-0.1775382064352449,-1.4317220530557144,-0.21883363811679815,0.025561074953245399,1.8399516318791398,-0.75765763834594801,-0.11092459920752493,-1.3644904612964828,-0.37258058897223606,1.0719413652437515
57,1,-3.03260080051645,-0.395324735775267,1.9216786962331263,0.14258617630042555,0.81866877108714375,0.99815166169661207,-0.86767743787892726,1.3538024124224768,-0.54951885213685137,0.72440410461939841,-0.64574424080685089,-0.44282479806770375,0.13944032754743307,0.053564875014487291,0.76947590430864321,-0.39441450352358154,-3.2434408115750983,1.7472840111899124,-0.023070346083082602,-1.173923121978568,-1.4794554058601421,0.76375304833672542,0.94324911459269023,-0.90813288265250636,0.050036769324829679,0.87865063829429935,-0.058618792707916728,0.24148059327400748,0.78351215530895035,0.23293492197661314,-1.8939397652617691,-0.75082182480592785,0.75960113828634024
57,2,1.0215906468580749,-0.049815408620133145,-0.31857609853849184,0.44351067508334502,-2.2646090282839633,0.23774597555692367,0.38677712163728223,-0.95503242132680699,-0.90630760228805296,-0.12662652715120482,-0.22951223299430404,0.35493306754232146,-1.0104000357182461,-1.4464642037717668,-0.061684919752334602,-1.0602625150089022,-0.078864861968909031,2.0633602765402919,0.47579362913668399,-1.8146426667999869,-0.90349188771354838,-1.1313369852987689,-0.097436700210546318,-0.93775929860264917,0.91823828073909119,-0.95579618506607256,0.045230826853383942,-0.83858533856030615,-1.3468893702952796,1.0743964504777996,0.94882072927392658,0.039401838137451337,-0.18364381495078685
57,3,0.27035000290925271,-0.00052104832065952603,-0.16099312310152591,-0.47831308014628693,1.295506601237767,0.17563304987819925,-1.1844498202771874,0.44541031684127325,0.025503043239869402,-0.37609073192701248,1.3386866716885204,-0.40588778499950595,-1.6637571606942996,-0.57567078667971916,-0.70197091454150773,-1.4803849181383406,-1.306913884551991,0.30635951772073011,-0.63531729737145304,-0.7384961617780782,0.34479597374472026,0.903154208803014,-1.3628197569962694,-1.3329569704151576,-0.37459856005159237,-1.6176616373006516,1.6769616858641514,-0.38949230630779919,2.4353069292007627,-0.49355792158396117,-0.75241133068812094,-0.51848416441659806,-0.61150242730629101
57,4,-4.3191847184355368,-1.0945897880507296,-0.78854722970837277,-1.2005203263191451,-1.6485044951587442,-1.1257529275987277,-0.022800103272896208,-1.5168510929930159,0.62096293515846657,0.65872099342298318,0.090603827572006981,1.0925453540236183,-0.46512202072805992,0.62668079447051728,-0.66354120286912111,0.18089197571933516,1.4916836039765939,-0.37721426270437713,-1.6740861012846993,-0.72525570897780778,0.47938350500899651,-0.87297672832663298,1.6065280267036592,0.24936732873345333,0.96550286567842092,1.1967346571725843,0.74078234853316605,1.2236130951344506,-0.36140241259158867,-1.2105370640019082,0.93351518208969508,0.13162765615885205,-0.12865948289819593
57,5,0.082689465814751673,-0.76072428023422622,-0.10853461859686989,1.287049663543413,0.25413401158719856,1.683501767547311,-0.95465829064433205,-1.7756885029146421,0.93818050637633876,0.25281175070289913,-1.4271192421529495,1.3732644581664681,0.97108875593340227,0.70720903951502434,0.69501396371881785,-0.20574673639955121,1.2103868814007506,-0.22742229624681928,1.4639081714558377,1.2870624736723395,-0.082219827576738944,1.2109151323956477,0.092438818650458943,1.9156155368825816,-0.8164951348098789,1.1194021849220155,-0.111487646492218,-1.5904402657922918,0.67191879005848842,0.77573987870895555,-0.33246099189783046,0.87746313951808963,1.074425376995316
57,6,1.8927023352164631,-1.1946209992555405,-1.2705751807864245,2.4120544938323762,0.61509271798431986,-0.98511187273233469,0.59414524526647883,-0.3420325899772923,0.33138255549306611,-0.85772306139662491,0.8033243440899569,0.17403812761882248,1.1893404216786492,0.68215445961381416,-2.0199632825603646,-0.73441090973397605,-0.33548725988971506,-0.39466187395306856,-1.4780759706400834,-1.5138549137665043,0.20432817536828102,0.63641854588640467,1.163371803709677,0.22548775043286454,1.0943759346334749,-0.78900350999142799,-1.118597402443831,0.83640451753180012,-0.3258443539718115,-1.620763835933047,0.97442788037716166,0.34000425546873569,-0.027658470109340035
57,7,0.25913394535686585,0.57804902525337942,1.1747349151702882,-1.3716464084347448,0.32685324653749848,-0.098188326002029674,-1.3698589437927362,-1.1187734070764592,1.7598117999566398,0.6040863666011651,-0.15456777197063348,-0.46871664398393398,-0.43452651101414591,-0.62464280062978184,0.82878241736421976,-0.34514809527106627,-0.16619361152469966,-0.41977475112061918,0.65462236681354247,-1.0412927437868755,-0.43520250508323344,-1.0180698389849827,-0.4543258644930403,-2.2134040023986135,-0.31919783227181153,-0.82832456530016163,-0.58053936212887214,1.5540823513087116,0.46440225169664734,0.14109029275094351,-1.9965058498743764,0.55692038929146792,0.39182894239936161
57,8,-0.22231651235179328,-0.20721070809628711,1.0158681015785189,1.2366585803491199,-0.40872694650733093,0.27185236145055969,0.32460334297572968,1.1057214083688855,0.96166267716437803,0.95654814963502655,1.2336881101701407,0.20502384266584422,1.274632239122063,-0.59885304318088262,0.51013362512841931,0.018459817173289483,0.46711475884833253,-0.68136195467011718,-1.3688528414197527,1.0629770903875522,-0.22657850299370585,-0.29131315831187232,-1.561821322024183,-0.84938681368169422,1.0761738109464389,-0.3069280372448514,0.12450808004279901,0.43517970989511168,-0.74058245261268352,0.36443404282573061,0.18136681104289407,-0.64846553378574856,-1.8444840901269139
57,9,1.2958094613285871,-0.1736574292008585,-1.692676748781244,-0.065729515296626753,-0.93226461135706029,-1.2893161870490302,-0.17402565316829685,0.24250785144793552,0.13169412965349117,-0.26354749109473924,-0.067458755476381083,0.085766799145806705,1.2202031674265079,-0.65875669265168235,0.25507228254973102,-1.0685828917376878,0.11515795496229064,-0.26667717797154361,0.088353376624305174,-1.7764670635348241,0.14789700968168965,-1.5305760682083953,-1.5571368143571209,1.6078658703774451,0.30069088419483964,0.36402675080180269,1.7489866935307219,0.12503244088118642,-0.2979280082939324,-0.26653207814706625,-0.57863393407956221,0.81301108944736578,-1.3900093554974009
57,10,3.9460538435234644,1.1178484630831433,-0.58046590240978124,-0.88394856355591223,-0.69331868365007954,0.31677216398014085,-0.69665560817261984,-0.43755782403506749,-1.3043945050774097,-0.027969719276088659,-0.19911396073722612,-0.51755240870014585,0.25814456289682702,1.2792461810414972,0.12162779083454545,-0.44582242705086017,-1.2554827329067586,1.5687567981223733,0.46671496037408566,0.54712293050410032,-0.36127397033100722,-0.60252341061760306,0.52887045253818554,2.2285543428586352,-0.19435424745111521,-3.2202184534381249,0.51292160626649153,-0.34578321910925108,0.47729678486020555,-0.0009601167012396589,1.148350442412378,0.1948911475150501,-2.1767025095284533
58,1,1.3045391506326605,0.32628581372595755,-0.79637644351882775,-1.0020413555695273,0.57154020805881012,0.22265955787363551,-0.84646607464831725,-1.4832981036573776,-0.69868708459589801,1.1847618938191109,-0.69868830999314702,0.9050687059658713,-0.77868278551165626,1.2712071115994146,-0.4811945877857276,1.0310931781729964,0.19024554384070236,-0.40787803769749853,-0.44093524575782211,-0.35741016111713747,-0.11362908178845892,1.2995691655108264,-0.94779391155119885,0.98039118643096923,0.61545873950325636,0.0021055172768051776,-1.6848089131023503,0.1415370599410119,1.3454407485277546,1.1328522396308947,-0.23382938347071394,-0.79244854975511558,1.3783972778329132
58,2,3.1488227527245032,0.31038354667034246,-1.10830657481422,0.51620489214745147,0.16670885539312383,-0.23784437214852483,-0.80853703889869244,1.156029281687482,0.772231523259019,-0.3472994851748718,1.8743741748017777,-1.4660573552900955,1.9321067295568539,-2.5812769755732567,-0.43152217024226275,0.015044757964714418,0.025749394899535233,-0.15822692899950547,0.53126176212445186,0.0053602750532857121,-0.25587561220763516,0.97338938250755491,2.1745486396621359,-0.43511908076192918,-0.76600157411595959,-0.63399654342110023,1.0321164905101392,-0.092649828492875341,-0.2345031740428799,-1.7984165674229076,0.15265610373262911,-1.4188727387810334,-1.5651394556308782
58,3,0.13829539996014245,0.1671142011231305,1.525887122348633,-0.67599100531806544,0.16598757605384881,0.1088256521676508,0.64651001360801985,-0.73725654672788754,1.0805623961272217,0.46740809089766039,0.64008018385760823,-0.2491821014928273,-0.22916890013522409,-2.5543033489142775,0.73648394439490228,-1.2399555835736717,0.56535149838348386,-0.13819967782600609,0.98693437327546052,-1.1281800741321752,-0.002037062395684173,0.31910648963135163,0.76936206569760568,-1.0180230161909392,0.73119374970589945,-1.1425808727090532,-0.52643042804865847,1.4190824469310177,-0.30070334686065026,0.27706482737502824,-0.14721507009150528,0.56125331679828749,1.2684603926549218
58,4,1.7298062244399079,-0.038759294888075072,-1.1285681997450829,0.8029003616499959,0.40210326362651744,-0.95363924911772602,-0.82299643051127624,-0.20875419933240177,0.86205785147641845,-0.38806141529629701,0.75849464838764813,0.99697557085929711,-1.0242515950274178,0.59945976768672704,-0.022290630532984322,1.162829205028485,-0.094606910550765963,-0.86614977030076823,1.5877161953140608,0.70148542319460427,2.3925698528269552,-0.25329447222085227,-0.40388436197441119,-0.86410807668986955,0.89784854545610882,0.2171686249701886,0.26660620567897159,-0.49395384946853749,0.30367537690408419,1.0753204637219158,-0.45891921310893585,-0.58911038330956556,0.067307438826156085
58,5,3.5082222735237303,-1.2761773265054737,-1.1991181133561575,0.79183709881376518,0.81608315603839909,1.5028677285987369,1.749286483511201,-0.30899650000154222,-1.2395619299965241,-0.31402473482744919,0.98846687894169005,-1.2987439506495007,-0.1883538891404547,-0.49240920936266735,0.59228119805056079,-2.3964941241165838,0.47626169007694485,0.016862173897320868,-1.3051899308095987,-0.7455067969432928,-2.3727677317190459,0.93732661573388221,0.13307809321537536,1.4957643712188879,-0.51950566763452977,0.054947127337532022,-0.87301917080371805,0.19193223104104759,1.4716843138177804,-0.5724944382125432,1.7069971666920103,-1.1160068903491458,-1.1300574523543456
58,6,0.059319955104911587,-1.2870119250672667,-0.43192476036653166,-0.13825978759682159,1.3452950041746057,-0.15111370883308509,-1.4167177556198269,-1.9192729491344485,-0.38454493965581182,0.11396108873374383,-1.9279339534891802,-0.89995621210059518,-0.23873755164222701,0.51220570427643097,-0.86370251622662675,1.2808107267615227,-2.1943784311982788,1.0400527671130799,-0.52085705129890936,-0.23394031242861246,2.1740615371154357,1.4000556954345453,-0.61479035042103802,0.30917097074223165,0.6181473026944776,-0.4723360561219776,0.5937152546368436,-0.57341012288246718,1.0456937962954111,0.96184501473043948,1.6697261646738943,-0.15960559145270242,1.30658098881859
58,7,1.5933775097200429,-1.300740333783645,0.26460556439379229,0.61455903322391903,-1.1286275864021793,1.2359469709212818,-1.0749590777616114,1.3753493715609106,-0.16858158893656611,-0.62319053989541917,0.009139456294929401,-1.2634603790103516,0.5472289462273674,-0.92879071364503962,1.2264464793565735,-0.35303817087971778,1.2939054057764479,-0.46376190106150356,0.066087975527893403,0.86745933170523992,-0.59169511725455948,0.11468840370731434,-2.5282287645067978,-0.43668005441905666,-2.0243056414899465,-0.21592221406987094,1.7521157782691965,0.25391402641267813,1.4208321747877437,-1.1323220867730546,1.0926545354005817,1.8892690006159389,-0.27680479289641247
58,8,0.94404987431977283,0.88377606971729805,1.2241878280146565,-0.7235167810937998,-0.069229969045175255,0.2358439664387478,0.18918268197984114,-0.34151998459218075,-1.6163656650057507,-0.87786992450962631,-0.020193692719679465,-1.2914708578337626,0.3596134946809687,-1.5446550853600018,1.1998298696243521,-0.76978728702996913,0.10818902103571759,0.47036961127970861,0.095024036824085889,-0.45972873648349699,-1.0516337821290549,-0.31510101899801612,0.0016559611810517466,-1.8463967352665558,0.87992353318510341,0.77825654340382844,-0.094840954649471412,-0.48229177973357557,-0.31117268998873937,-0.73225591198593665,0.88089090938021464,0.20488834895517477,-0.36501416600353592
58,9,-0.50745002192079713,-0.73104192961781633,1.727248326382425,-0.44800272448199074,0.28387724373711959,0.62379514858190011,0.39898897825513013,-2.1849434304815274,1.6878591358090764,1.0430189372123726,0.86633979243852222,0.34699790382333534,-1.0863818364741793,-1.2540370013079329,-0.075421293252479399,-0.57062431743254893,0.24212387018926781,-0.84789286616350645,-1.8793100365971174,-0.8499655292532815,-1.7364074477008438,-1.1284508844763073,-0.67299489748941743,-0.70461202075064,0.66790357530091526,1.8873728894156305,-0.25394431944625179,1.806170690359018,0.85638892842115633,1.0072508840117953,0.88301840122896758,0.059265566854379129,-0.60585989370326887
58,10,2.2518410252161316,-0.41510698119693995,-0.71328129870278545,0.03209695086322209,0.80671218932840927,0.73146623931880461,0.38630630762293378,0.31612570441382759,0.22341069606704642,-0.42363733664629777,-0.68818644193013601,1.0759285935806671,-0.87046771896939734,-0.28132961787428284,-0.19893070028051332,0.34583237967114777,0.26619249760898245,-1.1993785146011355,0.84231695222905845,0.68800047748228954,-0.28106185206563777,1.6154156842201421,-0.83398232726626365,-0.41583042520826169,1.1964194776553156,1.2261777162032406,1.3946856274984023,-0.2529360520405034,0.43071305244709729,0.25124102002499904,0.60873828315189349,-0.091634115066754784,-0.72786785823725308
59,1,3.7695750267346071,0.61210624036336247,-0.2422926826608027,1.3118375696627835,-0.22514655320608687,1.7568443980661885,-1.2887099432422151,1.9135399144697953,-1.3991076179023636,0.54314569340434171,0.56279342766769436,-1.0275220848142084,-1.1120621451352724,0.22303016211719459,0.6142757625427564,1.0245900246824082,0.26157478940554685,-0.92318984053535713,-0.1539788904594514,1.316998631016481,-1.7748535492663642,0.27429528838280087,-0.18917401218964519,-0.10491396850245183,0.37537942660760554,-0.36312605917649071,-0.13965948985928739,0.067330957607969519,-1.1307941364740242,-1.0530673528431405,-0.32307678017725583,2.6024828145188414,1.0088072595577868
59,2,-0.069913648683410989,-0.38885112157188267,2.1994266837574297,-0.12640975520296574,0.91975400111002725,-0.2152962588516126,1.2207320487461684,0.165298641396604,1.9724531870448192,0.70217810611039166,1.178273598275412,0.66768907848929404,-0.57536967212618839,-1.0281653936278152,0.18231441248482508,0.80541449275988997,0.11105317890292898,0.1946846097827398,0.47614256712628777,0.53304035567693064,1.3321713596418805,-1.4380033679763844,0.66664542010330008,0.33243304531705825,0.92024907016477853,0.82513518111207662,-1.7151049749909293,0.39190979153602185,1.4835304284866884,-0.25434967953612209,0.13106626452846667,1.819676251321146,-1.0733485413353672
59,3,3.2186868291197896,0.64390785973645004,-1.2719629961191319,1.152847436946719,-0.9142950160433958,0.035093497718025675,-0.80699393018075638,-0.77768476844896439,0.1030417771119352,0.87682718231710033,-0.67148167444491469,-0.63038674766154523,-0.50357291029517715,-0.46881595700776418,-0.62470681884966117,0.71766563973223285,-0.16838956996231233,0.16676043886288627,0.69107040869886482,-1.2679688853855864,0.96564909741505733,0.48304649350900619,0.11649484029874332,-0.45064463626501738,0.55929436955688205,1.3662951317446554,-0.042739864518952973,-0.23532687899868215,-0.92388504965052198,-1.0488570364130205,0.54392321602478855,0.60792425489355739,1.1721059787776478
59,4,-0.83457415020961201,-0.21157246763944501,0.60989031735579913,0.37882102471312784,1.3661091846019948,-0.57638046657284803,1.1736193433875093,2.0007656508029759,-0.42338400591027997,-0.98830440476901782,-0.07064317806338663,0.48551148902193858,-1.2975703783601344,-0.57669037597085071,-1.6774546096068728,1.7312403873165916,-0.15104478799403676,-1.5376751128526818,1.4185255377830928,-2.3026423786177199,0.25890299955193635,0.67505816280114639,-0.26495571905023385,-1.0027252310232562,-0.47936502583745366,-1.7914540306506501,-0.17186046612636924,-2.2644969159202089,1.312011290977642,1.3373448263751511,-0.39678644655043066,0.39607424810187658,-1.177015447934199
59,5,0.76744051736459007,1.0126402071806986,2.0831427648602938,0.5560829177835408,1.4154407984444926,1.7444218328446206,-0.87531934524552724,-0.23465644644316655,-1.2938371266709323,-1.3512113021778636,0.35614572542490597,0.71210401214934893,-1.2119448978197018,1.899110674440714,0.65106361364314358,-0.98586321437429258,-0.25082225923209889,0.20053990535916505,0.48929327328627942,-1.2930086642281078,-0.24557240762188709,-0.002757610167118806,0.42571364134230433,-2.312156651488968,0.16772181670122124,-0.8340765995014856,0.15348963575303196,1.5831317519504642,1.3063272758917917,-0.23397310786593237,-0.12712354794495834,0.29597514351174276,-0.21633986274068615
59,6,-0.35774699858226811,2.0729276523676767,0.24816608473289936,-0.31347985266123035,-1.607382856596635,-0.098424271653646311,0.74538287150841287,1.5536267690053613,0.44863758786600028,0.72797830042725709,-0.26401961203535895,0.91605732585874999,1.4455669945535687,1.6174410593241471,1.8072410896970443,0.1126595903401314,0.37761635361768697,-1.9157147819380953,-0.63384606227169049,1.3964543140757877,2.0401548947836612,-2.0804365280549151,-0.43817912434180778,-1.1077562533152638,-0.057374798727054595,-0.22171242998417465,0.72016658504637632,1.2862455364491461,1.1650934271326674,1.4373831915560966,-1.3250763070469773,0.16434588092404265,1.1794002785907218
59,7,3.7285660553149436,0.59454658277806538,0.0045952484281836159,-0.45916755511128809,1.1571358590295859,0.44309578359292634,-1.0629445286179589,-0.93881445458628099,1.1149050979266337,0.60270863848661493,-0.022994537417867094,-0.50471540516906832,-1.5144100757102514,-0.26448814383448027,-0.1198018411336927,-0.079151295320198586,-0.87530969360548516,1.0932046591350875,0.039473994823675793,0.015117652014494359,0.91882192372768612,-1.0437979308648695,0.22631016882409313,0.91601662828707808,2.0628643895669128,0.10220607523910256,-1.5342837394939084,0.23817707897904469,-0.42374557071529845,0.092737669056840361,0.23166607949169493,0.53262828892772363,0.39276714999756596
59,8,-0.80341391995349687,-0.6395923637538582,-1.0030822560605099,-0.81434094030593696,-2.1249617288418587,-0.50843697915733876,0.24086534167625401,-1.0232415591762027,-0.32617473385876566,-1.8874477668234262,-0.9854945786192586,0.31475045649233108,0.15182387135484918,-0.25903737766669915,0.75803725453828885,0.27720167545608709,-0.050017548100787144,-0.23459286355943171,0.64328702248536929,0.099946900181814333,-0.61333859091884702,1.3450194748053228,-1.5984525509249594,0.22341689740320789,-1.3182492217007453,-0.93049226719676414,0.70135469959368202,-2.1854897381189158,1.2431171253311146,1.3204500984014589,0.10441050920270781,-0.31994093900676712,-0.77877626735374483
59,9,-0.61355294679714434,-0.26001733488921264,0.0041287230504903644,-1.893789253693245,1.1104318143512706,-0.52477634951434327,-0.51925793789958452,-0.78235268127840385,-0.01206871206995578,-0.72664540650361853,-0.015410320631228469,0.15531980609145313,-0.32742309760634214,-0.35229603105423646,0.094803044153673688,-0.57478494645119316,0.96832900934988053,-0.78831116922592726,0.54694338552801225,-2.5941184564164081,-0.13355288012730318,-0.58007462500813933,-1.4893185810242981,-0.082580242820225122,0.86205489904574362,-0.0095388925175732449,1.3332808888310506,-0.46779461906203657,0.48102970951537533,-0.37730537190317676,-1.0950604708186233,0.17853976493096263,-1.7543364017827967
59,10,-3.2274960139787154,-0.71290146870754201,0.14737352996299016,-0.60177120433712827,0.45427330228141738,-1.7652763115705823,-1.6170109232833725,0.22174382133153644,-0.75219470044455228,0.71745862751877287,-1.2216864016873656,-0.59095477150335474,0.037494495318788922,1.8076789500078678,-0.71651572330373392,0.50940756012009636,0.0039083234177683208,-0.18072800571447875,-0.1225051598518317,-0.61743642985500824,1.3758817608250187,0.3984101629483498,1.0794652992012992,-1.0128660378089711,0.17734504445818755,-0.4335358336738574,0.13325368167452326,-0.38194475383508752,0.61665676721210561,-0.11403223611477536,-0.94890557449364399,0.15694079443865852,-0.50347490581312582
60,1,-2.9682822399069111,-0.87845616365917234,0.77854474767701221,0.3304469127662647,0.78905949833501388,-0.80479265335250227,-1.1313171101086734,1.482719929514857,-0.016072969737347925,-0.54140491175318339,-0.23396550672713851,-1.7529807428820405,-0.90504620829450899,0.7765316245356072,-1.8561285571895834,-0.31748964432544191,2.6374846607520701,-0.062969647398498266,1.358121382352186,1.9768767651925496,-1.0430306686707562,-0.25608804650390188,1.0355438808238537,0.31230998876995086,0.1235193583673648,-0.50796091576971247,-0.64522980424770149,0.4318268856067991,-0.25454754948244174,-0.54367903556656294,-0.30319234249128252,-0.89449849553186889,-0.62170006293572144
60,2,-2.4579858566769794,-0.27335897265919507,-0.0011173025212769224,0.83446987770124503,-0.15073218007248132,1.5910305189481109,0.96579914385431886,0.62892612913185908,0.44241038598552429,0.16586546762631935,-0.56929514055953301,-0.93250908170675328,1.4533200837124873,-1.0026442619835794,0.72231707839576631,-0.29466285243093654,0.86353599326664798,1.0058024700031729,-0.1060738077463375,1.2215929702728128,1.3844758925795984,0.53044031604512232,0.52910642085219295,-0.83178204396618505,-1.3453904605929283,0.5142933671290798,-2.3632625498483355,2.0390715606232255,-0.089005796073159435,0.6301780211391772,1.4216170982811163,-0.8203163821626327,-0.12339751430612411
60,3,1.9917798785989214,0.17906702558171975,-0.43874512949062638,-0.73137409040547552,0.70318744345481154,-0.076935417262538386,-0.67901827960230166,-0.46469063762057838,-0.28591506959942087,-0.98374169343400519,-0.15405364493621673,0.35139590670638565,0.24443816283110448,-1.2863910625085511,-1.6691462201044331,-1.6517509725911093,-1.0764595829640047,2.0276695859521636,-0.36286544534670195,1.283049600260193,-0.48094407698300468,1.198275465266732,0.55556513390347295,-0.32324548435851203,-0.34221979215152259,-0.97178092424660312,0.14511856942551371,0.021401752185307227,-1.3100209862444041,-1.2886653201604714,-0.4658710730947549,1.4585234893096721,0.0043232169421136288
60,4,-1.7369889600987296,-1.1666373666567118,0.084500747155428393,-0.041949831272730533,2.1515922079002427,-0.71880972595557069,1.0759654381326502,0.85566919676697739,1.55438628366444,-0.79931179183713708,0.30331888603507406,0.39732472431095023,-0.034745221419741866,0.88707498768649018,1.0293968996067404,0.93356610488175229,0.10655383376872241,0.12796029044545937,-0.42027623488800492,1.1953728007813107,0.90210736047783058,-1.0731359614588294,0.37646773776277065,0.55364113613174604,-0.071147983777594154,0.10256640618776906,-1.1603196573901158,0.60242612740790502,-0.68812493068894076,0.71267228948582595,-0.10872352050575536,-0.92874190313201077,-1.1899601701374212
60,5,0.06684748370245841,-0.83555840668686365,0.18686558093096253,-1.3061659156649459,-0.014864670365389182,0.20968817923503533,-0.90097291405888802,2.6593058257803057,0.63755507550504753,0.52104572236611746,1.0895313434824421,-1.220385491151345,0.94005576510940458,-1.4094105001673181,-1.074907763850679,0.37478283179381844,0.67570665679812558,0.64674079287683184,-0.93739676289494911,-1.7249288644273286,-0.29162657311999851,0.43775758605322701,1.7596282193255421,0.53035398526873911,0.17264327609277405,1.1406545843157403,0.76971610384147593,-0.5569722278407554,0.34363021571488905,0.35095547069961303,-0.21001058983573176,0.62066954171854194,-0.016466567053075379
60,6,-0.83173123322917297,-0.45055801937130313,0.43648478215081382,0.84441535057156381,-0.86228421738010064,-0.62756105783047567,0.49510998776784071,0.96382114210861025,1.6609924235731086,-0.29370231191162788,0.59845000509183566,0.88413372429953097,0.22722019477350919,-0.16091617709474551,0.33686324059686767,0.78123796464183315,-0.75773833979610039,-0.98028723655549466,1.3886526992562747,-1.6701041966750561,-0.51084175685436062,-0.66530462561190051,-0.95295037430802632,0.13816938563164324,0.11822372904332751,1.0876098277542112,0.84619805443811935,0.02439580952408343,-0.86948815401894242,1.7668511711133463,1.6500299510112517,-0.67154578683070643,-2.1599024560298652
60,7,3.6506551701502614,1.8410881681134559,1.1372132515391982,1.8722703163145082,0.37294983912679852,0.61538448455734318,-0.31101141553424722,0.1660378520465029,-0.59336624896268608,-0.1631041395364323,0.54502485722305893,-0.38329161019324859,0.10526610949389098,0.46452769480597056,0.57859221198979816,1.2866342973162159,0.35913433909713854,1.633895730915194,0.14739699314392102,-0.27705414731305056,0.52561510268828093,0.83660456664475225,0.7535242277488895,-0.87550923954220816,1.3534935368379564,0.38614212828143979,-0.42807135094030391,1.9299699314841465,0.79002394996741365,-1.3167160809630263,0.29753133420845534,-1.0694645209895937,0.29687401703587885
60,8,2.3517512565869412,0.3892408068173267,-0.3459062934932669,1.843210101620214,1.2349420018286452,0.10754369243811407,0.82081752154051191,-0.20921968899516205,-1.7967133303981688,-0.84543264072812485,-0.44320504365406593,0.56353102154171786,-0.32130753909140713,2.1119086305321759,0.58136428326159539,0.76931530718660002,2.8075105190205214,1.414160408247022,-0.063320329657156074,-0.043161598030855751,-0.94085516250317147,0.42925990222079102,-1.1551483897228478,-0.012389562620413026,0.49587484936341436,1.1278988086673896,-0.18868893840640399,0.73391494169940807,-0.7260393885074683,1.2688536057809614,-1.4648301524743492,0.095197920594125449,0.29408879535869464
60,9,-1.696950747069575,0.96652100917252859,0.64558423124211006,-0.28819593975579677,-0.70016201334799055,-1.4675667666046244,-0.7462611381125811,0.39872688439815618,0.66528335558951335,0.11850333061469662,0.97879820010116647,0.21649785069713734,1.9061099272455351,0.11187347674429809,-0.11741244228838256,0.39293613634125707,-1.6634975935933591,-1.3932009486557686,-0.88521352676959653,-1.0925639967925751,-0.1378743583960102,0.20748500028337219,0.9063483135046545,0.70285192931320339,0.14938180933881923,-1.2015031574746118,-0.95838564112123725,1.1449823615070189,0.97964386879571885,-0.76398593833434747,0.14990401977434126,0.19345191306745124,0.19257385171876074
60,10,-5.1686008567089887,-0.63076993693833328,1.9595056823317887,-1.3629746947123522,-0.1401139461389504,-1.5599464601597972,1.6501886049705221,0.23528834385284264,-0.083508965333686846,-3.0738343576024922,-0.063607991009424228,0.13431213529467448,2.0809137134284525,-0.44216526401332845,0.11762472922948503,-0.61192967614198335,0.25288853247179194,1.2809385675083222,-0.42879102406685937,-0.085557900420401747,-0.70412410776039691,-0.079936447458420476,0.80853504174180857,2.2170259183730425,0.88220574250292083,-1.3956052537961854,-0.46635099716380884,0.38032919205487986,2.035278885936918,-0.34907971536850402,1.372783825649655,0.19663677432448987,0.83742061054244932
61,1,0.36761639680344699,0.99378787958760073,0.5317307618300231,-1.5205496873441109,-1.4810594111838893,-0.064946712559861813,0.48466233704077677,1.2187568213001785,0.55996032376806215,-1.4589408104465524,-0.79100577338775813,0.61201950315035247,-0.12006533541706567,-2.2164005241474207,0.14399588971572105,2.0181705206186877,1.7328765224939389,-0.33554741243814612,0.14066975213849173,0.11063374013916381,0.25931265195283509,-0.19038051677669873,-2.4446934545472727,0.66873791083081824,-0.059515647146984867,-0.70085868353413983,0.80472985259035223,-0.26643802643403175,0.19269969162728987,0.16499374025900124,0.23978414644111407,-0.56525284354908145,0.36024791506192172
61,2,5.2322627991177599,0.71441142691457271,-0.0366935553567556,0.39765061402580015,0.59525239701277999,1.3094117446129139,-0.095159374264357818,1.3366308793988444,-1.1330853844512638,1.4425593835940205,1.0825905898643644,0.28051704559753493,-0.071357104286743842,-0.32561059037525913,0.18510482992630919,-0.20907606166191162,0.36285043099775349,-0.18701623010480622,0.48205491092739167,-1.0158663964468448,-0.097911305356837036,0.8739756284994471,0.076518372211084568,0.46164825710308222,-1.5740600075514604,-1.0307048910122201,0.56987776474669349,-1.0826079998593108,-0.55217306937425958,-0.49055400200611593,-0.51294635738169247,-0.048312550245559464,-0.58184024869204365
61,3,-0.72341780469387595,0.32437195565370758,0.3441374452502598,-1.2222543778624633,-0.55719117921417105,1.8896691684302447,-1.0869305252447243,-0.41839661708113934,-0.17392205418688156,-1.1374981156072779,0.15847240453934214,0.81812264320871042,-1.0998186086942519,-0.2974801598571829,-0.58190373009697305,0.57687065028384787,-0.03601407020014883,0.060560208797272953,-1.5837040491796803,0.63273393547602463,-0.57241629633537927,-0.26253928482151045,-0.18575945514250353,-0.47487112127687287,-0.073695131836941027,0.37677507260704446,0.89700852653973562,1.245657030899461,-1.7282857713774091,0.6256048120018568,-0.1276122938998685,-0.78761997604748535,0.13346246994689659
61,4,-1.8392883187040288,-1.2242084071500077,0.58012133660373666,0.86818674709027477,0.38325482459564136,-0.18956199036589028,0.76573827091436364,0.68143545650357928,0.097106586184554977,0.10242542660910936,-0.92584378298148173,-0.17822173908753594,0.87987078826660703,0.75947674236824225,0.86506736660001582,1.1236412581198234,-0.066181794331903618,-1.1482705313763508,-2.0491873997216641,1.3438163895740494,-1.6168369701285263,0.97617526074933592,1.1889624027294894,1.5614981064281999,1.5405845013311672,1.7134405751893851,-0.58131812043402697,-1.9576865726276795,1.7628596269187742,0.25109768360348717,2.3249574589796858,-0.18047777100032678,0.036532109509554281
61,5,3.4683145126607378,-0.5991087980144284,0.35320359602166518,0.37288332693400239,0.53038312163726609,0.35667655790480729,-1.1097580943931995,1.9567469117051082,-1.1778046236135433,-1.2570785654266181,-1.4234274342943707,-0.070009671019624825,-1.3079231561636864,0.56659511567504983,-0.44538231478754953,-0.2202765215981414,0.1558259954203377,-0.94884205028242574,-1.0832765076003175,0.49903416768845815,-0.16880434214206408,-0.74073171079945266,1.5045367423914509,0.697013313646205,-0.64333185551377803,0.9361970118845635,-0.95347628009547458,-0.58832288972631441,0.77803609785596195,-0.50244964918057811,2.0521888184687551,0.57690443101156685,0.40975755679999482
61,6,4.8747999244590696,1.618240019959178,-0.92094461952087736,-1.4064087337044056,1.8281380431033276,0.891941333847031,1.4624857138484779,-0.33678333838363522,-0.52252078135096758,0.30184326588353622,-1.4141027292600221,0.25581965014950969,2.0674468278877813,0.096173954380511545,1.1271922412110333,-0.32531485020842937,2.0058815201701146,-0.44093540762718714,0.84349219166580247,-0.60238471362813306,1.8503780973304123,-0.28660867937829004,0.26978779310646395,-0.32336225747955344,-0.39813269570793619,0.87539708266091243,0.13265369470683128,-1.0969330183392767,0.76277502913356721,-0.34669656471184707,2.1076061128844379,-0.61240209420886649,-0.79578239732228462
61,7,3.3795674835492138,-0.29769204516383424,-1.4304384784298421,-0.65854594273675926,0.49759548902379974,-0.059617211263317434,-0.12265648444516507,1.1819835772347858,0.43983731576918095,-0.33369919274709042,0.13865385792247373,-0.67422390019633294,0.75866159847174497,-0.91045178108542935,0.43862133472856274,1.0071213850812399,1.293795241667657,0.30091809281143389,1.7585994229023425,-0.59241173108167522,-1.1460061289849488,0.13416305617838506,-1.191426650370351,-0.50013029763880312,0.42023934402880153,0.62905862637476018,-0.27414417626483428,1.0124721674107713,0.47892586685235017,0.27220191897790386,1.5131047799515829,-0.50402299318962163,0.0055044329385445763
61,8,-0.41501832420496587,-0.027207262413800132,-0.4564468178294101,-1.1120403249576918,-0.11091022147181782,-0.91955022344390414,-0.49734134638423882,-0.51210131722839192,-1.6386815464933648,-1.1225244892215331,-0.40741946593688894,-0.21205427338108535,1.0204015714667098,-0.25058417819393064,0.35547528233356024,-0.11980138076219839,0.81449338744497557,-0.6735062085610134,-1.4235678234551934,2.9443309396780943,-2.5229772315720251,0.41926534305982116,-1.3935066182078502,0.39630001334740206,-0.82324474498185241,-2.7169046569685573,-0.26577029977080824,0.097578639924375543,-0.58360299475047839,-1.08190907710825,-1.4295490749191482,-0.23056019178420656,1.5860417971537013
61,9,0.11630660180123975,2.1069863892896148,1.1539655719082214,-0.40146154515722865,-1.8785060207409716,-0.9260822947908236,0.56774843179633383,-1.9541923575423545,-1.1991725750994551,-0.13767610544504261,-0.07275316304303793,0.59816254878156483,-1.5676361414233728,-0.6119167570922045,-1.8672525190971128,0.7200383337651175,-2.1701913226802123,0.032550410842330894,-1.0895288188166106,-0.34495289254449857,1.3202469215883976,0.52770632673811335,-0.067391316864501505,-0.13941458569080131,-0.73177778021615825,-0.61579525076296715,2.120508026839079,0.36584630079338448,0.42645910049717367,1.8607478615261812,-1.1613373132499134,-1.2577792704845718,0.84688522660851895
61,10,2.9549876604576015,2.2213007481438813,-0.52969599810512114,-0.094084121623439432,0.17763963008824279,0.80272275618083377,-0.025238206737085309,-0.20911222854367562,0.8761380386307468,0.62981912345892055,0.6697445013651947,0.30353283755953392,-0.22950165344968965,-0.64480650523069372,-0.13830365725829299,0.21040209327199755,-0.42611210157403057,0.031989843100503068,-0.86258007603301667,0.35026750322028771,-0.13553719147242196,0.37217613095329555,-0.56376248589337929,-0.57134647738781441,0.61822786851572487,1.3488436849761287,0.1096634894566129,-0.18214879832510006,-1.6025850907383177,-2.5870431227441886,-1.6705395067102382,-2.0356205140678791,1.5070664162377247
62,1,4.1048299541291691,-0.68220835725371287,-1.5918736853708046,0.14413717037001553,0.31261922641419559,2.1896773207038058,1.2321122885087055,0.21253702475371752,0.19933815453339818,-2.2881033575208667,0.73104718415210967,1.0830610715648425,0.83898298311899389,-0.29275814645213577,0.90575974246696711,0.76789126889142112,0.7664176885429943,0.21428304970651624,-0.1564886076100446,0.51564108201820569,0.47412570385913422,-0.46362601898863537,-1.7295671012409013,-0.088629183603649256,1.6401731528788162,0.12377417919058041,1.7365787073448917,0.54880701522385533,-0.33682148653353261,0.95045055257191036,1.0097244521409758,1.3169480967932758,-1.834289415754061
62,2,4.3860189205892484,0.76653981943017779,-0.94759125447606973,-2.5518726862447618,0.27192911536183295,-0.49747534802879873,1.4507984760242041,0.66415662193887171,0.43333415314323587,-0.5722501670795257,-0.51130852233764157,1.3046054084277157,-0.80947791187738027,0.14998078211739033,-0.70388457950264738,0.12896285229324536,1.0779005125125649,0.35882112953479045,-0.75893657716853991,0.62551560184691168,-0.83051973654104472,-0.21477728373713265,0.49496369197643753,0.38960598924055639,1.1041771715502597,0.57606139169455084,0.99644223470357984,-0.15954785820760742,0.70433281557391247,0.55966854049921111,1.7844384872172068,1.4515634975079708,-1.4230933979468814
62,3,-3.8712554654456679,-1.2658329340283447,2.1514116125788156,0.79083453484935173,-0.35077307947744835,-0.14321631319858619,2.001414332135413,-0.51725688228662314,0.47095837118239814,-0.10763036274988606,-1.5270766563411637,-0.40367859351028662,-1.1385249008976961,0.9573659512394016,-0.70396263192419095,1.3954757813509522,0.18561337969898753,0.22439905857568712,1.0788382371752496,-1.1420190100046679,0.49468229773925881,0.30125395155579027,0.14641896075934324,-0.38605449708111111,-0.44718667375343324,-0.26181610822286383,1.1050317996342072,0.73456550876271764,-0.93009768288389716,-1.1957599415499445,-0.67912220005280077,0.87265300759991393,2.1021107326226627
62,4,0.07464309822105708,0.78354227470070159,-3.3938886678737448,-0.8950091439022867,0.064585047434406462,0.48930507140137747,-0.11267267495805994,0.094794132712219967,-0.17334224304228321,-2.8778599257228459,-1.1495123651718595,2.1196230011873198,0.14070745248265548,0.60945579070518896,-1.3217489920750478,0.076068320987424373,-0.097615152573841651,-1.9377142438766106,-0.35037374222279727,-0.82744540572973524,0.53318124025834235,-2.0697524632797077,0.32024411638225014,1.2357908563750066,-1.0985226764489742,1.2111471275871846,-1.3584631079244112,0.21347886746677627,0.38335784310375476,0.4606776394127593,0.095989420458161667,-1.0549614826255342,1.6243842460433704
62,5,-0.012737749389936201,-0.41060885359162969,-0.14156419614689114,0.23825132022105733,-1.5963289632633193,1.2304634992699726,-1.3365324529813138,1.2246704909742028,1.0962947151720364,0.47902136007131174,0.12712831072665023,0.73057594445422369,-0.69710966723987344,0.41145898195660419,-1.1851652830932764,-0.90400958541781617,-1.5665002299735613,0.59779130073624664,-0.20977899116454279,1.6236551464149476,-0.55367865180172371,0.21436663713479509,0.083322293326336061,0.19792441527143395,-0.222765770850745,-2.0424440679042841,-0.45395428905191298,1.4567641826879838,-0.012955992535882591,-0.07032673493921221,0.11016453897079598,0.66608666771908309,0.027594821480076064
62,6,-2.277788536695966,-1.7214090907023962,-0.17090393149497932,0.6645374999439998,-0.90893479657518172,0.071449473215610571,-1.0078594038862791,-1.8782622137487519,0.58424924378072174,-0.72542345059318303,0.16333767778046043,-0.60773722890584636,0.96639607140679351,0.49872528398757598,0.23851237388523569,0.64413225481477743,0.015368050629656212,2.0797932475458101,-0.47449975544173106,1.2258618174041125,-0.62447222984785544,-1.8252199081778364,0.077664616263180122,-0.37421917668437904,0.088279118284205635,-1.8862975821894246,-0.396066426365076,-0.85240018381215765,-1.6281097215216209,0.6954780121761911,1.535208558617241,0.52581801139696438,0.011684382758746207
62,7,-3.0323056326874589,-1.2552368954680215,-0.39521242615807933,-0.21906921213182795,0.52816279312422953,-0.58729392796994984,0.40862216356531605,-0.90911261672549681,-0.8572080094613751,0.69169943341948015,-1.5343082871373177,-0.9086415035092047,-0.56318471340659393,0.95578854788572931,-0.0022451225550326826,0.17162327659488053,0.66995575789153372,-0.50262337941915436,-1.1604404680072742,0.93666770575977598,-0.19029314436312297,-0.80224613316500193,1.4958478996000211,2.0946188101745902,-2.0124586087208245,-1.577730464796707,1.0067130145892702,-0.63867024291684726,0.52435187615970136,-0.94045665740219231,1.2728036610204334,-1.0208639714509484,-0.52636197646007477
62,8,-4.2468761398351953,-1.2431057956119596,-0.13229573627358285,1.5804673496878299,-0.42496449455494079,-1.0499435291796071,0.1028282489038707,0.78531102662932228,0.17552032475147178,0.42042371160736053,1.3272032652116961,0.84582860493595136,-0.043310103438656787,0.47636053476695028,1.656558971815048,-0.55191961842272519,-0.1970359325730949,0.38050609173900213,0.010319331993068124,0.80757270235048706,-1.7084197149812455,-1.3349086595000177,0.81057105018951126,-0.076071161971700454,0.060657245026327217,-1.022387240694026,0.572667922502482,-0.18948470441410534,-0.13326863517670171,-1.4656148591225591,0.36180546026328864,-0.98341902346626786,1.1322803982651133
62,9,0.27925347417875424,0.61612571544879124,-0.49489671727284085,-0.30947568284062893,0.42803265884951619,-0.061284906236777521,0.53906604078280707,0.4843379443677337,0.63476593927303737,-0.73567679392944363,1.4884033082301613,-0.24714516791216601,1.5069395600418209,1.7032771774216218,-0.086800650358584058,0.91261631261662124,0.44117859253092895,1.9416146730387791,1.183315568923285,0.88331811479012301,0.22403808650178433,-0.0044578631453296045,-1.207586514205041,-1.4345453551012164,0.44499340445264829,1.1779125164497946,-0.81557133977374585,-1.1422891230786583,-0.21269143272204075,1.9220927561609924,0.38044040274979135,-0.1103599443950538,0.92413901376516605
62,10,4.8798922402030147,0.26103679789496653,-1.6638026334238709,-0.4909761589387926,0.47661876730564123,1.3301749391129816,1.8196277328809267,-0.16151530626338909,1.8651565140804098,1.415293896762587,0.38579835574954929,0.77648120432453616,0.68463623702703835,-0.42855943683857639,1.6222132121068207,-0.38842193676796216,1.8553647826856023,1.5648176741564124,0.059230782191861418,1.971234095448879,0.55187786841046682,-2.7033735789469469,1.3951689096482587,0.84934028269308748,0.22434398680829168,0.38069317182564466,0.94662637584568332,-0.26406191569373483,-0.57130298203886443,1.2732872367546608,0.66442265692615499,1.0400064223459684,0.062398442541444894
63,1,2.3493465763773118,-0.14438123177667367,0.94691000201864428,1.8472147978385416,0.4656719421339669,0.46054919855521259,1.0170039341319943,0.51109108913802859,-0.11284812780539315,-0.97202727881214313,1.1116135839581149,-0.3668546441426333,-0.34514028617192422,0.86352464077407232,2.7966395813346581,-1.4518939739262091,1.9855060930607911,0.19405075792595294,-1.1857082100651717,1.1567728792934489,-0.60116112002122768,-1.0163061944296246,-0.45093261213596031,2.4249641328388414,-0.65602351546513138,0.12875563752309338,-1.3727059713199954,-0.6463998127733972,1.6941455793080622,-2.0396274404281747,0.65241348423971945,0.81002296548931141,-0.25529774674630445
63,2,-3.0457695160112674,-0.75388160276723681,0.77444296982557115,-0.70377554666563025,-1.4915961514564933,0.089748032614276427,-1.1890101831677717,-0.17547839868084442,-1.4028729874812862,-0.2382896441369691,-0.15050029459709027,-1.6156913672214086,1.5670259301091347,-1.0717818117905553,-1.3364137922181447,0.81600062554890063,0.45188746629130161,0.023975384653285341,-1.6484818771816399,0.015680253778231536,-0.90748418670055342,0.48781195642099168,-0.66608012315674248,-1.6914808684987412,-1.0068732168282906,0.06324565731115328,-0.48570580903571886,-0.48109291604695809,0.43326080227564079,-1.5054915200521035,0.29041421603014,-0.24059860956208196,-0.78914975343441174
63,3,-0.59369815979310714,-0.75705745137612468,-0.75678686977948106,0.1781038360509736,-1.146871899284599,-0.88562248677233335,-1.2396806319139586,0.57064495148771166,-1.1844099472179797,0.68205471222696146,0.47444105369217093,0.26789211769969312,0.096500139943921981,-0.57580804258089302,-2.2432805245604164,-1.7984514889584278,0.31621190948642891,-0.85195458011442182,-0.26696947382788205,-0.8038152394472623,0.42066750202572623,-0.36335120941653687,-0.5948357816474068,0.05273229354877227,-0.14555777903899633,-2.3769142971714845,0.41860045696755838,-0.37363419034928685,-1.2355933128768468,-1.3838818591741098,0.3309562459562298,-0.23792404522388227,0.058169013687175621
63,4,-0.61434955965803972,1.6180868358696852,0.018917173468949187,0.14874579960725126,1.4849068257870697,-0.85373056228634081,1.6616661890140683,-0.67043346684126059,0.47184226143456875,0.29757762334987636,1.3133680505298027,0.25568547331554586,-1.9214156937420961,1.7687955369045878,0.18490968427023383,-0.29145814112830437,-0.83297332430191662,0.2974801973824307,-1.2546817216097503,0.08413942638479073,1.8167613137932688,-1.6308982296548693,0.42468780140006634,-2.079539336132636,-1.1666873137028997,1.4618090295886692,1.2931944101670765,-0.68633423405028138,-0.91471037409717271,-0.16133278070683643,-0.57912153886507212,-1.4274687801499828,-0.18263860043149238
63,5,0.67239391109558899,-0.67274937384970879,-0.23835958809840233,0.21761533121271062,-0.0881681095362499,0.25804145285603919,1.9483300175498366,0.58681148023080842,0.33747354095829279,0.5932317347884094,-0.21241996052995904,0.90689042590542912,1.8856082823206284,-1.234529622097847,-0.094342233302632361,1.6747574280432949,0.071549720912205295,1.1036080228440763,1.0512569531954277,1.199631503218249,1.1927641944917038,-0.7456935240372039,-0.014163768021952319,0.44571464883093864,0.74144910144971821,-0.60372276982947093,0.88454071902778431,1.405835110485727,0.0049755477137789893,0.031845966903348663,-1.2250740805228764,1.300953038145952,0.96339967546139882
63,6,2.2009898704717044,-0.32591146552867672,0.045026109840874268,0.58625684646137055,0.45230663903881901,-0.18962044966610683,0.99937272921635767,-0.17100691970775184,0.19488317893183915,-0.4709980394552426,0.11205922003901407,0.22762476931918044,1.2786072105391819,-0.40025854906996888,-0.064233822354422529,0.42012629935345192,-1.1940115106378786,0.13743438786049175,0.071442175076310413,-1.2705096810171548,-0.33448908975956848,-1.6810768039700632,-2.5143296516720253,0.47577801953852916,-0.21765514140413539,-0.81783086902861368,0.42989776712644512,-1.0091681865473492,-0.96390144413455647,0.32105111235734995,-0.95864366676153256,0.11839482843083936,-1.7569094599813131
63,7,-0.3385322880187891,-1.7865111034026044,-0.14780516788639825,0.64685645222928589,-1.0398356040895413,-0.15479524901082609,0.17212056838863168,1.5032601155932219,-1.1632348639019983,-0.68545606899324629,-0.24268279832117767,-0.19319826325476805,-2.5650712633225536,-0.40809744819594584,1.0394295956628925,-0.83961840107180907,0.96310081103304723,1.1203182888128025,-0.19179060740599688,-0.98702603111085008,-1.5796441831236026,0.031250303195944892,-1.388988925948498,-2.00744756737598,0.37040485401291495,0.00010263737081195564,-0.53770599081635562,0.82361252833961307,-0.7987978500367463,-0.67226888843141763,1.7635245918946585,0.40831491419699478,-0.69193920253659513
63,8,4.9553607901444074,1.0054783595124082,-1.8342676403091001,1.1604629437116649,0.81624749199391033,-1.9858940646793712,-1.1006374913448522,-1.2197509116106589,-0.22964128348586693,0.75860604101422513,-1.3906627425327256,-0.19142584587127412,-0.10420409283676958,0.26155695462085926,-2.020203859365163,0.2994513100576528,-0.77577230572443889,-0.53283013065712681,-1.3010098419402651,-1.0658433412134884,-0.78936651371558342,1.028272785513491,0.6922843528552407,-0.77733646429402181,-0.36040967091005066,-0.93705369720134946,-0.36570975126128735,-0.58861201548712916,0.21174139768753472,-2.1629069524730551,-0.40599137139624342,-0.64916761265415379,-0.21810183399385102
63,9,-0.49338642548930506,-0.7017791968803051,0.0042566805126640801,0.084307930028565667,-0.18500867129594137,1.4294884451197107,-0.44486915119465187,0.12844380209357242,-1.1842403002454478,-1.1802954669391714,-0.67033141435160815,-0.33802642001314609,1.053211260866165,1.1909264836446485,0.99538212117519009,-1.1911723798079548,1.5654022039696027,0.68956736073411873,-0.1490577205982308,0.43874014383112142,-0.90734376291031726,1.6839087644709043,1.0574004266585173,-0.84099647749132223,1.2280127771200926,0.27134462717989688,-0.13219336090695963,0.20350768264942001,-1.198889518253994,0.10708549047179174,-1.5869513406240043,0.74196584371522412,-0.6641359466958433
63,10,-6.5271160781985618,-2.0788230553018034,0.015149055728895234,-0.64595498666728368,-0.49070031076032761,-0.42472448587426753,0.57794834696683128,1.2129843735242736,-0.030737051842429332,-0.19309983303884348,1.0932735642697506,1.4986886753300048,0.99728743148079457,1.8232821446103995,1.133735048637007,0.66847764123018782,-1.8219286152419649,-0.70462265285999626,2.082564961807913,0.33122958393534208,0.73249513758952611,0.61200250292698877,0.59694158765898153,1.9505793312203974,1.3806103901477522,0.90336836627606631,-1.7377530796439582,-0.24242530242978189,-0.50065195598204193,-0.64561354537736371,-0.77806120747423935,0.19377210967146369,0.43634462158956644
64,1,-0.4127706518938708,-0.042116769234962784,0.73371762667390517,-0.24872785146612561,-0.1891764836361684,1.6827127287215453,-1.7499281744656585,0.58166036300097079,0.19131485408939966,-0.13295992314702321,-2.2110371971901133,-3.4943983304022668,-1.0203363704818269,0.44570005839677146,-0.50653926273002214,0.76499247907389067,1.5520209888304779,-1.4083885883544909,0.7558163989997384,-0.29139440458123306,0.31787822324052323,0.03394989562047343,1.4776860230553288,-1.8348729519191089,0.099643932721729389,0.54320997043558383,-0.50496942185058658,0.98611433097632462,0.29508297185011356,-0.34704264688748926,-1.0364110781419795,0.61251998256837226,0.72352520631823414
64,2,-1.3218139878544477,-0.95308861137854839,0.18188078045336156,-0.049429092825138944,-0.426809103923177,0.81524377130721704,0.20083411407804749,0.84640474012089317,-0.86130535954979992,1.2667025956963909,-0.88040041658010471,0.73468351790746234,-0.22999109011002802,-0.26045593138510087,0.098961438065491972,-0.059260146102831417,0.87560065302084189,-1.7152991329836955,-0.25074697636181065,0.54499549665287106,0.79998202558428577,0.48813267034400804,1.6624786767667998,-0.011405230287434561,-1.0256316984689184,-2.2499845137772509,-0.20147179020513897,-1.0802632953206908,-1.4417072913610991,-0.079217871743905419,0.14188132887968227,-0.1423068305389327,-0.49101798824017867
64,3,-4.1738677696444286,-2.2427805268800696,1.4055958255709149,-1.212014902998956,-0.25032183765494742,-0.49999193634703704,-0.13536139748098355,0.74414260146654643,0.43590354401197123,0.046699622212629445,-0.052718224592342197,-1.4501312842541652,0.81281412077546511,-0.72877084377910439,2.1276126314944461,-0.76504257970307654,-0.16617158563453252,-0.63481281709524839,0.24398003505375515,1.3299098141546501,0.27131626982267193,0.88909053397304294,2.104731144474898,-0.43667408173769784,0.35756354214918862,-0.48243787614450401,-0.14733476413386334,-0.95648975398842095,-0.057252994275714689,-0.071071364387247454,-1.0524632209262714,2.1473737269212223,-0.36769707649058225
64,4,0.10756742318240364,-0.45162369105506717,0.71868410250313619,1.1601010289671263,0.77402777341897755,0.011090254679207948,-0.29467369052468551,0.30776478177731653,-0.40199384903734608,0.80793984514303874,-1.0179628153957476,-0.96987862508277112,0.70522140376726761,-0.52749003809306083,1.2157919854386119,0.40757512965932474,-0.40045527642735262,-0.5937827251732869,1.4809725191159493,-0.49454352560256565,0.53228380693563171,1.1630801611602701,-0.11501882913002644,1.3035425147854747,0.41516278801697182,-0.082973759183875312,0.18576675530433745,1.1243012786265216,-0.87323759064345696,0.64249737002656382,0.98160096865775159,-0.11253657713184953,-1.2165984773701564
64,5,-0.16017938778295387,-0.28104408310914381,0.58098709985382291,1.4543107620389109,-0.45105612550351409,0.015800030046259489,0.2619701791631413,-0.69708577283101947,0.70678013774838122,0.96629086156387123,-1.0951071565170645,-1.2475324515575794,-0.81063503001663373,0.92080380147827301,0.02919863669655471,0.85083233295821248,-1.31718730843544,1.2959150666430026,-0.011591667907940235,2.4798143557260728,-0.55289065080134048,0.39236937021013568,-0.68821499496956395,0.20840436419738181,-1.4888682987380801,0.11151857704084507,-0.9777800521046639,-0.3570571189384712,1.8058732646803748,0.55253842852370216,0.26889940501086096,0.90547928334284356,1.6477463198055269
64,6,1.7361637481368306,0.59081539509534586,0.91686952822631806,0.23815602375023306,-0.22523800887362966,0.1592443356924759,-0.87323305623218594,0.81205948429438946,-2.565421963722669,0.67822034344850912,-1.3406821355473242,0.27695068517662896,0.75694745083897774,-0.28438042529582941,0.67501924798942692,0.46864343672350312,-0.73077443325638736,0.4813428931347194,-0.1246681266473911,-0.67867941773481444,0.17260692510352771,-1.1679008598325873,2.5611510006666252,1.8600492761981811,-0.39786686569084528,-1.0232203570440341,-0.43117812637390873,1.0793222544443093,0.48470043075638897,0.17827540796476329,0.052811624319619381,0.84589390930950314,-0.58539419427026118
64,7,1.9718376880716295,-0.058852791965145423,-0.94443651362664871,1.3459907581848016,-0.88913215003906176,-1.1388597508503495,-0.034272169214774717,-0.60338171003869878,1.930184679640351,-0.4969389034913318,-0.11262952926593403,-1.1240545236114481,1.2910126801101405,-1.0785957648672289,0.53727132825383617,-1.3541618911391358,-0.081367266929960547,0.3955962747170374,-1.2302714776262709,0.23294720363083338,0.74935348659567769,-0.56373814733274341,-1.253323939944998,-0.54384285173490809,-1.8646264618849462,-0.87091314798880393,-0.93303666692083675,0.60283560093091415,-0.28805808790854232,-1.3203039997816577,0.26190556898564687,-0.07440549800473191,-0.66929648912669404
64,8,0.79778518269654597,0.5551231154999221,-0.41533605873782492,-0.20085486842491931,0.12451753134969627,-0.61253757433144163,0.25446964457531285,-0.8929238563883557,-2.6877165009780399,-0.082526035623258318,-0.10864104007507978,0.67270202322809913,0.00073759934575827631,0.84497733786240059,-0.45121498857168846,-0.16460867917364083,-0.46187875838586867,1.0588487531884367,-1.1717651607642654,-0.31588802754778478,-1.3866169073501535,-0.58327145806363523,0.2761622204312939,0.4579176206120843,0.98082166607514343,0.96857165395391531,2.6252830633226933,-0.8110017017563359,0.22782469802399838,-1.1450703732562864,-0.65585694402972039,0.42794694725372401,-0.54867846304170997
64,9,-1.6677257018922056,-0.9495344875293712,-0.067977617685555408,-1.2741463485769318,-0.072768591894321846,-0.50565284557815049,-0.74792310829190145,-0.24211865722260384,-0.98885742812454047,-0.83597712831003146,1.6366831150444212,0.13372751155310772,-0.93056589882562335,0.38022933942634807,0.71183812816071801,-0.46066096380123872,0.28246434730877396,0.22622648806317808,0.61746406388511854,-0.65224075858353547,-1.4248672864212661,1.538556687600628,1.1033309849426778,0.012352742187250916,0.29377988773393721,0.31398816134382013,-0.77673195135087258,0.49279295338766416,1.0325018404272766,0.052511483711436685,1.0960815422651453,0.25671239201093765,0.42381392988172145
64,10,2.8303117205660966,1.051647597365527,-1.9153610814910353,0.080576083717546029,2.104538525203544,-0.74503414540709012,-0.58483440381036289,-1.9200995706706014,0.39827859453415876,-0.79172782981636702,1.1718793156404985,1.2550626620291956,-1.909657845918185,-1.1527655922272255,-1.1179091507546428,1.7497586964780365,0.26489103785917689,0.57590491038680236,0.44397163395646516,-1.0050905083612853,0.53828278493492865,-0.28133920622181724,3.0901657807833161,0.28805844365706884,1.5830349766790446,-2.374686646037012,0.77174499506171712,1.2893885624686989,-0.79915220209041615,-0.32702075249601803,-0.5210044697116073,-0.16668677751882013,-0.4828427834414834
65,1,1.1996762044341651,0.33539953108149112,-1.0834088201592229,0.65417276600817953,0.31859871397762707,-1.375069741104501,-0.64736271090949415,-0.8091218295802276,-0.81851687219382474,-0.84551748729612364,-1.8379268016591914,1.623610021460528,0.15273607964742503,0.37659515049715359,0.55294320911388994,0.00059897478372431283,-0.87847188196776227,1.0701997884804286,-0.04199823390702026,1.106120174985181,0.61601780436961884,-0.015122048568258696,0.71877689739666772,0.79312300281442594,0.72310847429017533,-0.47212948256197868,-1.8984871362234841,1.7131592291315756,-0.62062799073637953,1.5881394111514047,-0.18987181506718201,-0.93093925807738487,1.4425075853551164
65,2,-2.2540709194945441,-2.3806962104506537,-0.40858225875782284,0.47929982776636182,0.02699676064731156,-0.82996884088749423,1.7590056606908056,-0.55274835949264056,0.49959490308888904,0.29877243428522521,-1.2015871931291919,-1.7936785886935673,-1.1682116281389967,0.1492412054922771,0.046077459932643908,-0.086465951797734433,0.24077822575147081,-0.59213930840045104,-0.1397497130252558,-1.8127416547233375,1.2477701091980478,0.1454078298479318,-0.89921168793321993,-1.1490007938970073,0.83871359945290491,1.5284913338490305,-0.57255428195495395,0.40662643698624806,0.6923202860427542,0.12828069937933875,-0.83221168552707103,0.65274274418236888,1.1663541420038783
65,3,0.58933983155859249,-1.3806520997480101,-0.19106884350980771,0.49908255524244383,-1.5381724462252806,1.4466246708255373,-0.49761963861479891,-0.30076781091509264,-0.38119366375501901,-0.54020615414037143,-0.55787937648551311,1.4085845950995333,-0.22950743609014992,0.55256747833138897,-0.25919534082625828,2.3738221138798359,-0.81540663382283551,-0.9569784752646654,0.7911672388418044,-0.23599336836767221,-0.6871125207957467,0.65912970932665005,0.62662693341367437,-1.4399399121391654,-0.48330434487117374,-0.27807762554345439,-0.56048134526852333,-1.7156827354077888,-1.390200091171752,1.864292221393016,-0.60564306236035337,0.2570991663162,-1.6178246582591567
65,4,-5.5454343504785877,-1.0639952571185975,1.6151194321207025,-1.1160465307622107,1.2663948436701118,-0.10975891159242723,-0.57614265446757984,-0.27819937573436887,-0.073182201703886118,0.44477723028900262,-0.3624222573923887,-0.13505741519742742,-0.18722249361932278,-0.95345419730462744,1.4644146686727841,-1.4626768284033942,-0.53126370800865175,0.84672609267279331,0.44106545241444417,0.53046315648699638,-2.5065386614291736,-0.19863959443352458,-1.0150524455027818,-0.73364086028195219,0.5930739092688746,1.3178515384014882,-0.72427626346758078,0.12164266448530203,0.46931277087900203,-0.68698056699565058,2.3078823403785904,-0.45105517790931099,-0.319165568202049
65,5,1.1974732972539908,-1.5437187022499526,-1.6152352229146349,0.71557816397638907,0.54806967154024344,-0.11517222304454783,-2.1421407111133588,-1.2322105277276469,-0.60267482355582991,0.9285620182032569,1.1758620961121269,-0.18606450162167953,-0.62417235978269947,-0.74550695633565556,-0.05632575819330761,0.94096159796470202,1.5799684373882432,0.23145400378208039,-0.568989965964945,-0.70567758451299556,0.9802700556621341,-0.51103313741583956,0.67531863869419606,-0.82595272984207879,-0.96397195846806094,-1.2096062759467561,-0.35721699377288496,-0.63526691019425929,0.66964610634949773,1.0726416846512583,-0.024428191221546866,0.56020337330424463,-1.9450067824867596
65,6,4.2325735307022896,0.55541522476280025,-0.19833681704424033,0.98054036297721525,0.10909264236847728,0.5338885655046498,-1.0315825012376392,0.7791635585417237,0.17882439048333251,-1.3842583881492478,0.36110871836681557,0.65160491840999191,-0.10694345964237308,-1.0998909871966562,-0.64568022558680072,-0.88386539697036848,0.4529521718842166,0.60141279364713507,-0.4182043756662151,-0.2397832444681709,0.53741864648428184,-1.2851914669119118,0.52110669506222929,0.20521765831318647,-2.4405249577857258,0.46115112475728093,-0.086862772840844954,0.99161020716955328,-0.53560389741178194,-1.0423668874987497,-0.89612120505759341,-0.39489371555388258,0.28700541021841702
65,7,-2.3339863042024138,-0.51115644013321149,0.17199827704092321,-1.3278152878208704,-0.84907801585645815,0.12637741313973092,0.99220421499919076,-0.40501487444170592,0.012919548436228325,-0.12464049623239498,-0.4353183883165026,0.80159470882711881,-1.5350330370784659,1.8311813504551959,-0.97356635138638181,1.346476839014898,1.0855019447263634,-0.76298777391293282,-0.016403629386732014,1.9218371704744277,0.8446160058257679,1.3940035781068358,-1.0886041354719025,0.88149888743898464,-0.26891030956159245,-0.039480172848397783,-0.23441109133472759,-0.74698004171123411,-0.88293746812032725,-0.35572945102727316,0.57121957396623668,-0.56896017884862871,-0.98421221461984676
65,8,-1.9962915248916695,-0.94041345787483421,0.089487599862660416,0.22537495853701761,-0.27102501580578769,-0.96843775356282724,1.8044959893024624,1.0373497180710549,0.06618239034336923,0.45606597588624997,-0.2527994240537505,0.076664538142058883,1.7143339737981231,-0.21621742590207293,1.0911641735307434,-0.57773861553450778,-0.51900848621808104,-0.67655341567111282,-0.64363523323265226,-0.7861791253561331,-0.45118148479851783,1.2066157924408376,0.55784836723530939,-0.27741542639754285,-0.39829015105835947,1.4953295462749934,0.67722949484792538,0.62710666597301978,-0.85347348938161927,-0.34529457855475648,0.088504527717160136,0.089071267066901702,-0.28208218945710123
65,9,-1.1797666519554784,0.39428421933691737,0.94388157651012661,0.063823956923776182,0.14020740633021125,0.17009165094656012,-1.1209432718919468,1.8351340336586179,0.63464590998637271,-1.5379333691236405,-0.25862297918423283,-1.282841803487063,-1.0457252785314504,-0.63152425477912433,1.6927415951447331,-0.90573338407638693,0.7162247326282718,0.56276332457817024,-1.5735029355591057,0.60948975501396885,0.64020789343409223,-0.99278691334638403,-0.95912992898802918,0.88299522869249558,-1.4856064407518226,-1.0423214672823817,-0.13115556915889892,-0.89440500143660484,0.21949273108760872,0.57062508877807439,1.6629183195399229,-1.1780685041846246,0.79887571435777982
65,10,0.71601442928131021,1.4647216449503242,-0.0069394257539521689,0.72418323978284749,-0.93271448077398622,0.83402432275145699,0.55325469667780713,1.2448785977414372,-1.3319988016348587,-0.31232307408373067,-0.92066401485734151,0.59520531109331831,-0.03416295885375728,0.12454777075345562,-2.7680714790661107,1.713068889711256,1.7919052214751214,-1.5197702217892048,1.2403750730324845,-0.31451838812157462,0.55011499986443946,-1.1047566475263468,0.77932282518923801,-1.3613394500954576,-0.51472764519191616,-0.37206101495760557,0.54749670723413546,-0.99962181217083312,0.038777193952057892,-1.1916802962259534,-0.034950183430917957,-0.68766858127586239,0.00035542104276009405
66,1,-1.0907896612626904,-2.4847641884793319,-0.63948971657153697,-0.67165297558149573,0.78989157515233577,0.044290348356505395,-0.23052500151168712,0.48668103658119871,1.1310637259444303,-0.53470488758593826,0.84899097449273986,-0.20132947325936862,-0.68503879690976044,0.77983689504915887,-1.4047307605633148,0.67393250313556741,1.787602575251908,0.12608928018778368,0.64078977930236047,0.22897650438790693,1.9401243889790016,-0.59128691858258886,1.3048296205052043,0.77998716720327943,-0.94640188543756576,0.17902230229151828,-1.0124689273910057,-0.13758158719574121,0.52742374387105084,-0.31028821417755392,1.1681381640800197,-1.2700555231802275,-1.8551277799214321
66,2,1.6547950691619164,-1.1942788297689571,-1.0941391549064918,0.047443442196719039,0.76930162958667292,-1.3165686341529166,0.084374750376147001,-0.80491768552442056,0.10458394127482043,-0.44858501067820422,0.65908257108918389,1.0997803635560373,-0.1567180991299994,0.49292523092470264,-0.16986617388404535,0.77562897859598157,2.9620929038211954,0.38402372173723492,-0.43980676806584607,1.493406836269171,-0.25233129926789244,1.4516405975250359,0.91345153272191304,0.59087127364070269,0.14542281272855623,1.969126488037934,-0.83299333063616021,0.62497143731265603,-1.5283621633755291,0.42407971899263602,0.38429214537074313,-0.5267791971542275,0.043458476012000757
66,3,-1.1824386072880224,-1.5520064376224287,-0.54161459919884691,0.098858022220777275,-1.0810606709775774,-0.32148553163555071,0.52819943449189888,-0.28192280045414242,-2.1187921198116038,-1.0441586874143463,0.39235699607292357,1.0057507380109219,-1.1427067907670025,-2.4373740163579338,-0.46288079391900738,-1.6955574130927329,-0.36632150067016417,-2.1093040158030307,-0.65299731008314132,-0.39338036197881993,2.623716699091835,-0.54209286977743387,-1.416948762001379,0.66492835542377204,1.8308049136113673,-1.7385595047330595,-1.0831076703580151,-0.29379330989546371,2.3566755031868829,0.37209645656777784,0.49391401227176168,0.71577958042023804,-1.0376793711034653
66,4,1.766328292347725,0.085840653277705792,0.28254408311881551,1.4767887677424367,1.8125500904316443,0.13221293976682355,1.1009329913366823,-0.48007354337590169,-1.6179418122182443,-0.47626628763122547,-1.1449603159876047,0.33741485607882665,0.74073830794024231,-2.043347040759393,-0.92402284789598343,2.0980281898449755,-0.045815068026393985,-1.6526648629812912,-0.055280574773046091,-0.10553633728129948,-0.15522468832179476,-0.95634142808367639,-1.3736157569869394,0.21169180246689395,-0.29746338696366426,0.8977368033464721,-1.0789470352806041,-1.8127567224977743,-0.57017012893720553,1.1823177507426983,0.29058200123002781,-0.51507395427624969,0.23920086308291952
66,5,2.5730742838158838,0.31782523570798654,0.58963229641191062,0.83315360401533767,-0.13404858983143733,1.3427245477488474,-1.2424277760923688,-1.7586023650992231,0.066179200073715833,-1.2176202583552806,0.23145818354361375,1.2927451316197707,-0.36419017355002531,0.50045219960644927,1.1769459282604537,-1.0490580458448779,-0.10957197236320443,-0.71180810508933789,0.87275051886238564,-0.41679917839241931,1.4770000227427498,1.0591706896264823,2.6406757853863301,1.094839590498057,2.5308543014731861,-0.61550430420527336,2.2136294144442386,-0.59555586238136371,-0.79657633693815777,1.503103960886262,0.49463808666776155,-1.0706075908697603,-1.3103910783750417
66,6,-0.44434043815441809,-0.48848183065250494,0.33866217547751626,0.077207196268783695,1.4522092654769805,-1.6916251242567515,0.48102456896719414,-0.63622985578625546,-0.66385753862835839,1.9754520897952148,1.0257468478461051,2.7724090513665991,-0.12987240805985817,0.18294784929416644,-0.42706009215098767,-0.34041946799312056,-1.3186680453144037,-0.71658721747321619,0.59017218126216353,-1.865179877004383,0.093782350323715596,0.81025596197885508,0.97225664096614473,-0.12465362634020433,1.7281608726999405,0.024717732685929597,1.2290606396450092,1.7083613128176629,-0.20734408762114526,-0.39017838887758433,-0.060041978806491744,-0.24212263754979929,-0.42776681569172431
66,7,2.4569689699178943,0.48397767694030031,0.19531415152538356,0.64802168179292818,-0.12475942123952884,0.52250581005710428,-0.9761973342752166,-0.19470260382914889,-0.36306400588061449,1.6034957937954954,-0.56863347420720367,-1.4919818988271887,1.6389010570096971,0.30568797740499543,-1.1589526462556565,0.719822176911463,0.78998450348940885,-0.035429216646222873,-1.8069349228933536,-1.0391400940741506,0.4612956395103921,0.45174173406557749,0.49327867620293564,2.4058379701344768,-0.69498660655378686,-0.57030765706215669,1.075056023840423,-0.19487514615735882,-1.3229545454987195,-0.95895874200370967,-1.8669272399041066,-0.74903751748660452,0.16996345028702162
66,8,0.47288426999935718,0.87109764017856028,-0.017554776492368543,0.09519079482208985,0.10702075134746571,0.71303942130080156,1.6801773969611615,0.197597050985405,-1.5399740694214259,0.029066156846585735,1.4021190994749624,1.5297353804385161,-0.99317998543356234,-2.6356873768133471,-1.6666852482310193,-0.09103411770568938,-1.2373937676719193,-1.1581778928948585,-0.02191995163250245,0.98322905809816619,0.35655752788455025,-0.28562471555453961,0.67601595375297274,0.11435040842987518,0.31567509164540475,-0.23996110309078356,0.14437723852971757,-0.65745631372273516,-0.57942233977412017,1.6124859952167303,-0.66403639152709004,-0.18234147615026258,0.27767173406606355
66,9,3.0531485951434574,0.76266036142754878,0.25068848464407151,-0.62635076498635234,1.546182426492658,0.38183165281428927,-0.87658985338081186,1.0307348930088933,-0.98599382010935521,0.29861674700019875,1.6976287913256385,-0.4234299874060915,0.95055168412848667,-0.10920415854873541,1.2407772792941609,-0.11478422095703758,0.65452093345568485,-0.037935107976600733,-1.7062128877417684,0.33826796393594644,1.2677036235888761,-2.329346353023996,0.43253809883407124,-0.96622735228695955,-0.0046321993196653134,-0.67392182434264081,-0.14561059384948521,1.1418718389439479,0.017170181593746059,0.81239437961057348,-0.86725267696553698,-0.026660068621623158,0.64868384773692056
66,10,1.7000431141219652,-0.74535646703653757,-1.0292296965147807,0.89751132102747155,0.49741929594292617,0.50489092542858416,-0.2811883579574696,-0.1334663424139178,-0.41551753250320733,0.43040719612330969,-1.3420005355889448,0.1101999725796646,1.5678356611464541,0.016464075973807901,0.7233701757249047,-1.5949655845224402,0.45130061182203346,0.94180523304814345,0.30992550653006079,-0.16074438418414014,-1.2643946987907584,-2.247283762035579,0.38920323368726001,0.056389804551216609,-0.319748361040535,-0.54875417899798495,1.0645808282242857,-0.56857969968819966,-0.26250882018295674,0.94570131533305601,-0.12837008900486505,2.0916004945280462,0.54220040379646739
67,1,-0.18200931115867086,-1.0243430288910347,-0.57190969608642417,1.3161745412001093,-0.67322308352490656,-0.17552153713286306,1.2405925583838919,1.0002823311110118,1.3544859383095429,0.13712042820731851,1.3653495597750265,-0.67078532226974696,-2.9528150553560026,-0.24262110713716095,0.23680899866827695,2.6159779595667834,-1.3012844082224071,1.5339175079390466,-0.55185618994246355,-0.024121874613770706,-0.0023383978263502468,0.39155630834842708,1.8621174960145681,0.95759749946289074,1.7397585449901123,2.0611324568956153,0.66967045078950294,-0.6861181976045968,0.28045279796651057,1.4939876638803715,0.43791735737601234,0.60319156409533115,1.1007912374205091
67,2,-2.1534138368625264,-2.2060016853452948,-0.50953111025113629,0.42956879536817072,0.45892113371673487,-0.32381754809486396,1.5719594854026171,-0.19498309018272106,-0.14727518288985261,-1.0824132892486,-0.042282963241248243,-0.89075492638311315,0.429974244783554,1.0301913103177993,-1.5024247552020231,-1.178371434308757,-1.4086189729559131,-0.40153810273747015,0.55214210838441913,-1.2003569082441299,1.0975981580475722,1.8595971750673961,1.5163305412058981,-1.4391556965529426,-0.9967247259459604,-0.55915696352096866,0.44907147772525197,-1.0618987755566549,0.30456727867507183,-1.2681620496938411,0.19339038821226784,-0.99323977445454958,-0.45029352445254206
67,3,0.24213027364508,0.91172781597932051,-0.2414430921923289,-1.1738085675041632,1.6368926179520762,-0.84070064426772761,0.13035627415794909,0.80473334795084173,-0.89361337290410148,-1.0746687282143828,-1.5603637691890568,0.27875197816319447,0.75616638826557359,0.32905043622252511,1.0875611567912888,0.464929866608431,0.32931095306848468,0.70464269910660171,1.4039017932492031,-0.37493361990403534,-1.2895326632477122,-0.57642544859556766,0.94294540206623623,-0.018444325887653139,-0.93185104282162146,-0.46114737309911308,1.2293131079612707,0.061180392806577763,-1.8775353669144341,-0.81807300879706735,0.014947632187953379,-0.56745288377077285,0.61857410117963207
67,4,-0.75464266337870134,0.57102877877185498,0.42194387713503312,1.1498967566860607,-0.14814768267498674,1.4344611525104858,1.2470223645611469,1.0458581717804585,0.69214936768411328,-0.15534339593300783,1.4470763841523955,1.1263528316962026,-1.8512140741057457,-1.2846802145910359,-0.096843378775313516,-0.94932370102991082,0.56403383290535947,0.036671662538116157,2.2412740313168609,0.47001384205432029,0.025651994622261264,-0.28449982084071662,-1.7036722643301168,2.6176997964046653,0.44105597077249981,0.67723883908716842,0.37308801319167667,0.16772906182470781,-0.24329366576393349,0.36627396147257602,-1.8501207311309202,-0.25467477361555035,-0.44882282957086084
67,5,2.82067804483916,1.089012739445355,-0.5495560225923718,0.052076526341090321,-0.096743412835416071,0.088396032898050925,0.05871991602082903,0.7940987355390704,-0.48628571758761513,0.92221307775526606,-1.1783858656361481,0.15436741591290906,0.55308765095496759,0.033771830147762971,-1.2504065107539755,1.4462183021792769,1.0770948777725109,1.6195226314922171,0.31286588330627069,0.47669170872896965,-0.89686490215349768,-0.44340059106901353,-0.75450159106941062,-0.71244302644802737,-0.57945262102853257,-0.47049237968880142,0.76712940192211276,-0.38572144322299823,1.2248204996715084,0.91429396427591447,0.57495732487081708,0.30978671129683755,-0.78957642015311336
67,6,-1.2518389429219787,1.3108469660881894,1.2590590219345759,-0.36894335185861366,-0.82477834941873684,-0.1863521826814187,1.1928911840313432,1.9119377124313175,0.41163145084555364,0.048483321647464966,0.65630630304463533,0.025589002419819994,-1.9006740805024465,1.1540809896889408,0.54813011716013027,1.0130074636451754,-0.021734947081625364,-0.25272546740501795,0.27191211675310284,1.1216684844207925,0.53468356225223357,1.6638538785332531,0.6580913385662911,-0.80651542889109984,-0.30204457079937441,0.9701631196628141,1.6944519997687533,-0.60841489436904117,-0.49068602970946451,-0.23663591666162895,0.3487255888040402,-0.046463849379015321,0.49966574573506145
67,7,4.3624630942111509,0.33101969765950873,-1.0101264717675269,0.11640747674133445,-0.74729774871074894,-0.98564685840269739,0.036080586585210232,-1.5929137278947276,2.5137573871599597,-0.61827836589758289,0.70886797067503682,1.2032645844791576,0.14294487960892779,-0.98381902521860543,-0.58974214217847842,0.86040870601206432,-1.9408726955098918,3.0115162211727204,0.37288869615116743,-1.1161067797814943,0.032621363725869677,0.54498957764058142,1.7777131261536028,1.464923811190753,0.78089795457409594,-0.62917061906152583,2.114685253539843,-0.13188724984053851,-0.29434935524264855,-1.6970811503102712,-0.59268269062546042,1.5855336031062091,0.32570267370694572
67,8,-1.3216590539234909,0.045848827041277317,-0.76174169938386671,0.065115829305401426,-1.0700401537197397,-2.496851113574619,-0.066496335728238098,0.7237126174652605,-1.0454448818849806,0.24864303040100269,2.0756702856660936,1.9861008665711777,-0.69190909228147723,-0.80510567611274753,1.108460755617485,0.38136416627156233,0.14066088833805049,-2.1300669651431914,0.39413629744973055,0.47933896245510998,-0.95716325531935387,-0.7083893245705396,-0.74489618209328057,-0.76806045378531584,0.062360282122243017,0.35273203162553612,-0.48368795714534141,-0.67255776280143087,-0.56573892041164509,-2.7141284998990822,-1.1291575703181147,0.15636895626966196,1.0228202835704163
67,9,-0.095220318552889122,-0.29171266267232354,0.19496440069939386,-0.075582140691802899,-0.71402483946102824,-0.51034175351242106,-0.4798704802335339,1.852188210913402,-0.45161079168754659,1.3493554743159764,-0.77960114782051082,-0.28222873709617924,-0.020975507884369627,1.9029219061087592,-1.3419051134922553,0.022412406661513604,-1.8307326563281077,-0.032760767808222763,-0.12999956622595063,0.56369977824410422,-0.18392399059968936,0.77332152287812417,-0.9649559986122781,-1.233230998038894,-0.2582712286020824,0.13247024184111253,-0.59733495284877969,0.90215318551902657,0.13507778089300582,0.16489336322307035,-1.3178701652117168,0.068196965951535279,-2.0746414352627252
67,10,0.23701643537037054,0.47401918719144803,-1.2014579960600047,0.48009953324002053,0.45982740021822088,-0.77275142289809806,-0.081574117883473851,0.24986551084515063,1.4001502023847274,-0.054294366965726357,0.45179611407425374,-0.4046646494437498,-0.88600435295718338,-0.69490283532571262,0.53040718371247564,0.83391287395032376,-2.4938202419405777,0.39361356907446954,-0.25143144211299207,1.4473093361854588,1.4618514082663765,1.5100531601226466,-0.31573844920519345,0.6638695682157546,1.2672145903972227,0.10305260876050401,-2.2209054118878235,0.97755530142218294,0.55565305988406122,0.90159749879246831,-0.92372642470115318,-2.0520797464931291,-1.1380022036882309
68,1,3.3139289758877561,0.58323252050915464,0.95997286711914109,0.58169508693485261,0.94096658277941281,-0.021885504249007461,-1.4707991287805513,-0.39703743586881718,-1.6104533754437416,-1.3105093511471222,-0.20486745629406872,2.4549029367160138,0.11543830542335094,-0.28081082381670208,-0.39279326138807619,-0.13277571019814946,-0.42926013311705741,-0.058613177143335707,0.23068210963298741,-1.5168903302155183,0.37077638355738707,-0.28884942128288765,0.6724401903889381,-1.9857333893235893,1.6997734799362088,0.024679590502339439,0.20642721850994253,-0.053253771530913846,0.21692251237016685,1.0331883985307451,0.4818530801771434,1.7054048564927828,0.96396729202653597
68,2,2.3130330854047303,1.0421490848814192,-0.68463011777068128,1.0758093668058786,-1.3250250826027046,0.31700712730536168,1.6100182742252855,0.30696040132738589,-0.70308473082231626,-0.91640655656362946,-0.058097795001485063,-2.5118974503646547,0.39071472809088492,-0.47984638398343915,0.18255519715903881,1.3498228559429437,1.8668878595398111,-0.65117058505174374,1.8459844983749947,0.095949806499461179,0.2891064423056664,0.24631203013662517,1.6922120038690978,2.2228016486499484,-2.123004707522179,0.70981163083678434,-0.98068792748531575,-1.2879015399417522,-0.024137018290182319,1.9524897458857446,-0.57337569865651761,0.13237448654452419,-0.5063920716251451
68,3,2.4396016954769539,0.46666257670702921,-0.33392336487697583,0.49306191533697169,-0.39117441788222246,-0.029753120508253465,-1.2098421295997088,-0.77132499153795031,-0.3903124356576636,-0.66381425545808825,1.5538857218936584,0.27446879552078068,-0.84569026457938634,1.1103346920202308,1.6220722191531913,-2.0511630935032161,-0.37474247778137881,0.35741737192364054,0.47321003563706737,-0.6818547800320186,0.38999463177564814,1.7390060846650139,0.76774788384540682,0.42908508265192202,2.2106114349896719,-0.98569156827821847,-0.34113085882466943,-1.2131545192887294,-0.53177506857176038,0.48722315112502068,-0.95612835106010052,0.71379446316220019,0.15193809068721584
68,4,4.7577555982182895,0.72835446520907932,-0.752220849418057,1.4047947841217894,1.2242492040254818,0.10017464278519508,-0.38717213866275313,1.1613321294699011,1.5562723853882103,-0.76364720520623441,-1.1729420224971192,0.55647473370126288,-0.14466947055620391,0.20220454055557688,-0.16509699926620977,0.089114369220499492,0.33318449067137063,-1.4626842991721587,0.82467259288424277,1.3744267524512579,-0.030842614864164251,0.33769763224052857,0.40512178313234121,-0.12361569438621989,-1.1734149491956762,-0.30331582933708695,-1.4727579929643853,0.63124014876507695,-0.39615707759455188,1.7939381073957488,-1.7186131911100453,1.2746385189829645,-0.77613793028032163
68,5,-0.47857066119513969,-0.24193126473314799,-0.30978771862589938,0.99273823948064965,0.022960814482315291,-1.2554438143149169,0.76003841406302308,0.58016079707401691,1.1181208708248074,-0.22538450877012275,-0.97467966290604702,1.111633571823966,1.1316446137103275,0.465375979869944,-0.9078577710993776,0.48759333699172269,-0.17962879226896142,-1.7645283069431645,-0.89352328532910164,0.39933931527377792,0.93286011990565787,0.3316716999931178,-0.16083569145217702,-1.0800025582818986,-1.2863997338376587,0.21098941083777673,-0.50799191487399431,1.2648557780352041,-1.1323511002411328,0.23797071716852547,-0.69793256628148004,-0.34422279382391324,0.27860989683396997
68,6,-4.1165354238454146,-1.916428656360009,0.20490289274753742,-1.5305351687682534,0.73810135636141205,0.73722761577934293,1.8177553304101965,-0.1393395912565201,-0.13687944590781009,-0.27442278712579893,-1.0553178510909289,-1.7030294987550751,-0.28924952258201286,0.4292723954684588,0.57597836425506521,-0.73050200304491342,-0.34308260385389677,-2.3241706929037833,0.14238512533710501,-0.89282262428751358,-0.45848127824067586,-1.1864368717132445,-0.40924091488880021,1.0849202286209914,-0.47396419708035148,0.37331648442462251,-0.95374647566953041,0.28134953171997046,-1.3656948288983233,1.2665208099548408,-0.43131041872391207,0.22399911879013898,1.3240904555685387
68,7,1.3730460735817696,-0.17195015673605521,0.14619372960455451,-0.46854895689262782,-0.21879185374876481,1.5718162111712486,0.17573739734064386,1.138995971727867,-0.98114593393194993,-0.19162976407359095,-0.55665208370354669,-0.40114310196102176,0.76150709121732907,-0.47262369385595676,0.51741416284214281,1.7363305910904991,-1.2451640457355686,-0.44653096762691058,-1.6702285988986021,-0.0026596238767646373,-0.49577870003053365,0.252022281016688,0.59406784534454038,-0.042454594160415478,-0.59751280209635871,-2.1296975317525386,-0.7154306960066088,0.14262536680149077,0.86434290134230995,0.12269414781514734,0.25337719707710349,0.98757627536973369,0.83339840987720981
68,8,2.3279557089185254,0.72180898426068929,-0.56854311966446769,1.5705166954824556,0.081415733299291512,-0.86030686662865041,-0.91318970804255484,-0.50552457528930228,-0.9546370698509391,0.59985958388247784,0.14615936999355814,-0.71028575539675631,-1.2860196313947383,-0.0074529629472937708,1.5051882121680253,-1.9042725159062939,0.48882099863119727,-0.50956398988477825,-0.86372557724560328,-1.2913743432574831,0.63875118975793754,-0.64185584600976087,-0.37223534016806203,-0.62659321099843535,2.0579234923282739,0.74344776131438062,0.81336442536815012,2.4192226439368105,0.13669956672786104,-0.32253068991969291,-0.58550513490536293,0.35877846992316181,1.220373987318669
68,9,-0.17118725310116584,-1.5470420459061787,-0.9237029845138196,1.24627886056522,0.1874809460201608,-0.31034960505845394,1.6864674175579342,0.17093178987995725,-0.36717639505638522,1.3433861696527551,-0.14821966058617111,-1.504969342368438,0.83126676787651244,1.9944944858020979,-0.89955948431660215,-3.1703194794439575,0.2884390915956983,-0.61155097409009362,-0.40349992064091189,-1.1629098235606004,1.0591888836486054,0.52520213971239127,-0.45300068462377641,-0.77537911030421014,1.9687802203799627,1.6924057554038119,0.39268939402072811,-0.52942831746773511,-0.38471821370645543,0.22530812690876659,0.19289126092949457,0.26612957955959199,0.72972860064418743
68,10,-2.1163669162188583,-1.6291127882555867,-0.066342805650251191,0.25215939642610924,1.2709787742410192,0.5206783543825223,-1.0962182696509211,-0.08142866556489381,-1.6019160545015467,-0.19443621766839864,-0.48278112240929366,-1.2704760998697606,-1.5732263107091777,-0.34880490660423696,0.51646789694796991,-1.1577676728726107,0.73148410252374296,0.74025901963986118,-0.023982997926287712,1.4311650770632061,-1.1190902610855928,-0.41652160518535514,0.65452390573931729,0.71022957571972589,0.45237200841850811,-1.0314613360929989,-0.32664908166463796,0.42224246013700217,0.070828461639562273,0.83944014169131709,-0.48857046597680431,-1.2973501414994772,1.0388183347683366
69,1,1.7980814889139543,0.44555713845011996,-1.8175461275172871,0.44157691157809265,1.5545784882311231,-0.74528542764157213,-0.44804673946006768,1.3402478368332507,0.2148813365878455,0.29699913567501424,-0.015097600015729268,-2.4378153962100448,0.13542302671698719,0.59942636639960256,-0.17851216978815765,-0.7484042897911779,1.0017140870255459,0.04728573949746856,0.38130277867647938,0.40829880484834752,1.0861832052539053,1.4829696009655036,0.28412126812792377,0.39737761945166533,0.36051878302841966,-0.051006173001012969,1.4812480838808342,-0.366421750526018,0.72815508186128164,2.2673453702378255,-0.15999612353531428,-0.72546087790766811,0.44399583315838625
69,2,0.68522179948024142,-0.56126419612869527,-0.85479810228462827,-0.57111447995815934,-0.45630196036309173,1.2411589081468759,0.79992273383782253,-0.64392214882347731,0.61135530243987102,2.0665847711047749,0.39742112101972288,-1.5831142082528165,-1.1866452754358465,-0.0084591277165419979,1.2587417514391053,0.038144641605114826,-0.38369775688794061,-2.5614752977692161,1.7755234352443665,1.1866528676145289,0.76103594977800215,-1.4154808909638381,-0.42076858162078024,0.011529916000425905,-0.59860552407390843,-0.26559132794842882,-0.82469650571427511,0.39311004841804914,-0.73781941010287977,0.1810508168509756,0.87941360824557258,-0.35688775013387175,0.099671758881460751
69,3,-1.0190340230621238,-0.66174968355773556,-1.1696234906067229,-1.6377953068580202,-0.8048292224299346,-1.2783628990047977,-0.51466852592081391,-0.55291352968632312,-0.99694475055808041,1.1098215518056933,-0.36741793211784707,-1.3658579289999886,-0.77832502771949308,0.55066652627754609,0.27572514530865155,0.55731480061146388,-2.3844291383884864,-0.64994057943024153,-2.0275886737367892,-1.3895402275073254,1.1728511678232263,1.4586020422017441,0.27326973829501011,-0.90559280761691008,-2.5504726951027332,-0.25101402533580625,-2.0823137382668881,-0.71536501573136335,2.2162789273171701,0.2963064871554667,0.43998732639107879,1.2981159511863551,0.784343587613755
69,4,-2.6620644763917749,-0.8929914065935618,0.11376877642087746,0.086391789393321483,1.0164312965152464,-0.69708943924746958,0.69333185979331502,1.8970273934934192,0.48357628244897793,-1.1956139487013959,-1.3035528069732958,1.4475899520857891,-0.52514286844032509,0.11911463701683261,0.40921671314608848,1.3030848395453867,-0.60971842564146295,1.3263064073615849,0.94919102682371759,-0.62805643370122155,-1.2067435964701319,-0.15237190020424254,-0.83859904659284323,-0.29562933543582687,-0.060320772101019431,-0.094725410995827819,-2.3113220336026656,-0.77135866195311553,-1.6740867995001698,0.17063256377228936,1.1324226096867989,0.91133170857399748,-0.71459020427766395
69,5,2.6735409152553298,0.36851711756081962,-0.56548639678305257,-1.1659837395083252,-0.94036663657647945,-1.8633632257513868,-0.877513044372493,0.61875300634507169,2.0971701560422211,2.9093807165344678,1.5241542021377823,0.48558173083290862,-1.1952232508074103,-1.0899222943521705,0.37743662775085596,-0.814332786244642,-0.6591750767023179,0.25258436803593548,-1.115679467102932,-1.4955756623896264,1.3620921385099525,-1.43010454087495,1.5029955306836149,-1.1734505846479837,1.204443353602588,0.86950324848271898,-1.5978170088179033,-0.5862103669340667,-0.84624962725473285,0.3214395449227912,0.50871405146482829,0.98751392170201557,-0.74133970088676571
69,6,3.5208948168323104,1.0838174741758195,-0.96167012455759648,0.33507249016836943,-0.56447529008474395,1.1585384014049871,0.65029616030014425,-0.1722041625474918,-0.5085307621976588,-0.71737113751237958,0.87871904910747478,-0.66470540722704996,0.0080769845431700859,2.3064591733214006,-0.54283967215613504,-1.3881935084541888,0.979766438162467,-1.1305682634249614,1.9478412148298023,-0.17032498248351724,0.86325915932016284,-0.95455566592602148,0.30886393503455362,-0.00067361511785217975,-0.13892924669447637,1.0321874750802174,0.46308722700422994,-0.17015358767407662,0.050507425448677597,-0.50501676666498985,1.7059004376424587,0.56736280277927209,-0.60445558671181154
69,7,1.3832480094156494,-0.55624924004486809,-0.78313034162862938,1.9311095768228295,0.77713552688076848,-0.37348668912330674,0.75514485664363362,-0.4948994789584833,0.19330821364763223,1.3530193092306702,0.52477071360050531,0.11889769934427268,-0.58923195422537544,-0.81865517715040181,1.6777517552023684,-1.8244071887329205,-1.4944670150729507,-0.14248163852587067,0.42766858849451983,0.63718285296066379,-2.9540902754405738,-0.69285829178651681,0.29978817972082633,-0.46995724085049173,1.4468153602743974,0.74377932281651393,-1.6726325821822214,-0.36547452216294646,-0.50802202877319658,-1.8057631796883913,-0.049828547753417232,-0.73597656812739565,-0.52724190945080318
69,8,-0.3501885040378282,0.80435309979763869,1.8892142670226126,0.89923716757034677,0.347896662665439,0.21470295559240019,-1.8010629196419639,-0.46770321476029486,-0.90658578339545515,1.181974532956559,-0.64230715063891053,-1.384283688583885,-0.85588254754236415,-0.9610576013751202,0.81184191266289207,1.1763060646121026,-0.35977926146424299,-1.6031869452154399,-0.63521766423926806,0.51124760088409804,-0.096945523380206691,2.0576244321838009,0.96345994731023687,0.63318003339210926,2.314920380870753,-1.441409376655717,0.41741877717258707,1.4443530582078414,-0.59884840912131976,0.22969527848542101,0.400073794200489,0.027849825890020132,0.45731856851304359
69,9,-3.1635536956785537,0.40005301381781061,1.3088854886469836,0.11873150968263305,-0.098075940636718886,0.59935788647978405,-0.80857627997081483,0.053337314118617626,2.3655039805780032,0.76407148727019292,0.23075466171028808,1.0663631449782942,0.94483769835192477,-0.38916091447529644,-0.54866670449241928,1.6865693590462723,1.7384829665312365,0.82418693958746858,0.3777102321455435,-0.06012709023076377,1.5963125121809558,2.026406497332069,-1.1011595311906623,1.9283848239656363,-0.3841612367717907,-0.64204571783206077,-0.14526261548069883,-0.76731642824896307,-0.51348811972582842,0.36872376270440826,-0.39115000944838224,-1.1684458809369638,0.80078404063795783
69,10,1.4317277745438624,1.6408064664112167,-0.30869060165124584,-1.8934374860960344,-1.041930182405489,-0.52240775035642995,1.6007840969114928,-2.5410195597032321,0.83830302623903374,-0.11148338161682833,0.20676648355180288,-0.55979564077306576,-1.472986320534456,-0.49596440420163018,-0.59802747902852327,1.2333251936339613,-1.5825771251906076,-0.27400254082848641,-0.68018930980855952,1.0306622625194117,-0.15336327093600627,0.54229866248590886,0.33202782877718634,0.98275049639283107,0.78280441243062659,-0.4605875355905637,-0.19255251314981589,-0.5661094694381853,-0.65432920281460205,1.1974297392490512,3.0980295213714051,-1.6673868797275944,-0.94185554717029973
70,1,-4.0136056646906839,-1.1034943580568988,0.89401759737669595,1.149665523951773,0.04174915789814735,1.4276659312784423,-1.1331843446908589,0.10269654864001901,1.9436802851606165,-0.12924146296239214,0.53322109419385944,-1.9229956528710666,-0.41700944645763138,-1.8830258051636566,0.38940885211042747,-0.95044063052557104,1.9354754298392489,-0.52981882621704735,1.1656971504633027,-0.90606893193108029,-1.1332863598943652,-1.0524198274198642,-0.6624021889239804,-0.66398074162824983,-0.39264584332956576,0.88319800901866674,-0.85410751266844953,-1.763280689129711,0.59063031172105662,-0.9933648883601609,-0.34844159378568945,-1.765700187347055,-1.3609534914259029
70,2,3.1711324276132373,1.4616802475266186,-0.72583031783562657,1.6348655557195007,1.2168165752539173,0.87689274850723742,0.58791625015510252,-0.8364852357463527,0.35799524680774392,-1.4130344328326201,-1.4690010719809934,0.6671595402350724,-1.5271612629641296,-0.72389341797581852,0.070849065938606945,0.38133962448776704,-0.80179945181058643,0.73059991112675438,-1.0804742719669154,0.50294122644304806,-1.2972550542426176,-0.26471461007246572,-1.7863275984667617,0.45676226357223937,0.11565600815413087,-0.86724261633060562,-0.14710258448832811,1.110433015073077,0.03627820237840159,0.0034590225157535514,1.2116698831910273,0.018768899090117558,1.9941952454049074
70,3,0.02879939977064816,0.2999357128312905,-0.70620928049457221,-1.5729221069983204,-1.1062489137526503,-0.70247338397187731,-0.45363915153822465,-1.5831408081052538,0.020635396175576651,-2.6042797842003131,0.17368779176137783,0.70673856426927062,1.394631937420922,-0.53538274136713382,-0.56282505957078466,-2.348586889383256,2.4307411389642426,-1.2023966892912517,-0.42322976896237868,-1.2736765304044249,0.76922870481496974,0.54940489391428304,-2.9760534158167826,1.2435375420462051,-0.5690288851448515,-0.22262543040791327,-1.2971580437513981,-0.40596522637880533,0.1989523669718633,0.21470026320687677,1.5223217945434753,0.083226501196362046,-0.4341412670547462
70,4,-4.036826668877481,-0.33792887053020226,0.75173784283169809,-0.53728585630505654,-0.41827091856486015,0.006148513033910649,0.86009134668520404,-0.66669829859164564,-0.74074037409129834,2.3537341328361823,-0.6985150387222917,-0.30791158402660573,1.8070653402073933,-1.3122494485022402,0.069413438127285079,0.36662509035445578,0.30151899035598551,0.51085770756569404,1.0531161136507048,-0.50847194957113362,-0.26654868268803283,0.094578163693542716,1.3278822529716205,-0.51998347194818262,1.110486135384539,-0.45799530443132219,0.8999490341687828,0.7195897637819223,-0.84754525538725634,1.1555425562205666,2.2424180128691367,-1.0972278430653277,0.1602826293356206
70,5,1.7360024901181554,-0.88647898235494205,-1.505453492881736,0.1387491250705884,0.57787055516129016,0.61333779472227423,0.41492942535501065,0.19070157806788687,0.55319416218371775,-1.6708243034939143,-1.3567357132577045,-1.1574277794049095,-0.46998051005973418,-0.68125943616598728,0.0091039602830059133,-0.028342606267356001,-0.81849743271527664,1.1496933082296013,-0.92117795134946923,-0.39196018971298668,0.14553823679764058,1.6404361110645584,-0.35694419401911731,1.5412173187249647,-0.93966904117606398,0.42714037827711038,-0.56019480256264798,0.89385307179240192,0.42878242491240659,-1.3624080777253553,0.026915279635655241,2.9033067703945674,-0.6538794602098229
70,6,3.3192085828223794,1.1273760677343847,-1.378392635175208,-1.4861537604275721,0.53904066778741666,0.66391844596057215,2.1294982958982125,-0.28680988214084013,0.71860464074091579,-0.45130208832432517,0.24593876893124095,-0.91835546875083041,-1.3814359571730688,-1.6569846951262004,-0.34488083725990221,0.77679109984371486,0.50506208688792797,0.071466085728449466,0.51430170762959648,-1.0394848832019381,1.3195921889433175,-1.4407701719816559,1.6409629727869455,1.3773126256963499,-0.84177139965458014,1.6327375697376023,0.42255283130184712,-0.053718412284860725,-0.77072961834505727,0.036255795589816481,0.27364040377653731,0.46169636001767073,-0.089820091330221646
70,7,-2.4394556773227469,-1.8373015530420385,0.5162260774917794,2.1018248557602366,-0.71733760376976718,-0.33114257139783954,-1.225115833125441,0.14997010395759544,0.59054172078195877,-1.5697043229896221,-0.97122983825611164,-0.035265675429342704,-0.25643043531247112,-0.58775455425864753,1.7958142196388702,-1.1754000328455225,0.47483176837399055,-1.2166513999453832,0.50684679084009432,0.087693745956971617,0.086200234739247775,-1.8883499918268458,0.63446412684238362,-0.66600580330788339,0.10815210067062686,-0.21797793728648607,-0.02512082489559498,0.21167056065433662,-0.53144854572901878,0.48203401464607176,-1.9421779876893228,-0.53559220244389816,0.30151863974323084
70,8,-3.7352168495870508,0.64747785087865528,1.2565031795623098,-0.70939013576785004,-0.50972658667130821,-0.20454479267992237,-1.2106943835246304,-0.89953037945903191,-0.59000272224326655,0.47478826404288182,0.22768948775734449,-1.6592540480739579,-0.51600099773054997,1.5798569005363181,-0.46357594265137275,2.6672192996867543,0.48264894552009785,0.32963680903550768,0.46604901280696082,-0.805918408098378,0.11852573110395405,-1.6776715296672309,0.70764947168003867,0.63679971962125903,-0.11815036106120524,-0.47015794681441347,0.79127016027016206,-1.0765353359360623,0.23404526921635152,-0.91959697435379395,2.2253011733007528,0.3127314059071426,0.56068418504152295
70,9,-2.2902895306829105,-1.0638389993839148,0.7229269017518607,-1.0628745472726069,0.64301904753366246,0.41357023100544277,1.499660340414064,-0.39201339380247274,0.88223599323808255,-0.061680052543140317,-0.33353093662614247,-0.84257018946649831,0.72093614835354225,-0.90648433644663573,-0.30660994454016899,-0.15648624994249635,-0.54148844988412248,-1.1176199775715736,0.89601513422958057,-1.0387445835250853,1.1485863320899516,0.074436740041091437,-0.42189595666242036,2.4023475158392182,0.75091636342284562,0.40550983031129589,-0.87122022843678404,-0.35539625342840109,-0.1011300614437164,-0.63181082967818358,-0.25826828096532112,-0.13654498130619047,-0.66806499811564268
70,10,-2.0516183842082887,-0.86642717275384828,0.0056758761341538649,-0.97416699156117736,-0.21862048992800573,-0.019765204402085439,-0.76633047894958639,0.047534230924139741,-1.6056570387617981,-0.29871462476835031,1.0485865500070728,0.80263068047069452,-1.3926894548627451,-2.0886290127916944,0.15812184765796394,-0.036813939520501424,-1.1967064238662963,1.4037734992207356,-0.29098960697764842,-0.10549524248178115,-0.73854232758628025,-1.8836562025691186,1.3063437484257945,0.12346383549937402,0.29752986580200375,-0.11623397165111819,-0.30795785425584415,-1.0942858499800421,-0.50036238701513513,-0.42680221789117651,0.13464776411182275,0.69089535448844541,0.14744843359980878
71,1,2.5706041383826466,-0.12399285541478948,0.7130178328324559,-0.31299090630939341,1.0434416830955497,-0.46931107224024754,-0.63895196168501844,1.7970457474829131,1.3006425888925603,0.7828676732200508,-1.4449156204225257,0.36955717574569175,0.83964336968562825,1.0427228467625531,-1.8099952691151144,-1.9906556782707188,-1.209728186546084,-0.12717743435913195,-0.40548572948125922,0.22525057072438026,0.92364417978271829,1.6150857589563592,0.25522599362836956,-0.69039462376126148,0.045902840221431956,-0.61959082075499694,0.20380069535101911,1.3731331714271939,1.3719714759650787,-0.19538178042836321,0.77661176664729559,0.39022563974637808,0.47875189210588659
71,2,0.21372919669797966,-1.8840567469684242,-1.8646229931752463,-1.446797676707245,0.098945395024048047,-0.45344974750856781,-0.96523346870953619,0.34070675214782886,-0.99240146296340948,1.0858439919099228,-0.20574661330676355,0.84391458032190592,0.71032111885820937,-1.4003708455906752,0.19262576449199234,-1.1746706953436983,-2.1785431621109339,-0.73611529187443614,-1.499276355140186,2.0967510523310278,0.57665982142797245,0.77974521791546303,-0.033201600938265324,-1.6704899034612684,2.4948327825429577,-0.91883896094107009,-1.2676925323760582,-0.92505923815760671,-0.63249161006019738,1.6200267010606031,-0.17173553743538869,-0.51661682535739251,-0.87259149979093042
71,3,1.8008994903292874,0.78807354547170849,0.99198071338501437,-0.85130317128323307,0.54813417200851988,0.69454867632135664,-0.48837452795987424,0.23639644104323163,2.4872537103624683,-3.0345561074824499,-0.0101458033142981,-0.5285129610875301,0.62894253999069971,-1.1473120144521054,-1.013153139410742,-0.22328424442202907,-2.2124833740630412,3.2918310239847761,-0.53404895885476333,-0.42811872614391827,1.255902399010556,0.18626406444467355,0.74799489237570205,1.0934165888909779,-0.27326013043654379,0.078241147265783212,0.95832790809284429,1.0637988523301312,-0.84724069594910234,0.033823953286549031,-1.0360649798942132,-0.84717959188561442,-0.45406660858343761
71,4,-2.7203563683263967,-0.73537005716693982,-0.12042351508845711,-0.31559449858110705,-0.39784170393957052,0.40052902337069518,-0.19097751934262336,-0.0718694558194235,1.7013369178236981,-0.58554833284693308,-0.083419292524984881,-0.32107058690303963,-0.28512136951347311,-0.57609760680452882,1.2121393679833421,0.70525167241772801,0.07025944904266497,1.6290473894689557,-1.2021984392665865,-0.8038620547902422,-0.63006385309451474,0.33227385273947474,-2.0777010146914159,-0.65595331206347207,-0.47184741467765734,0.43252172260506622,0.76890058805940475,-0.1982144799567091,-0.32564654009936306,-0.2107927412334297,-0.068428743649678075,0.38569218316996917,-0.55665448807544182
71,5,0.8865811652780391,0.069566704036499991,0.60455722264357714,-0.54154811299673822,-1.3181802658252806,-0.55653713650231695,-0.023726056464433931,0.74407130455521686,1.696902416578647,0.77731050261394619,-1.2310349818837405,-1.3900721724822529,0.88754915147489699,-1.7151237012282645,-1.0848744958185323,2.1083329211170008,-0.50670052104393515,1.9946797031498855,-0.12937795909948618,-1.8712447999814887,-0.028614203098068995,0.74057242305526194,1.2758905171037738,-0.49090078956988992,0.87890363563842888,-0.59781484876202307,1.0225569989820265,-1.1144931725330491,0.43196466917906651,-0.57654069788493778,-0.69636621533585408,-0.23516622016760233,-0.4046633224678074
71,6,-0.68027911384986384,-1.6991476251350597,-0.22342960202652304,-1.0289075490268038,-1.2660922348754777,1.7664551057122415,-0.27930715352687152,-0.79014550004337114,0.65663880269331498,1.6500014339284432,0.11118766201506412,-0.6262240575444078,0.096276148893607416,1.688109767189234,-0.72231252712856342,1.0543595915554687,-0.16260858408851225,0.10073208994913924,-0.75869687177106582,-1.1974654117463503,1.8215921339954695,0.38036998913149539,0.58827405876397743,1.5724209716939195,1.3050973507481363,-0.04754912196725538,-0.81917686832578906,0.15944763703683101,0.98650927030596924,0.62977214135253856,-1.3503417802709807,-0.02482131505888863,0.92479542300753181
71,7,5.9325138230926111,0.20381405966079502,-1.2199410986104617,1.0082836899589078,1.1766872485294373,0.26385131713011262,-0.11836787310894434,0.35601864186223725,-0.55855393272507436,0.79035042739871386,-0.36864300329939664,-0.0099345058443320051,-0.18194323060560333,0.4882293018622349,-0.45660940905495168,0.86378955665662005,2.7747739272875447,0.11134648120281262,0.50377414304829304,-2.4487278332153237,1.6269284472975976,-0.26464589597859428,-0.55479204013992711,-0.73815062890252059,-1.2549651961948092,-0.15118863449804984,1.8609566720430211,-0.25901193511695364,0.46136867181399355,0.54529815456215291,-0.86616499637754008,-0.62925017822301044,0.058499913989836859
71,8,-3.5366145783386855,-1.2846933531466411,1.5041978077680453,0.75004447126514195,0.24134490263690628,-1.0231898503971761,-0.081165800316897671,-0.96118837782860678,-1.9741206091757713,-0.11351869987074377,-1.9230408112026431,-1.0316524450706113,-1.092805826772288,0.25357934130136406,-1.01041700593659,1.7471205964850844,0.66004846237211834,0.046130052916571719,-0.34529684009940315,-1.5179042597748951,0.1655919637386839,0.20158123023987179,-0.8999101484544566,0.48664055564739744,-0.57050830263736096,-0.80342769401884695,-1.0309373314597436,-2.4274089395253124,1.6572650719638893,-0.93174416473059396,1.5867892071927541,-1.1321881342971083,1.1327268853830723
71,9,3.596937720120728,0.75078364064233993,-0.081410959767366967,-0.18736347861286642,1.250899533785655,0.50776243908538754,1.8033718894644315,-0.51124931123378647,0.63123816305136593,-2.2014361319486251,-0.082335921324993816,1.9640113005641038,-0.039841565073243546,0.2206832335254931,0.51495030412246745,0.54544160074653114,0.26700806524980369,-0.36650073409178796,0.079676375141924577,-0.74701466872507183,-0.17762304948367935,-0.27991785695381055,0.59858509078632349,-1.3882594017048502,-0.30684439817135456,0.44176073656979731,1.0075419245563637,-0.6897820993590611,0.050866003961732416,1.8275811882840192,0.73798131833011538,-0.5107386171299666,-3.0001662369437709
71,10,4.4395983647460175,0.20649702455235344,-0.19657857950881708,1.0466062580844391,1.3025194219944913,0.73424993157168628,0.19065114823768542,-0.38950783283249507,-1.2647866838663404,-1.0670446579794342,-0.93842034827545329,0.83199963361034068,-1.5304479992657389,0.17307883187336412,-0.20561210855010092,-0.77118740780867034,0.033543500732977918,-0.35714230197454394,0.21370245026706214,0.60147794368107899,2.7950517349864739,-0.68461588926013095,-0.43212171176228681,1.3106374600597308,-1.0603042848681188,0.65651687326651409,0.5150690469872814,0.094730467688499631,0.31363941530904083,2.345328218659894,1.5264446272661307,-0.18138201804779239,-1.0872462390335165
72,1,-1.6573525317511446,-1.5986742760818415,0.32877646358204904,0.39724761501026101,-0.4344166944638716,-0.26723409456728897,-1.8079264820089722,-0.73361940359385158,1.1570450062548572,0.6769545868098874,1.0903850116208413,-0.13766586476490303,0.6285650204974238,0.27824312914203103,-0.062647216813368461,0.62178805728486741,1.528959114742795,0.26470665480417266,-0.85749582858936724,-0.5099547486718935,-0.10370351142196831,-1.8501684687744913,1.6157827864435943,1.0222750090244694,-1.9916142418963911,1.1013505302829896,-0.3999072630964145,1.4129479671111629,0.78939581741947296,0.91848265944875096,1.4204364089188286,0.29772771508018525,0.77877720972621223
72,2,3.9131285396392093,1.6532574221540202,-0.0062332257337119933,0.34721600444945755,0.60998514894663169,0.031923432023402067,0.49926268960171677,1.3539430457865309,1.158292042141448,-0.67375748868654006,0.51233956301869321,-1.3222593100232705,-0.95812813131342678,-0.03562465277194956,-1.1544023932539158,-0.35648714408552779,-1.8039537405553536,1.1317019397924253,-0.89377093918600792,-1.4762169425004521,-0.51288824019496082,0.63498584052712503,-2.001613540131745,2.0902892185986524,-0.60889361300081102,-0.45400584067461003,0.17566216233033632,0.58922829184888004,0.47907807923417223,0.54731783389494404,0.35546107147392225,-0.35620830843841927,1.7751204362120623
72,3,1.4784337688575917,-0.28610299163863523,-0.91765967423274131,-0.24279871452169396,-0.10311366065326101,2.4805060998991166,-0.079759390727753163,0.38219244334268498,-1.3028197924885871,2.0302868330129225,2.7329524173330331,0.51979652799366427,-0.77773785546209684,-0.87066806368441318,0.024473208230255776,0.86976965258196381,-0.96573617279317125,-1.7047158980041019,0.30937879157891168,0.14694521294649723,-0.62257995194923321,0.67125730555235208,0.48843482301148755,-0.55622356710155429,-0.37064723521473758,-0.25448723952926755,-0.78712770579446589,-0.39404780924140809,-0.41752438545839793,2.1985859157755834,0.11670936193048935,-0.78877724864028398,-0.44341703663611293
72,4,1.0458740176289676,1.9953815697882815,0.26238737518841038,-1.2024090284746483,0.72065769795803047,-0.64245730415719859,0.82868211237516043,0.032542413419120175,1.8086011025712885,-0.22659096639411527,-0.14024061478935007,-2.5429627560142656,-0.66906981566769108,0.12547360338088748,1.3838227306615019,-1.1489273221567287,-1.0295437673817474,-1.100682867660475,0.25945345643904572,-1.3108150264621297,-0.79386385170779783,-1.5265122875943191,0.40751009695273965,-0.53781204926453186,-0.30984686746074891,1.5003795386753225,-0.29651367034492265,1.410060876466338,-0.18014199611895085,0.14086690605343041,0.043776322772776995,-0.19370194643480507,-0.06225335557924451
72,5,2.0477028463123492,1.2521578436765053,1.0488070336504358,-0.47913536888765335,0.33792620081582975,0.49087882573750197,1.6967963558623109,0.57722688688452117,-1.4542190097524788,1.2192393298657684,-0.18327250042785037,-0.72754138962643145,0.26085388237820256,0.67834097211415789,-1.1845225245013615,1.1912293425245799,-1.1369498901638706,-0.12117639300366256,-0.71413690622997794,0.50221363205309588,3.0878151072238711,1.1967856433314836,1.4483200086522601,0.76756724240948193,-1.1176068560943042,-0.10561460898254361,1.4070352694077388,-0.35551046561663724,-0.60371883785840141,0.89244273635384541,-1.3501479964070051,0.22112616617938657,0.27929488967719401
72,6,3.3591284316870489,0.42435716184825134,0.044143117139637575,0.52271545123916485,-1.1881894745066994,-0.30239388612005819,-0.6945457202777886,0.51239457334231631,-1.5330634498742182,0.4092010754955327,0.38632897982766545,0.19762103608814677,0.010445482784563035,0.82004679220571508,0.13215633087420767,0.77485183194804441,-0.47569294052629207,0.014786277144562916,2.1098341304865409,2.3087969824110126,0.023792635703888038,0.55375747451736934,0.10869083926880517,2.5039817592951357,1.3870954981010357,0.88510319281256478,0.89295242384738416,1.5305387290779957,-0.33918810796689741,1.0481279070250151,-1.001443185749199,1.2970006235078808,-1.248223114587153
72,7,-1.2486008598086134,-0.52829957343392242,0.27075881502908744,-0.25650969919691302,-1.2363500555562956,0.75011945454493445,-0.18328836313399097,-0.43763949097338173,-0.29498593975327081,0.06400692863555392,1.0594614298442993,1.7089064786790735,-1.27291973513093,0.82442785651792372,-0.23013545708342559,0.0023561376750258606,-0.85745483499800701,0.78975224153906398,0.084074386705608128,0.46514549668078276,0.17536100735117371,0.0073309382862157615,0.42960475192051922,-0.11564681064624679,-0.11708672435325186,-0.96067970450536966,-0.10287175964827179,-2.1757277010931291,0.090708783417285763,0.062340876193907005,-0.25700275476848761,-0.43546358174466121,-0.48965259892199281
72,8,-2.5847768718369712,-0.38717403924665167,1.2016729986498993,-1.956735196237519,-0.0018239127152311317,-0.40892338333192574,-1.7794750571284277,1.2950332295395699,-0.75497544186442411,-1.5650053362425767,0.37109327293761646,-0.45398922640460548,0.097476446488741444,-0.94227987759732068,-0.39778438888916218,-1.1524783587771887,-0.0080063122406029228,-0.65158459130599289,-0.63157011232847582,-0.20320601526069759,-2.8555108415530985,-0.41661810088362894,0.54800457831846749,1.9858783336281245,-0.36750970840314567,1.2860046062505113,-1.4054963814080192,-1.755061112129378,0.19915928936102884,1.1465848196767863,0.6144684036910204,0.30905526505524927,-0.14677451529184371
72,9,-1.8432311532856456,-0.41671595614951062,-0.12396350905252793,1.268202584740989,1.117994605383851,-0.45638628824292099,-1.6950395267499831,2.3129634156734857,-1.7046742418034184,-0.78092442301446729,-0.61600403488331845,-0.88757763114569899,-0.39395490386928783,1.0652513413115527,-0.37397921917402854,1.3949132019479267,-1.951265032573881,0.063683958095819129,-0.38704716165168018,0.49101596736587583,-1.3150636102073727,1.090684510927294,-1.0435696039893974,-1.0003009520520776,-1.4259013705772634,0.89147902560808334,-0.69130644876831271,0.07083081377143137,-0.22743733371683478,-0.877289369702413,0.21641981275820749,-2.8424629883418859,-0.3552379358813017
72,10,-0.31314953668448192,-0.43486039242586455,-0.49189581144371208,-0.45169606749648505,0.55544057207214148,0.97240395545561298,-0.51278468820257528,-2.8267359614405825,0.40653619807180974,0.43850501613537513,0.90369894712835797,0.54239865568489132,-1.7218305087313379,-0.22739540114853607,0.77079554913066672,-0.15056404780125018,-1.0818425148092863,0.24338117745388235,1.5796977264407874,1.6232990997767593,1.8350449742684292,-1.0689802813921554,1.2959166370705784,-0.63078676605323003,-0.15890892826071815,0.84431612336967488,0.45112271660930936,-2.0011987837541061,1.8376075111756924,-1.5748337173582196,0.92625613441281784,0.3057201959475756,1.0938312950396736
73,1,0.88828474415915659,-0.29810480199433509,0.23680937605822383,-0.66527639962868945,1.5097987673158384,0.69519990681539423,0.25835684560572358,-0.56761452219943154,0.13123400851962197,0.70457090304466385,-0.68128976266375207,-0.84427461175330931,0.089580832146114689,1.3433345353526347,0.057191677387053642,0.43255477254584901,-0.60243014635779601,-0.041214897273615964,-0.68774632616567699,0.50044630217337183,-0.60542950697141706,0.1071278513316138,-0.11446289764513837,-0.34312089651402583,2.2019833304554539,1.8911855071701229,-1.36044867345347,1.2846152614941031,-1.2381213044908945,1.3280880707167593,0.1181336691410005,0.27074341378731859,-0.70461155124900099
73,2,-0.22680375834155395,-0.93054865013109145,0.21237913555766486,0.31163697862064349,0.35127068679917994,-0.25091856862432521,-0.51781112597894496,0.32392425297884181,-0.59524108838747969,0.35557275354142581,-1.0102232505554825,0.36319629073643916,0.89115332894328925,1.2758069864059505,-0.69950512901983941,-0.65149745903542056,0.85524373195120995,1.6952834972704107,-0.59392542803484016,-1.0862576006987896,0.49148862324682113,-1.9461611976884627,-0.017904326302260846,-1.5854318973812245,0.64241972335500519,-0.52637557425436976,-1.0281861684745135,0.91590988011474883,0.5913398878944548,0.0021103381930224654,0.41462427944824293,1.0118696403400729,1.6633410094527505
73,3,4.6953403426745437,2.4265125142746777,1.5925580290696149,0.66336213500386276,0.35504854011781001,2.1881474374939853,-0.51501397157793616,0.57614476115488966,0.86939396620652232,0.14032819327218063,0.20382127941304987,1.6638809516211284,0.89459442028355618,0.35417633567402146,-0.94286064149481075,0.59216160248885519,0.36680872927600128,-2.0060424717038234,-0.38966594259581588,-0.36353928504710409,-1.1988115412399896,0.32386081283260365,-0.98533415894821275,0.34371770225448001,0.48476916815936233,-0.054906044593485429,-0.64663204600913238,-1.4969033682539297,1.1945761762050555,0.77042150865286252,0.98372693097353126,0.29712766572615351,0.21665682861844071
73,4,1.5293459637894389,0.46995524604677896,0.27842220226539122,0.57117381601670425,-0.87673000456534345,-0.29266973628399978,-0.97240313175947768,0.3036962059668466,-0.025475055676284452,-0.44706472503394817,0.31450950399826683,-0.44152223235867494,-0.50447759952485727,0.26344660217378463,0.65163514205319129,-1.368748808925665,0.41297532259649256,0.86938698412594284,2.3318373451390553,2.0152143015750994,-0.83506468980033033,0.32883634953089308,-0.74856199287301517,-1.1805694801702529,0.56683217840593958,-1.6571486758134244,0.64885331814332758,0.03959210324961801,0.55206068394115926,0.21976859347846261,-0.27323747796175668,0.71337993687422074,-0.39249526554436787
73,5,3.3248008674185856,0.37513905680965137,-1.0671891793321595,0.077519426944592171,-1.3681222409197544,-2.1442212583874083,1.051058406318599,-0.63216372464359871,-0.84211777711034719,-2.0469847343038125e-05,0.41860260570706581,-0.86344696971570511,-0.5311080815623459,0.16455810622723732,0.09082835467561351,-1.7412694540049918,0.31157292219664351,1.1178623832638033,-0.89268077578616545,-0.70984848606398065,0.12089519604422864,-0.25772570961014102,-1.315011561878227,-0.79696416388137603,1.6251029847442913,1.8172771325123174,0.83324608704731018,0.30009339968775994,-1.2904324296782448,-0.8582016301332176,0.77618988639910436,0.43022005660491214,0.097830918025588992
73,6,1.3029911773863065,-1.4612761363801321,-0.69588959003993078,1.0988605108256131,0.24886477292488798,0.56634585989505604,0.11287833613384585,-1.7708018513396813,0.46201868827012837,-0.16280207758866599,0.68035129570234876,0.66996125417911867,0.27776263614543389,0.35119024744514438,0.4356615064054169,0.58588946828296407,1.0635463232404401,0.36019062590567696,-0.12114414566415363,-0.8893782597699309,-0.53927186708903885,0.36665922281851893,0.43860609017613322,-1.4271679699955331,-1.3415995967846506,-0.74559981466781777,-1.3272849737763257,-0.6740306755333626,0.046152167437126378,1.070151845669238,-0.12069227243440692,0.21900557397916887,-1.0510028660883357
73,7,0.60323185622112108,0.12735123967766704,0.12886695849946878,-0.76619591859991731,1.0432651881412462,0.65753780570870368,0.078030788991842723,-1.2294751628504479,-0.41278385043770971,-0.69793111769513261,-1.0284570986583759,0.45935580955491473,1.0103365778851727,0.32227613262114169,0.62895297224130486,0.79485544733879887,0.35243426515718196,0.61773608948377889,1.8633076477106219,-0.39824446609838332,1.1125783351454006,0.78727464458962415,-0.086503051558962402,-1.0002416014772881,2.1763157684817869,-2.070045150565218,0.029800770966436702,0.22052818355053608,0.78510876765962867,0.69744245093578427,0.92317173874943914,-0.68792477806027108,0.14415619167795068
73,8,-4.3725193103537441,-1.9153504829726704,0.80082242427477646,-0.11091501733351895,-1.4502597067371708,-1.3870165249934663,-0.006777989604669599,0.063724173281433233,-0.95196368491262018,2.8088802878610082,1.3128499798856614,0.88461045119642601,0.73252388953987257,0.90890085596333292,0.79741295623269104,0.71156494005727822,0.79913408277128539,1.3255337853085212,0.79984049384086875,-1.0738354346850245,0.51728822511345196,-0.58027475374278581,1.365398686152747,-0.28110493407720727,0.030590001742476391,-1.1495296593040381,0.90727964311401121,1.6369242532878101,-0.45259177335048217,0.15284602709274031,-0.78751546944256534,-1.1495254077374717,0.96002033115147301
73,9,2.5544691187833282,-0.45656404514084614,-0.97473506123768661,-0.07761751841080225,0.25874183987263699,-0.18383802921985512,-0.56620666564132993,-0.67741712769552542,0.25959521905745986,-0.28391571399679844,-0.60814053677330848,0.067761707797060172,-0.54062309357938798,-0.20296115324518538,0.3814698254549746,-0.49866285931125037,0.11530095675036495,0.21348451365270391,-0.57664180770291396,0.54515590036232719,0.77111553986844694,-1.0387743431039,-0.62125600219573829,-2.3154980959744114,-1.402476162958916,0.73541664578477139,-0.52490966044231779,0.47730263324665395,-0.86750223818628736,-1.196320359792524,0.89853146402950157,0.83523821207230964,-0.11522554001288603
73,10,0.20903343391719298,-0.49710361910200335,-0.92072559810446775,-0.11251361992013569,0.35816391449676382,0.4211045966425912,-1.909254519165241,-0.46380259533473089,0.23964034633216255,0.57834113902162776,-0.33123267267566348,1.3085580318900485,1.2278952403028669,-0.65266551241187998,-0.60816879179547689,2.3943072924462907,-0.77000060217114696,-0.74392741295279374,1.6503995816498382,0.35852023464384414,0.40338281191306763,0.33385180900652406,-1.0725061305887833,0.26180441752608602,1.0348106026369401,0.72204715459648938,-0.24351901059150233,-0.29042472799294822,2.6236455990388441,0.28289252374911988,1.2701485095042711,-0.86356825324903075,-0.73400458769961785
74,1,-2.7166355524867689,-1.1694175771311981,0.17590821226283196,1.4439163078591866,0.82959167548574053,0.92008571819195062,-1.6223488796890539,-1.231734222278339,-1.297648552298845,-0.89684726258952963,-1.0081979460997303,-1.7132070951805685,-1.2104694165728125,-2.6451907537164021,-0.67170790779314249,0.69207429154776567,-0.53239184263196782,-1.1754033716249748,0.26656663115171891,-1.305035503726508,0.64999817490297485,-0.71983099452861687,-1.3107656785950021,1.050169250038389,0.67694443748191713,-0.14621591464274336,0.64380112164996106,0.20148941697411607,-1.8334037725700201,-1.2920278386460065,-0.86349446202574009,-1.7631447049957643,0.093933844893476892
74,2,0.90124025739574665,0.32178876559753861,-0.61805885665833538,0.16867099811008096,0.89469247827754705,-0.44276567530924216,-0.58529066305414268,-1.4980205676087861,-1.373809928016444,0.84545198539127331,-0.016349537009182898,1.3956333853010938,-0.66563957164815568,-1.8174705479597715,0.028162063624288244,-1.8210279775382596,0.53894021669040992,0.043948739015068343,-0.56354668471546787,-0.42992673112026264,3.4834008983788167,-0.24874606030979443,-0.88457353211184886,0.68275277850415816,0.46526927560616732,0.73698879954276608,-0.9059569937062365,-1.0468615328449711,-0.30820650043319298,-0.6221018167043757,0.29538730308689548,-0.16730036300055223,-0.014938807609762557
74,3,0.65204281947524201,-0.45750891483131506,0.084496188291359089,1.5492724836486425,1.3173230623725896,-0.71348245465007099,0.23983325948092368,-0.35479090377075684,-0.30156433210097633,0.053788056909407377,-1.448053626107044,-1.0230926679081833,-1.0862139906987089,0.53647331873178239,0.38408714613590639,-0.50850800243386796,1.0665909684334776,-1.4842584361069671,-1.3960632410087654,-1.4673978436020096,0.080239790119734311,-1.019609595644337,0.32753405189664631,0.19611307768141487,-0.88861606371340363,0.72195623570284095,0.8978679490574798,1.2937922150238303,1.0287056958654506,-0.78959363381807268,1.1280446115025085,0.11484675593129359,-0.36053972028722059
74,4,-1.4976318243300184,-1.2526366911796982,-1.2692787216704966,-1.5277098302299785,0.069633612294700928,0.21794117310137032,-0.072455795374954168,-1.6818034213577333,-0.53387575966545731,-0.54692633842867122,0.1232725313639659,-1.2778221110393599,0.86199193287010234,0.50229896816040032,0.71184638941874823,-1.5377447675180209,0.20273043198096755,0.88347356476220396,1.5030636077348105,0.14986100546447892,0.42447607713080243,0.098189336400864968,-1.3107517917419593,2.6578960058229431,0.47941834209854578,-0.29288653268417858,0.31778284874934537,0.15268543798502046,0.78307705802070149,-0.83832678626713641,1.2833778976820676,0.63619165237182052,-0.59734817427669584
74,5,-0.83100594878402045,-0.5828030982429232,-1.1417149817919265,-0.27359587468754709,1.0227053519340179,-1.220885761255214,1.7860619527621731,0.68911488351551031,-0.43254869561960102,-0.037143289912323199,0.49583255732897835,0.1390544936637739,-0.12243130288175721,-0.81967303051178686,0.39978225846071724,-0.7762543370467172,0.13025000312476182,-0.4913192959843487,-0.11420992957019509,-1.1569286220348605,0.04654901407746348,-1.6136832372574741,-0.38786870356672126,-0.93143755428690134,-1.1706626585241675,-1.5175261725227709,0.81228460190779095,-0.94227354928101004,-1.0888154683933544,-0.49076405605656837,0.3913320711413571,-0.29449803934252883,0.13275689456434206
74,6,-1.0122544954126858,-0.32101000978690114,1.2738251584334215,0.037661200219553201,-1.4149483262845446,1.2469441228777018,-1.1565355706951645,-1.2015420493489843,-1.5435550675649572,0.78129965924875489,1.0128144224205886,-0.22349852267259501,-0.36603750338243612,-0.66695001133718435,0.057504087399293878,-1.0612602232411359,1.7275322430597861,-0.030990288566698859,1.7924730868401801,-0.39271659595750597,-0.70003349785853275,-0.41003481542322534,1.1377126357395162,0.46353265947696071,2.9412709401850639,0.48652312418381405,1.4489873527544581,-0.35537677063891926,-0.99890952593465221,0.083115542681930762,0.0041807813513674123,0.80922576074121411,-1.1168584922037412
74,7,-7.0686233440256112,-1.544457235018363,1.1618724672943217,0.59738643604030839,-2.6477681733677683,-0.85441121739818149,0.11725927135475468,0.95428617034441299,-0.8126891153407797,0.067401562128070053,-1.8317788227451746,0.81267505801670892,-0.014831094874035356,-1.6738542270836496,1.1013855458579644,1.0107191331984111,-0.71574637529622409,0.31625888326046692,-0.16725899459236593,0.33416683853642026,0.99409864652516955,-0.15845279855676186,0.50389700042898089,0.80122896321442394,-0.44322268500766054,-1.0892774749913454,1.0626511634572171,-1.6181260574772505,1.004346559443843,-0.69800747246766282,-1.0984324948348159,-0.22137930627712299,0.9793426725083465
74,8,0.030850736543080237,-0.32535031926213914,-0.5134196384663009,-2.155631377947905,1.8260447658049808,0.94988402907591263,1.9538069964286557,-0.43701711248694691,-0.56714103459974141,-1.1185641550733532,0.33240146367166085,-1.3666143503300932,0.1234404592018488,-0.86550119220017263,-1.1773182510176206,0.61086645837987463,-0.039060774369878842,0.47132712231096735,1.7089502265112857,-0.04342716483467754,-0.22073978343536185,0.51709457416736382,-0.21382680140633561,1.7823704514066296,1.260497501151689,-0.2812276887794859,-0.044379568599326701,0.70324400531023534,-1.860913945339842,0.123748916557318,0.086064216993966478,0.49041767403032815,0.34794826412357938
74,9,-3.8477961348589691,-0.42886704624075628,0.35569680184991653,-0.011618925472587893,-0.43446880898904727,-0.60102469735079078,0.41767263135940164,-0.59461194376815762,-0.5585202087226806,-0.92209574125113225,-1.0977222074741773,1.5748304240543223,-0.6708158579057506,-1.028273891314508,-0.70400866097477799,-1.5411837352776518,-0.66556077662123037,0.56181038150941842,-0.088417682479234289,-0.48781459529933341,-0.43173745757646237,0.52360742818259132,-0.70956809326476189,0.036986704075252813,1.8878323421774619,-0.67561368475489936,-0.97006525073056182,-0.73214336105353994,-0.63158591249294105,-1.4714255424395128,-1.4922450136127898,-0.43026209635043244,-0.42002961533926442
74,10,0.52508531833624794,0.60221510139215761,0.40421317823081016,0.4796753298835974,-0.77807394492202875,-0.4692975927076658,0.44931852608559009,-0.08869636303402105,-0.23305298063567828,0.5146508444683755,0.51285259136688832,0.47454332784579478,-0.21361366468348111,-0.12386711216353319,0.24274914404895537,-0.66863433257934124,-0.50773432700740873,0.55496813494482355,0.3506294602961284,0.22113446415489046,0.12054797703937106,0.091398538852886207,0.41396976590129769,-2.1274357048279557,-0.74656143458689916,-0.40613255400061338,0.61997844527082724,-0.69464466703879002,0.17214923339319638,-0.34440447007748337,0.70740787675596573,1.4987511752128908,0.26389044298451614
75,1,-4.1445042984536338,-1.7064738989363224,0.32271083903291936,-0.5709979445176655,1.1218269777058589,0.94017395150060901,1.4295951327006173,0.089443947439585822,1.066623626937508,0.83229266770930299,0.15388713852327557,0.71175135677461399,-1.5798452235366374,-0.19132672116619576,0.11308849229997178,-0.33820769645674881,-0.2507650641670866,0.88964549321725872,0.047195046603434293,1.3255135163004181,0.10236960234165243,1.0025107987763415,-1.6978551447625667,-0.58339481389053294,0.16156071453275042,-0.40370249007340159,1.1312167442974386,-0.50101693754641485,0.69232869056815549,0.16322688182169956,-0.40100060606835952,-1.6205886161613763,0.48547894394717028
75,2,0.13767277617292167,0.72515258577534869,-0.30927163470541097,-1.1253125437825175,-0.16512075733938994,0.44425634021027133,0.78741644499601549,2.3328012240492129,1.2033987140397764,-0.63400634643737686,1.7042671620568464,1.1453968542566235,0.055543115853083767,-0.55127881248457677,-0.18941776396786017,-0.060525985551091392,0.30897933070213179,0.56682049789794187,2.2339545339261497,1.5587703475743875,-2.1215558224774869,-0.0092969171940692728,0.95942797107711608,-0.16303433013211938,0.99519873091501354,-1.8856372501483101,-1.0678681388569098,-1.2364211311666147,1.0854912612898608,2.1963339100327413,-1.2393828790743799,-0.35863769698244369,0.93200335709773741
75,3,1.0659209427165122,-0.41601199880823297,-1.0028275855650004,-0.85592939145431735,0.51307863699429224,0.30721907816790478,0.76124897446520767,0.055570482631918702,-0.42355485391941533,-0.37146275685723368,-1.5588615386881299,-1.2066606606277881,0.44313195594803506,1.1285566496919788,0.1247080082215254,-1.5676434951631391,-0.63993568922679034,-0.93210489849340794,0.51565437138484971,-1.9855042556906768,-1.32431380362438,-0.33192508583408609,-0.47974590697606118,-0.67830058604053811,-2.110333321949581,0.62255773223602417,-0.62881259825316882,2.2711992982767297,-1.9605754666476511,-0.0050254866580939457,0.11331273205114668,-0.83722502863162018,0.58888818009159005
75,4,-4.3833641305653508,-0.7616636562541107,0.30750053770628566,0.29048051248636764,-0.51010217450423834,0.85120896187074668,0.82545054547133434,-0.27607327914481972,-0.56374934189095138,-0.052037127007711251,1.7760039406501515,-0.28816355837562552,-0.053732275806298614,0.050997316615435891,0.47007108847740176,-1.3288338718252155,-1.1566439791116401,-0.77383196489032591,1.888751821229798,0.21711565130020791,1.9889992844266318,-0.2991862674893101,0.99476211129695868,-1.7184319117252733,-0.15583155016449277,-0.5590449810126189,-1.4004626269369149,0.086440630310321551,1.2538115391728217,1.0708226674935581,-1.617434818536037,-1.4579183870551078,0.84345603366502553
75,5,-2.4211654850328252,-1.6110794419916894,0.17951950333091879,-0.65569764520295581,1.452588787124534,-0.8100818214545632,-1.0233692773766612,0.75142554918374727,-1.1231106761106542,-2.0107809805449408,-0.5972842134976114,-0.18901056254883936,-1.3085981158858302,0.57141358085155713,-0.59108078513180973,-0.085374590393577407,-0.67528111169604965,0.65952748255508653,-0.11954851093213069,2.0372157546596519,0.7038602872177544,1.2498497045301566,0.42028241984062342,0.94927908979926789,-1.1320558688538629,-0.56956657004368327,1.1246452106622038,-0.46408890582315132,-1.4871852617671213,1.6665770209930522,-1.045385027835031,-0.87980197950136219,-0.97974847312422453
75,6,2.2429243545373625,0.12118019146888856,-1.0719835926825283,0.57682980378459736,1.0484560111767462,0.22076455427378111,0.67831567943687099,-1.9194271441577639,0.42701780355516039,1.1014026522695526,-0.22539803112118209,-0.11574260912515892,-0.72368544687357828,-0.87569318552519337,-0.55147160152909447,-1.0804715174082706,0.73856088870343406,-0.23986080210822605,0.051354342605739928,-1.0285904411991755,0.60932973181356009,0.60690379747186618,-0.85467077302815209,0.283697073335963,-1.9470899799028354,0.28119499864908609,-0.98824751828948476,-0.65510824056173522,1.0222990871647635,0.34048175115997897,-1.4276387030974389,1.123366651477447,0.047669686583337638
75,7,1.2867438278806955,-0.93074230026466176,-1.2649873156510483,1.1456894696106428,-1.977072014719071,0.26513029708062641,0.13025169690871893,0.032912390243362025,-2.4944047749733422,0.97701575142386232,-0.0065849739791454184,0.28323827632413806,-1.2688466479980303,-0.020163851928378752,1.6353514683054602,0.13143333532887821,-3.0064137902641384,-0.36320209233305994,1.0830436002214032,0.478232497373135,1.1892207236471168,-0.90614199490738123,0.054612819594360873,0.23724085779022624,-0.21321117840545986,-0.95239156243620648,-0.58652562189335655,1.0829654059516072,-0.87227059141775731,-1.7312200305074468,0.73705794317296258,0.077452936070169356,0.24790496770377562
75,8,3.1273849882996956,0.47305003833767745,0.47732346948270488,3.4219592110396468,0.012390386080828727,0.023691667922183492,0.86809566606575628,-1.5927391003307831,0.89070242303613312,-0.47826499252626387,-0.43404515797356796,-1.4667017124697868,0.49759447121001804,-0.92231703304171786,-0.15236342838699299,-0.88845406639189672,-0.19343702712766597,0.95303713574776316,-0.892177653704881,0.79902672323816304,-2.3288835232351222,-0.030746461681456758,0.28873336181695036,-0.40584656544487679,-1.9039594699925253,0.75293408883080304,-0.63715044421671763,0.57868826758104064,0.34786154178643791,-0.62487634140921366,0.31876909074022614,1.2350671150811472,-0.097081223834016322
75,9,2.3489964153205598,1.0790298624891974,0.40446123003474554,0.89544575012371241,-0.40126115133656787,1.6296168314358264,-2.1097277794676232,0.63001380636640125,-0.49302132477167082,-0.98517083166334174,-0.79126378518433904,0.39008204408250824,1.2224914081405063,-1.2219702085881998,-0.1799220551130723,-0.62716098540612675,-0.57852445794789942,0.53210160224919956,0.033005155485226687,-0.65731758233051218,-0.63885032373831252,-1.3047111645179508,-0.38625027948112661,0.94653101458350741,0.58868391429805844,-1.3435851579392371,-0.75452786549059347,-0.97968701255203106,-0.49669625984780857,0.64104128120256043,0.66168658633528321,0.9551000803549724,0.10333392741221957
75,10,-4.5612208997977586,-1.4142202774896293,-0.28967050706783154,-0.33789546519644914,0.9764180085069929,0.19909499581013171,2.7175829221169927,-0.59148951769644209,1.2108338915017431,-0.63190144586361119,0.95870895393554001,0.59549511562347535,-0.36511885165215047,1.9250357001298919,0.77438664969416615,-1.0079072655508785,0.068102020643322422,-0.74686578145729843,-0.073141407351834914,0.75545485170150306,0.60500245952245146,1.161201776803773,-0.20432718241948403,0.89039586363750056,0.84369552065311704,1.0801944349757342,0.39612283039691221,0.80017638230371801,1.0066601914523023,0.089777540297264341,0.15596983589449914,-1.3109151585679646,-0.79020630090089772
76,1,0.2617430984593565,0.33806802725178248,-0.090938459303993149,1.5683061230000572,-1.7268205642465322,1.3776879395123798,-0.12859652802615371,0.39947923025871235,-1.1660908874138249,-2.3465525737614894,-0.080680222254735395,-2.0553422922990712,-0.68501391100737752,1.0201123909379168,-0.034317669492977119,-0.39898403618967304,-0.38602760089129973,-0.2972692761188549,-0.4450139969745816,0.59651108014396359,1.3074701278026484,-0.097908958955183159,0.37453338806768849,-1.6362548242184458,-0.21732379696481632,-0.015938977588288633,0.041969123892025485,-0.4935518993364012,-0.12755761293112511,-1.7754571123225378,0.08378932919440632,-1.4728498161981516,0.43685668036406455
76,2,-0.76118510579232568,0.41267069413298607,-0.75102087279382879,-2.2102839125837481,-0.28937230614935844,0.56967938454618439,-0.24219538329251764,1.7057005484879022,0.26114370563549621,0.0020025261526530214,1.9398315874627539,-0.77495426660594824,-1.7236964336683065,-0.38070405356752662,-0.60962963490023825,0.70828124010998073,0.50128234991688547,0.36233160484890536,-1.3550043244632353,1.7954841823728895,0.30502912425281481,-0.012770109241623124,0.7518669392066919,-0.12366340754058797,0.86336473751773568,-0.42702928294786141,-1.5748842619830159,-0.61302344870877012,-0.35818349268472693,-1.8309012421411615,0.62633598480079145,-1.3983261731387977,-0.26120579201432381
76,3,-2.5919326063227888,-1.2113954817042645,-0.070075321612687161,0.35974817757995542,0.78265680022627804,-0.2052469577170862,-3.6254070976429809,-0.13324080854206125,1.0225094386415998,0.34398511000727394,0.97416751272780688,-0.094074013923082289,0.95701128206136932,-1.4463487678326563,-1.0873770097199438,0.13549045988654407,-1.0621532462733259,-1.3280044048001627,-0.56746419166149242,0.93098457675265878,0.32465618332965751,0.89230539761615824,0.071065718170767234,-1.5871367655828876,0.6289079566546526,0.00010258940808480181,0.22710660443726688,0.23736987929898953,0.68605185610530062,1.0435485387158623,-0.71524565852930067,-1.7904534534605501,0.18283003671386344
76,4,-1.8321135774706017,0.28125136399270456,1.1523304045869101,-0.55548669370865622,-0.31766900150261712,1.2651853539776563,1.0173317206999914,-0.87001603285907692,-1.2231758063257898,-0.10649857986067045,-0.71436239844471261,-0.7161470832694784,-1.1822043096122159,-0.62380905075477722,-1.0624148593473903,-0.27452031163107454,-0.27328401929230722,-1.5159803215498076,0.2949792283016564,1.752797974665701,-0.45720807906909799,-0.59501679155834475,0.51855093382926132,0.22117340893089588,1.1421469149044821,0.83556223597329171,1.4616947840334984,1.5714436906125129,-1.4261143177717708,0.088467325572578942,-1.1822468838357953,0.68784571322590382,-1.7930670210278716
76,5,-1.0713247764335023,0.44500547193036399,-0.79039997161765263,-0.4214293746010942,-1.0478494571979016,-1.2637005713636071,-2.2131076642376373,-1.0197841983633218,-0.85183003560104076,-0.18045834147944834,0.38287353679676928,1.4504397979121209,-0.29734382876301296,-0.44243477381382734,0.27545415378875632,1.0422426423079407,1.067303564955318,-0.92893623025343697,-0.97524339376390368,0.21177421005735089,0.11937005860079666,-1.5008149442197589,0.06656788402574243,-0.96077489317927423,-0.19876906244095283,0.0054025330014604378,0.63544324069729752,-1.4808348504326174,-0.74548695621732997,0.058765451877965252,0.86622859410464392,-0.19539264355865674,0.30644504297215758
76,6,3.286182833166448,0.53766843053395574,-0.75696765130265831,0.69349834857036974,1.4167635812462314,0.78337621293963799,-1.7049036489330331,-1.071123075557912,-0.65743326710166083,1.1786226138643547,-1.6983334110497914,3.5825847952849927,0.59083549822283099,-0.29075555110458517,-0.61874492191376251,-1.4432026173307833,-0.37133384955561627,2.1356328290135616,-1.4327753304582886,-1.5183039372892888,0.68360631719398479,1.038728319192717,-1.1223086402588616,0.020938194641906733,-0.34690479042058053,-0.45544805780211139,1.2617661464955479,1.3034384158148842,1.3283495302066717,-0.1613483641363421,-0.49052034124610194,0.57374722400455869,0.75592354223687108
76,7,-0.28807857683677973,-0.7793330727647132,-0.8868420245456774,0.095106828566697152,1.2493278127011851,0.22363453649865808,-1.2274324562437984,-0.93580308294977754,-0.39593731651978514,-0.2614739044377522,1.929875513221734,0.70792249373344518,-1.1918947922123331,1.0399060345875224,-0.23213137110252396,0.54474247833471301,-1.7081995173209772,-0.20862545249342851,0.70729850313410703,-0.041636084390656219,0.85790287213969285,1.1156300885861734,0.66558658665764447,0.68180768700102123,1.5537801914292939,-0.94621487174870211,0.37970052257422965,-0.2669312615862891,1.9154058087230486,-0.59457232418981631,0.87104117557216476,-0.37607932855161164,0.097001734584152829
76,8,-0.99588233549024585,1.6828513933393139,0.14941183187539625,-0.084998669734886706,-1.3313947681680074,-1.2294711665738625,0.48199934661851851,0.74812728360575964,-2.1356599258035045,0.031651825918569201,0.35033846198909957,-1.8499165753472022,-1.0976055538813627,-1.0339358473397378,-2.0538583204607357,1.1727857721567636,-1.6757860273442822,-0.88751688061943013,-2.2001663247748589,0.7884832100238105,0.67927307343516752,-1.1193237833381284,0.91501185783231676,-0.63973529899894133,0.34987759944646907,-1.1112590018925812,-0.2025742106008997,-0.90212572655428303,-0.94295471782816809,-1.0016059306178671,-1.0630290872814121,-0.89715667463498427,-0.29966098903123822
76,9,3.9542475025334474,3.3156146727443767,0.13313989290757375,-1.1211357549623502,0.60547651948145509,-0.16731939046483763,0.85196090382577316,-2.9231532620105467,-0.22539751640572933,1.8663952372678492,-0.44803571361321959,0.31329640422860583,1.5824611443573884,1.0885985799127891,-0.64826337937895351,-0.93665133871250117,-0.3401791372913836,0.32088558893522806,0.59174596557647618,0.90369250997419059,0.60953050343852588,0.068792764075689336,0.80257155760436938,0.944210425154,-1.1292826490514483,0.37599725313844962,-0.23801895910885446,0.34341050757963915,1.5921504384875862,0.41049745134544552,-0.1921568386679155,0.2594142677975847,-0.43455975461651092
76,10,-2.6555092886077976,-1.1007885767304553,0.030810166814822529,1.4122253320700797,0.72957989669869561,0.97825270617882087,-1.0523878654372454,-0.45604215593105246,-0.72125807231355143,1.5205830026950764,0.62621797541346003,1.2231173218498763,-0.66394499736123025,-0.71334794192061879,-1.7413009050152766,-0.14123946930888209,-0.4905638000930812,-0.60429700409717446,-0.48751753817486898,-0.057228362426767418,-0.31596201592529166,-1.6393733691348422,0.75417947317170131,-0.5712271136150856,0.11093702300196966,-0.087881026366098472,0.59871601584278578,1.9632092382087452,-2.3089113735325828,-1.6395030611233641,1.3158317474337649,-0.30223528739639316,1.4532640715671554
77,1,1.6874199228090851,0.54102895174010812,0.8384106835511147,2.3114822085607067,1.5064490623277205,0.47705069291301228,1.1767288336931079,0.84806639913848936,0.71417255442376071,0.12447186228681489,-1.196437535813075,-1.0359353573573287,0.93452171277881857,-0.64982816580484559,-0.22587055228447195,-0.93598238185395921,-2.3126707235680803,-1.7075777827558984,-1.6094810144463336,-1.116466957807255,-0.86518571654626264,0.1428315368220914,-0.47026982802686879,2.1339723976445519,-0.7490854879390425,-0.95858000852157876,2.3357030682928364,-2.6589128478267581,0.87739102224867505,1.8371275783820438,-1.1894657205948094,-0.96966478676284684,-1.0459371853684318
77,2,2.0507892856324141,0.94911298501384544,-0.9048011710520345,0.069522996032931231,-0.67366265898733679,1.0125484747431686,0.074810206910494489,1.6186599982467098,-1.9228598807580155,-2.2469283122116965,0.36353961837037768,-1.0380644426798427,0.3474153301326211,-0.633446946007865,-0.38183530839084118,0.2697510601363442,-2.7861710610846626,-0.6022022343014366,-0.88280171725955581,-0.64161447703405405,1.5244598166447736,-0.54758972496317937,-0.2475125578987383,-0.49113642570910354,-0.49983415965772837,0.37179308490884644,-1.0489608869325795,1.7156653444459851,1.1091807416225941,-0.21283291640527832,-0.022759606581228005,0.070975982998588275,-1.1186761639750236
77,3,-5.2322616373976514,-1.3989142019908256,0.75646354575474128,1.1307255606860636,-0.21009130932300754,0.96498362938667936,0.1202441311877617,0.96645813740037423,0.21925641334177792,0.40654853475280306,-0.050591436179080136,0.10128543570026725,0.74500236492166894,-0.90755703771037377,0.42686110838636188,2.3485899478439185,1.1610750127500924,-0.5338908892316061,0.37494752520408264,0.074508954669009669,-0.61198315158374117,-0.22222212064132349,-0.86894281128889628,-0.35511698395871238,-2.0644085955016735,-1.0105327808263274,1.6410127021808203,-0.048796997892048367,0.29824231201833562,-0.032262033876600142,0.11458527103213502,-0.077032741499809029,1.4547519019049322
77,4,-7.2737300128082145,-1.3806417400587618,1.231319579461241,-0.73250596353380204,1.1913782511551629,-0.57313487216279069,-0.6150384553492213,-1.3404068422099331,-0.42423435639337914,1.0496154179223383,1.2085576518298404,0.6445489365117123,0.23751500380210633,0.38491609535609883,-1.8230707113013387,-0.98834303117787636,0.34554095012838881,0.97644676590785273,0.17017562080372878,-1.887421635063838,0.54429452680044332,0.89606134093535117,0.2627618825411398,0.067347473997220492,0.4543602197145557,-1.5108372282184928,-1.2404435214970109,0.88754212547055245,0.57466585852876439,1.0877183936968364,0.60691202902546915,-1.2406132672711598,0.8435572572726896
77,5,-4.3377741888591341,-1.3012183040194463,-0.89669881843483967,0.12001668205975669,0.087722986391051611,-0.018836967669310589,-0.8756117214368081,0.47284476930230163,0.11836192795809704,0.69481626981640299,1.1755419279612509,-0.08278960998423586,0.28108838269944914,0.56229166724773938,1.0347276177574189,-1.5636466516502321,0.91459496892509762,0.075193981569306137,0.21442551652736994,0.66752910547724431,-0.31379508697482433,-0.90417426817257784,0.72951361602173748,-0.4430777919808469,0.63870881564746917,1.1620644647754055,0.090839883811327751,-1.519219656983601,-0.25705088291543621,0.53715820973541273,0.76121107597363424,-0.6516487232689715,0.87705776432013771
77,6,-6.5563921331096768,-2.3668159238030038,0.24156052066679151,0.79613291539007958,-2.9773143707528251,0.40607191395020992,1.8982065819816811,-1.0623388817228925,-0.36886173925059657,-0.97633398043654662,-0.50116319707126111,1.1141430330292088,-0.70698227876540598,-0.54925974008077771,-0.049392439216135814,-0.38362275477469548,0.33783472457431274,0.39880064320154623,-0.89658956317470984,0.4177406056796879,-0.066508677157501125,-0.43176767643891872,-0.41186908024036956,-1.1112797288348066,-1.4982163816916025,-0.21320329638398389,-1.0505381081653129,-0.28758128235906416,-0.11742640580431146,-0.22531531795633611,-1.1945475387161069,0.5652183350486738,0.27816076674245094
77,7,-0.027480296513017199,0.19283475314845769,-0.20258214515762857,-2.7352657308845441,1.2020072141015978,0.6599778522179538,-0.33876142300470991,1.1093991944718318,-0.0023809923175610445,0.52620713813668507,1.0100010384654317,0.4518466925290307,0.38119953170208837,0.82055527014914298,2.3147671455259489,0.88140872975744977,1.1956054618476042,-1.0275797678219609,1.1846930220013741,-0.44253281528835059,-0.51624248969008335,-1.312627461421114,-0.13557581201949356,-0.25169361694733722,1.1793577488779037,0.42795925171877258,-1.0622448219801577,-0.34587684385753065,-0.32000088440760688,-0.39677052124919276,0.64619520758844828,-0.80227898500656858,-1.806212356150622
77,8,-5.2945202568887195,-1.0598694806403948,-0.64585349885346022,1.4094269002987401,-1.1181931017595885,-0.54785986549481747,-1.4726257372843579,0.90507895759666745,-1.0583290422918361,1.5932005836865992,0.065202456358885053,-0.043165069743662798,0.58809336255061617,-1.3735704180876767,-1.7190814928538081,0.082206821304143335,-1.1234107874959869,-0.26214818474154333,0.12418241948393277,-1.3185167391311428,-2.3836840151013292,-0.47863500061941616,-0.70550596186705683,-2.3544255675257499,0.095867590857006968,-0.15872620542618993,0.57169013764619525,-0.50731485376462848,0.69965564330032259,-0.51966437414958144,1.5881228424138001,-1.2746652809535075,0.68758026954758122
77,9,-2.3140927250810983,-0.019056819351324143,0.11251466345293841,-1.191254929920212,0.54995911723034141,-0.57166886871697442,-0.24125109859515215,0.68189647623943339,-0.17104889166026535,0.96638089344875877,0.45019430948160749,1.7704065546878085,0.43174629124477087,-1.0247465542426573,1.6571026554428407,-0.63637361258225777,-1.364772309581167,0.22287347674360974,-1.7983129365854413,-0.097020788325421298,-1.8192703847253946,0.83961188796430786,0.022636225170582145,0.90361389133116987,-0.47897449026979466,-0.58141677371179146,-0.20743083855522826,-0.57704943908117723,-0.22886435828446389,-0.62583520514527913,-0.017193512038892595,1.240615517442015,0.14464887652568048
77,10,-1.1046607495714209,-0.14915269249759239,-1.6217562356361681,-1.5401324551698052,1.3494131635245474,-1.2325632449938804,1.4051680552468622,1.0929547124776502,-1.4339234221800592,-1.7462118960078146,1.139534703400072,0.043315122700758227,1.394875144309174,0.41485972706481544,0.43856020375785748,1.5202142713041149,1.3684759933398685,-1.1397872258963591,-0.7109268350208181,-0.77195576805443089,1.1581234161855736,-1.3779189701197294,-0.15295596187286906,-0.40696828221362724,0.35728122293179715,-0.36213273036424903,0.9162024303241888,0.0036277532193909421,1.7297025030711541,-0.55295087912025187,-0.087863207717042605,0.19086706080397656,1.0050911842130332
78,1,1.5316980320307243,0.027423720598846853,0.6976558927706219,1.6385146274947342,0.37896303903903195,0.19821804677101018,-0.35339001029481165,0.22117763019050504,0.87324485657702133,0.30087077456692951,0.051417887995581675,-0.38443283523113975,-1.4993818291423797,-0.051057896527528027,1.3410554196149087,-0.48252989111113476,-0.7457380813961958,0.25463184089701596,0.0070110328637548631,-0.22503192598901225,0.45245996046557813,-0.57806455134328028,-0.75740653716649398,1.4318897455928368,0.079473839910679203,0.70954831206643709,-0.65657612874301319,0.20998488035903723,-0.30487112033520081,0.24149388940417366,0.24199214359672536,-0.69975745834623726,-1.0677588893365164
78,2,-3.4140433602693538,-1.881675969739903,0.82212513048898805,-0.54629564924892826,1.1131999406685515,-0.60842860786160768,0.82794250995017193,0.5125397644623646,-0.92276806521936205,0.56219487130550105,1.362533780225361,-0.91749643197074693,0.25736974184292422,-0.0035012500088634027,-0.22186521487993788,-0.57766369281832664,-0.47596846371290896,-1.2561901246320561,-4.4662054617277889,-0.77778313904503094,-2.209395912799387,0.99896238606584642,-0.56521590057845006,0.36054254910067224,0.17348488434127843,-0.12578442208606194,-0.63420338071244131,0.62318915948716724,-1.6150652887666839,-0.65525216831450539,-1.0370229870293983,-1.5728729862557262,-0.64143435755627731
78,3,-1.2215623301359277,0.053837533959612133,-1.0062614237871101,-0.72931069951034067,-0.30856524153364695,0.64814508093253886,-1.3101010140467102,-0.40867320901980869,-2.8361861410085849,0.61222851345940399,-1.0635081448327002,-0.76869537600739657,2.7191995668039883,-2.1040408228487335,-1.0716549824727579,1.164901666639983,0.64879094234424939,-0.15866120992412472,-1.3536248451202038,1.1116120293299441,-2.7232407270542369,-0.84760096960451448,-0.33421208268487107,1.186961987789648,-0.30196043893485164,-0.50134458059504627,0.706670476350167,0.53904345609154047,1.132928126344944,1.1523225829588157,0.80949105027562196,-2.1903093281276114,0.28256145161413571
78,4,-2.3832713287148088,-0.60355726750844008,0.7269842538957042,-0.59701995928803142,0.7894592786853325,-1.4795719682621793,0.78482589921594903,-1.455518247459803,-1.7630167275962989,0.45130179118648378,0.7167746767374773,0.11243348214912009,1.2285097243074936,0.61667203554131045,-0.13842376206663856,1.4303875844859077,0.82058995925971256,1.4083622229806394,0.4707779869328666,0.44163427775488784,-0.69522688174306024,1.4692081366272189,-1.4209670967012678,-1.5482070585049974,-0.46754868934985444,1.9762432200043116,-1.1221479421421772,0.21329252274452737,-0.29233158314277735,-0.1376382710408999,-0.42224637032857087,0.14876373093454204,1.0730493925530666
78,5,3.5684316308923441,0.61604366903346008,-1.9615240369316991,0.1388535603787095,1.2152386025821609,0.44764796557053932,-0.082665822463014377,-0.42680468783749248,-0.57198213274737919,0.85847674541733299,0.094131333352342389,-0.14474483197734364,-1.0202456339374144,-0.35907238535809555,1.1148831340546219,2.5947815441133435,1.2080120223047239,-0.75741558038302481,1.2062009344763587,-0.1546144074078408,-0.95277851936096414,-0.53937386093046924,1.9532168618449677,-0.76133698963469731,0.96223363382676674,-2.1604697686038596,2.3419279220123439,0.35000287690014881,0.73565358876187614,1.333758730567898,-0.64650010585141937,-0.011481245180365515,1.174673730469719
78,6,-1.1076129693187453,-1.3692328971812231,0.64037391070174765,-1.2945715298795131,-1.0339277469247519,0.036485850785996053,0.18300709623868094,-0.4734781006724037,-2.0058701163316872,0.10326315619073533,-1.238853462335779,0.54168440406872431,-1.2041436880992318,2.3446064735694763,0.19021645372199808,0.48005727939088599,0.68305112704288951,-0.020456637909925586,-0.10218221276850345,-0.1551431342841583,-0.78800915910919289,0.43535157729976276,-0.6347284323182496,-0.77577417830401485,0.33103527190301257,1.1144727041762406,0.76551307938149604,-1.1891149233999612,-1.159576177869976,2.5485182004672722,0.78781918955654906,1.5918713473060184,-2.7500517318453235
78,7,5.4753128295410791,2.4739784802616698,0.15175336869664099,-0.49872857760720923,1.8016116868097491,-0.47526605032321034,-1.5902278790722433,-0.31222474748506873,-0.12457990690587878,0.56122647794559088,0.75481198207017675,-0.99886949633160804,-1.2185179471300509,-0.028812074745414824,-0.00549434302975729,-0.48485966869654712,0.087827556722331168,1.2392969795520841,1.4381832124122287,-0.20532642168629811,1.067632911478386,1.6862462433162881,-0.17580009945472649,1.207279767600355,0.43540451104662103,0.57345842807018388,0.4738737622888739,0.56583236695687023,-0.85463773335207815,0.11043557186430264,-1.4895874111017382,-1.1398605585170531,-0.4079985391631239
78,8,-1.2943269691192816,-0.89974962910424972,1.2728786527655229,-0.18006951372254762,-0.12753556063138521,-0.92352125510469885,-0.59674554316913808,1.7607459443202238,0.76640599772897133,1.4353877560759027,1.235681330651901,0.35945801501544622,0.67753186919598551,-1.3047347942208432,-0.26624116110492518,-1.8356909294889086,1.3599637362815491,0.24228849408213046,-0.68731358356931893,0.03604229026854399,-1.1093623798480008,0.66827162821755881,-1.4973168613952246,-0.32908056551129322,0.041220295465307269,-0.081413555442523822,-0.22776356680971041,1.4316207816704447,-1.3082468460987327,1.0410633383730121,-0.6268842607838826,-0.3656216185154556,-1.4917181005880236
78,9,1.6956360151163543,1.6862813108132637,0.28181437997889169,-0.020539993835437833,0.34331666053795074,-1.1666693616880739,-1.0739153376491333,0.030345006726582469,0.59941364966450805,0.74076039608688027,-2.2013588990182806,0.56061859068867514,-0.08627111484203151,-0.61914758652991042,-0.85727414487564302,0.28932975146844214,1.9755979495783322,-2.37586691232001,-0.63765374678795372,1.2130265079442266,0.29247031299433801,-0.89831738150403717,0.55204426914667204,1.1475773490031247,-2.110337110722317,0.27541001813568705,-1.0767845747017739,-1.7312823457077322,-2.7433207019451529,-0.77406824443680922,-1.0006462457221792,-0.89143992496216451,-0.1975904036407595
78,10,0.70439738071762814,0.73808828650560654,-0.13408957542708527,0.014180106905402437,-0.030651525520221729,-0.023406544770303156,-0.93796130210245254,-0.64534089245801352,-0.6907285721452282,-0.26421628653609136,-0.23325565135610826,0.25114604604242746,0.45535851373628078,-0.90088320003346944,-1.4685401223959553,-0.96244282008034432,0.17229920253114903,1.0961775598185786,-0.74615651884973344,-0.23158418979670248,1.9741728720589815,-0.84452441118125654,0.77742976692049937,-1.3295679283894377,0.10249724017467055,0.38328816437233837,1.1214652737465483,-0.18827957665084896,1.2390270236659531,1.6113783482632427,0.08082916590415809,0.45001707842349697,0.86875432133634378
79,1,2.5205405905904437,-1.0749077679810617,-1.2736360206461306,1.5836297882025168,0.70308318350748233,-0.38273188439972311,0.39923327371586653,-0.34819265432783175,1.3122478189034821,-2.6902509903627312,1.1243820364240324,-0.37690793747890394,-0.21624959326567436,0.66847124589831175,0.39206456763447795,-0.14907472110887363,0.71548070140755748,1.3530342840770275,0.28707156082187674,1.7169571085132673,0.27688562155624702,-0.5680287193486927,-0.40226978640872912,-0.504671785506564,-0.2092689359955672,0.83379553539065365,-0.17773585004217948,-0.76334048557087564,0.34313962817381438,2.8135871348824639,0.41736257618713535,1.7162975698140941,-1.8631693589833358
79,2,-0.14203361038179052,0.42248958014681648,-0.066370023163699443,-0.37833630256866291,1.6592059392946121,-0.46446166888438761,-0.6447709772340563,-0.26011438652618979,0.021139752131147674,0.94953367213515594,0.68170188530818476,-1.2963367009435731,-0.76639325535913649,-0.12721030287227272,-1.077341593273089,0.14116571222132429,1.1727274922924771,0.069762129512969492,0.55682201058555769,-0.14002273437247281,0.33290930445980033,-0.50692185270630885,0.07954790106512083,-0.71476156522066581,-1.6811228246301122,0.16778431918253842,0.11897579552873262,-2.0849862621682584,-0.80667008121172468,0.44265464636392832,1.7384986083942868,1.0340876028369754,0.56507800643292194
79,3,0.53230843579491838,0.040775514960067448,-1.0360111000105203,-1.0615003979730617,0.75338303198511869,0.086314012910985449,-0.99438471725241895,-0.11696598990696044,0.12938007265688312,0.20030076842585737,0.66212283670880046,-0.4783753356008939,1.5043906003998697,-0.54552688610675459,-0.057846137730566037,-1.2861632630236988,0.31786222923834961,0.7727499444720809,2.7168049702835595,0.2883491548837761,0.34288728582087696,0.71971942887507812,-1.2972764999211504,1.3727736807993396,0.75475017217074092,-0.33869843197017496,-0.15189639718482392,-1.6161848179832685,1.1104696560931329,0.72220157238185823,0.18954212317752478,0.66646557666321715,-0.89150683550221888
79,4,-4.5416737195542982,-1.2664064012438274,-0.29693604257661227,-0.75947738369743556,-1.2899725002746114,-0.70308389412413219,-2.6717121704557933,0.4972599373788491,-1.906724427744797,-0.27044746155002208,0.43894766661885132,-0.21818100899749152,-0.98472302745200602,-0.75357042458342505,0.05425298988291459,-0.036964595948429428,0.66222592289523574,-1.9019129528756502,-1.2266002847741859,1.7270900908134053,0.53573755242934007,-0.11203393801901435,0.88669079154089503,-0.67895433052150855,1.0327571393777764,-1.9724332686999535,0.43394331288634708,0.98310939920424711,0.18437453631891335,-0.2908651138870284,-0.41904363544623918,0.6792835870082099,0.12716404167862985
79,5,-0.52596837460983603,1.3347896032165567,-0.62474092726747033,-0.82071632942015382,0.92642740005516133,0.37458246599809991,1.5145834536995904,-0.35036859006707927,1.1009157721606613,-1.572863769900211,1.8974035756872065,-0.90420524856388806,-0.1484798664699073,1.8066495561705573,1.7000494664420434,-0.42650455782404634,1.4968509556339411,1.5407490353007685,0.35694570304222956,-0.018276318997493154,0.0054162878853467487,-1.8152008502642523,-0.88491680601425915,0.62209587128872512,1.1431499698517702,0.76485655639874239,0.7636852543333128,0.71611274537419434,1.2051347326128745,-0.64188613384584403,0.15124107896783237,-0.21002112921778723,3.2671654502795899
79,6,-1.7181751068851314,0.51466647760532214,0.54232266332005041,-0.42203686355191622,-0.2344990902573178,0.33026193746601901,-0.29436737819362085,-0.43525019785193547,0.78538880724132931,-1.0860427516980415,0.75861707485069452,-1.3013062773728719,-0.50240910026696639,-0.0056918081081823151,-0.76459673106799841,1.2965552467642365,-0.13915078871281089,0.84248201796905509,-0.80768105400083745,-0.28763290532393532,0.31388334905949844,1.1026366695557619,1.0516439376418096,-2.1991275377859463,1.0749746275314629,-0.50086249850301345,0.34898328281787983,-1.0776711123283227,-0.67075975446977931,-0.49447215748971268,-0.82584834992678047,-0.16902730186990519,-0.62578727590990979
79,7,-4.3404061500566886,-0.17926685836002548,0.81135450035261292,-1.8995917516321257,-0.53081986517402069,-0.6318808212562298,1.3207071720396311,-0.31955543398045505,0.19582498672906362,-0.51490323373851754,0.25905637664955194,-0.67877605193423252,-0.41745221858100617,0.99421495539165705,0.046756165289260646,-1.0118665596559113,0.39878455669577362,-0.65543018081349547,-0.98454396232614527,-0.19897241121543743,0.033658628773993678,1.0017412230733174,0.6970427037785939,0.52587094576459115,2.6058540571989206,-0.068470784950349639,1.8689404417686024,1.2953306617420608,0.0041729644567591734,0.30750458900795025,-0.95592564037153538,-1.3134832985104616,-0.44986759362303397
79,8,-2.1307899062358735,0.13340775725570878,0.30579057087058309,1.1406708566825232,-0.13999813446816689,0.30795825125178294,-0.57782909825592299,0.21363771654585367,1.4577684752174769,-1.3371190699176099,-0.81681557792192772,0.53780226189374125,-0.99067109579228962,-1.3537392155622552,-0.2509568770344911,1.7119077123991884,1.2817191562677712,-1.0306615356998301,-0.22611165582230883,1.2072399706160948,1.7346707485917177,-0.29025184860590292,-0.39385414988696693,0.068294939543899078,-0.68117999890996161,-0.34926157921995371,-0.8630078268195216,1.155361570875173,1.3453698718279385,0.6435541971632146,0.4825391092862602,-1.0907966946654661,0.86959581887391191
79,9,-2.1295637543445665,-2.1900331475225392,-0.3636883041300718,1.4100318683874149,0.56618314509030676,0.60442252907134408,-2.6198789962456264,0.26314587254395982,-0.45156892860119247,-0.24497867411696414,1.5404242257097607,0.58366793924800975,-1.8702256194086262,1.0282537085763201,0.26163034542955876,-0.093857959790941109,0.78784786675327778,-0.44334459451670616,-1.3684439126568173,1.4635382545774545,0.14352027426961791,-0.72117544956309021,0.078472737057712391,-0.28114740733061183,1.6417780668649344,0.27775855918337722,0.026119119979752699,0.65715993819894336,-0.9682372492979594,-0.8067785632488913,0.36899026776718824,0.82738969395487116,0.180168228799062
79,10,0.014765151724659364,-0.25349713232561893,-1.0555827046680064,0.95945828028866709,-1.3996048086552522,-1.1664806601928355,0.36945763097884915,-0.026281225704642447,-0.74365458521779237,0.68916247191641367,1.578426376320708,-1.1327853202278468,0.32072722902846185,-0.38860416149560018,-0.85792677172944676,0.35582464505718958,-1.8270458239637073,-2.9310329516821865,1.0293698939731193,-0.11598111854736687,-0.43559885636623624,-0.058042346429588873,-0.60135036325627,-0.048777652771097357,0.33054977407665409,1.9086334399535447,0.14929071306298555,-0.53381659572990681,-0.6708297935242179,-0.12741730024666117,0.52058368413811529,0.092898380049310128,-1.0067811534891078
80,1,0.022414869260687809,-0.24013224921401022,-1.043286244793326,-0.37158329739566198,-2.5208066282256931,0.69180459206155487,0.17560097460424479,1.4054548970593301,0.39015837335096698,-0.73998816132805711,0.33828514117841763,1.7048603138598619,0.023130671073954664,-1.3783971260127341,0.37286663618099791,0.68490785217875261,0.31209813273361997,-0.14430923094326717,-1.1473646447417203,0.42282110921992067,0.73698831206033821,0.53395319663132357,-0.74159494598935838,-0.77593321359885659,-1.3402114299929133,-1.070327848590223,1.2470269255061621,-0.6551207435094627,-0.64681670136570768,-0.36538460856498572,0.36653765031570423,0.050377138458592596,0.057855485057655913
80,2,0.88275439102143216,-0.00051534251054535329,0.11061306388534944,-0.49624856415594787,-2.5439828327031053,-1.9579665351906914,-0.46350278408880874,-0.62099775069504748,0.6190250024496311,-1.0469292985153706,1.7855211101625326,2.0990756787707503,2.0100819427600363,-1.6847617230042828,2.1092607733351691,-0.45941850407071572,-0.36938291872089163,0.8164974226886228,-0.31209283219511119,0.54361826603714003,-0.21102508141491441,-2.6445826573520907,-0.38510272606237894,-3.0899365948498745,-0.032544804559275525,-1.3128412485825269,1.4842330343934378,-0.54402394046240232,0.64551492394533427,1.2475841420531628,0.064547498755142776,-1.2865706671266997,-0.76438148704592479
80,3,1.9159244499701455,0.2737969547602041,-0.20167677922881794,-0.19713934402856409,-1.8632661920197422,-1.005423467304315,-0.66750373718642619,0.85788108098927651,0.33799097777048065,-0.12761726323221395,0.48413549483954721,-0.31351327132869455,-0.30446153816207616,0.1788678179643941,1.6470215597377433,-1.4169731339141087,0.55113310977287999,-0.44668847722294097,0.59855033198609153,-1.2392950913916385,0.76903429425994962,-1.0250530128259865,0.012855776645313215,-0.5421658441896221,0.84986936028091464,0.0022649042363474445,2.1357250283682778,0.51521975686749155,-0.38874503322886927,-1.3887259554878595,-0.2251547886305004,1.3976034305520393,0.56630259401329786
80,4,2.0229826449185366,0.7429500395449351,0.85020811713350886,0.33764413997512915,-0.082026856088456918,0.75022697978528996,-0.80869116695472187,-0.088945939745035341,-1.0479756220073868,0.19782775590042931,0.27354037330437575,0.62640681758522632,-1.2698896465396055,0.086757880451703198,0.69948772639354906,-0.18319866634311094,-0.66855120725951389,1.0839962590672785,-0.59778372076516995,-0.78524412548942202,0.36679015136795701,0.42818902133095271,0.076162218476004989,-0.12710589794903851,1.0534024997897478,1.2843223707644627,-0.70447283542869499,0.29485340688122269,-0.32899596814463161,-0.15548689602268975,-0.42472944555058195,1.6890963290716763,0.68490365505145079
80,5,2.4243079808153629,-0.28803712855767211,0.091247247870138048,1.5386955798587032,-0.95019304909566782,1.0068201890574593,0.6841413977888976,-1.0224178974128093,-0.65586475771112585,1.5698395294383933,1.5570084706403267,-0.44664470407977641,0.93218086711706194,-0.30686473148994575,-0.76263959650917468,0.32000899228376478,0.90821712281180955,-2.2485246814250175,-1.4014136637831791,-0.38231320812745589,-0.014935562323572061,0.091257557954961724,1.4867277634267722,-0.91445963857948753,-0.45459014060937458,-1.1449941779170139,1.0060221396936995,-0.74526729620186871,0.099128936804894693,-0.62031741925292949,-0.30542395489774471,0.40644399154385469,0.67460140976741811
80,6,-1.623254527749717,-0.90653157624158198,0.96355253382029982,-0.61859125996326247,0.38152161499651172,-0.531450706000689,-0.25627918351361545,0.58794779985229939,1.1033663861318646,-0.14090454272740183,0.015254119365828375,0.25947222082688087,1.5884258280007084,0.30314758510428291,-0.55543072889004241,1.2579992746531958,0.065670747581923511,0.42899140548079473,0.68563553153224577,-1.6826880944578437,-0.54242146587574314,-0.25509007823420021,1.0548495585752298,1.2335088707200133,0.1035592078612273,1.7353097402328186,1.0285674581827799,-0.50243025924457119,1.0550113233475897,-0.64163670356820157,-1.4159144739290768,2.467347310084743,2.3354552680626632
80,7,-0.80016863556170903,0.16036336645780544,1.988236717207114,-0.82680362212760561,-0.61039752510242096,0.60064698433654617,-0.37270828572908143,-0.88532137466244376,0.92795721042305046,-0.70721789788758804,1.2839113213955788,1.1660129756081927,1.8193983070728807,-0.92482666670332747,1.6170647253189856,0.15346308142136381,0.60269152777864887,0.88573686121056838,-0.61424939033418469,-1.9022472988736567,-0.25157370229624126,-1.9398379240050987,-1.9732961194608736,0.50097958404945653,0.22099015434605646,0.017736599449237344,0.27518432376024121,-0.202361854040919,0.070174119097009227,0.41457098744684129,-0.026048837859698519,-0.36315567046987524,-0.93456126543414275
80,8,6.5871215598623722,1.2482218095730182,-1.2053534003857114,1.7840421143771468,1.6200832715633335,-1.6876893263474686,0.19145561386560114,1.7387910673312945,1.8892192693766283,-0.27379342559650144,-0.98797321653553982,-1.5437379099647557,-0.068009388387772596,1.1166422842026693,1.4749635272146611,1.3118994913398982,-1.7797653306052037,1.7302623228358542,1.0862598137055801,-0.10474764278557773,1.6259911915676137,0.86171840575675751,-0.1891445093145798,0.40598168884537339,-1.1338305727675964,-0.66345597496429909,0.46928236582946653,-0.30956909014521095,-0.83611091066291321,0.12605317181935149,0.96653773535334031,0.1171379751938145,-0.0092184352001965109
80,9,5.4038671060564756,1.2936007874410462,-1.0311441204411402,0.64989145316522634,0.041430280183462509,-0.44688010784530519,0.64448801989151971,-0.27246350157651938,1.7451929764354341,0.13110430809043491,-0.71342705712497512,-0.726917599200955,-1.4348457316340111,0.40570342110682162,-1.1758667072968321,0.53950430334278465,-0.68206700280178223,2.0386684277591072,1.0073394499591894,-1.4364798902416427,-1.1517203702216485,0.92952263376445887,-0.23140121503642158,0.048362324115161802,-0.77452938466104304,-0.54457465769541136,0.057224419892231385,-0.45885742688194536,1.3614571252048755,-0.21075696935688998,-0.58039304936201175,1.0890964785077029,-0.53003441351383118
80,10,2.9721376987932437,0.086469831736041711,-1.0865642478673083,0.94758832527085035,1.9728604844792086,-0.0048279379707076219,-1.3719604170323045,-1.0786594874333906,-1.4891460967569954,-0.23346186562936005,0.18825626642448459,-0.042225802972023455,-1.4181956701146712,0.31397229775595864,-1.8386311811144722,-0.7508376289509493,0.44293271714264937,-0.829793028584345,0.25767607721079488,-0.083128049744205457,-0.30259446510799487,0.78162361324885943,1.5365729310306682,-1.6772442376065844,-1.6105895203544971,0.80008143992344616,1.6435291310055877,0.031308802616116446,-0.63041175756196566,0.59568390343551392,1.3380462249784184,-2.281253453033361,-1.3502133412002433
81,1,-1.9057453803466935,-0.57646605144027419,1.8974675341930431,-0.049759024271977544,-1.0092988001545193,0.16726481513771491,-0.069572770988355806,-0.35835377939612323,-0.77113395982228738,-0.35932136305212303,0.61813395241445401,0.30102379010137831,0.069850220699582771,-0.054393881777700423,-0.39542213495653378,1.2765227225924913,0.81861716617377578,-0.28055995242272236,-0.75490516337744396,-0.8131763605758211,0.60465131682880624,0.15946944157843188,-0.95016235030304741,-0.78391496903488211,1.5993618771034916,-0.30847857706110182,-1.3719910284329035,-0.28869148002411776,-0.25854005641432382,0.55036318860188105,-0.26792577807412515,1.4542369435800313,-1.7022354992145405
81,2,0.091494012012921289,0.4878798959309309,0.66132679638175806,0.24963325119896079,-0.65263592333798592,0.36142239192890857,0.41216331020780933,-0.076757365975650249,0.99687555049598908,2.1015873432073136,-0.042137285904284248,0.47813274364229491,-0.34392851513312395,-0.63693774769469347,0.32916930681514001,-0.46969762476451499,1.0335580640042012,0.94676655516440478,0.57488705678455077,-0.47770168528510004,0.41829139279082539,-0.48482915309491009,0.84791051004413109,0.45466694191460771,0.099415783222875378,0.43420124912849145,0.66683139887093612,-0.70399787211275933,-0.61341876877983648,1.5973437896419096,-2.3442867387081465,0.015484757655093202,-1.8568036753752406
81,3,-3.0167845937566322,0.70661196840068619,0.22817008444847636,0.2213017299305054,0.31434416712799162,0.63847787954867796,1.0122315790792977,-0.37718936900219108,0.52996909025702588,0.82440035132848155,-1.3005780983196882,1.2191125160853995,-1.4721749020537294,0.97123546836393027,-2.5550967838211167,0.10466249330703407,-0.4805798953088124,1.4963379903488516,-0.1489939350104571,0.056916442335235282,-1.0447790695606476,1.0908223840462465,1.1158141878820829,-0.525296039590612,0.56889490900103745,1.682513619571496,0.13455606922943922,0.76419057568530269,-0.28528363173483756,-0.46835585324017476,0.15395676200374434,-3.1372036544621658,-0.079460526865719541
81,4,-4.5009237192578038,-1.3131347002287472,-0.63233635045304992,-0.039735972874428045,-0.1677050886812807,0.74349883890221757,-1.2549567599043703,0.28676220536303038,0.27308857211447513,0.98213574833153972,-0.15429569955020986,-0.20159514156922037,0.64882085989218186,0.98932139783581297,-0.67345879970725031,-0.53952107290043327,-1.0341264742940095,1.5637912212615153,-0.067293453792592481,1.4135234723104488,-1.1465369375250314,0.53350137046005641,0.51552911736552542,1.8631424111210788,0.78708928038271264,-0.49316233076693516,0.77085103261852572,-0.18781404094865356,-0.20716782147785223,-0.096786997714364914,1.268995295333158,-0.8900070487601438,-0.66721391848048484
81,5,-3.1741254169624589,0.069358835962293169,-0.052214421553077497,-0.87160432907352281,0.3621414970802635,2.2291313203097296,-0.82261546963507926,0.047104317941419269,-0.74012076416294448,1.3179365448922231,1.1343409268207587,0.24894177223745578,-1.0660120026183286,0.31950844025866004,1.8548643753206171,0.44970874658429955,0.51520874518887416,1.1590419938996357,-0.44978306713821709,0.122789509369799,-0.70841170850456292,0.35838760435840594,-2.2486211629264989,1.5928937908443739,-0.12551882190876251,0.26305032524159866,-0.62224012863014311,-1.0482267956633713,0.07403338492126682,0.38599832996281713,-0.43830705058188996,-0.90349684354195292,1.3896060343981815
81,6,-4.8611768013047119,-0.16409143685200639,2.4030193790151206,-0.7805294003998402,-0.47891272036861271,0.91398474736267266,-0.29652166834985594,0.09515473757356406,-1.6853740679304257,1.2215065998171331,0.40853747267728135,1.8307728217943542,-0.49678645709416597,0.8359358145485063,1.8417089363040606,-1.1002940245576085,-0.84092981001355005,-0.39265414973167834,0.24939476624175663,0.31732100659672674,0.23522449836105735,0.10726627651797732,-0.56599611989930887,-0.69787296888619765,1.0657576506775532,-1.3139007905845526,-2.5719502280778048,-1.1192511027122101,-1.6927848588638184,1.2505554113970985,-0.42961046524840768,0.091385777332919721,-0.40176401570793974
81,7,-2.2612877887064009,0.17108352354775797,-1.0953294370372391,1.2373915708786734,-0.59152996603281349,1.4232347576100401,1.141405766489942,-0.43476416670917389,-1.1079886154524019,0.64576305313574622,-0.64294159150453878,-0.7384428428549672,-0.97752378283624775,-1.2436623874924186,-0.0060857592891760516,-2.4605462274626539,-1.0055307262293876,-0.39170124027599168,1.3379058687835477,-0.50761409095113341,1.7110567253667879,-0.83869736445216814,-2.0806320429241714,0.73687372416792174,0.87389709461364362,1.1340797703033914,0.70018919154429393,-0.77322428398973853,1.1640639493939227,1.5483071800434158,-0.69955023079875001,0.19887025920899454,1.6017656606666792
81,8,-4.9555299738612852,0.050930941849282568,1.213975312096419,1.1761389188916271,1.3574824500337295,-0.400619870182778,0.50071419935393613,0.5058698786169511,0.078162320305085908,-0.56967659102996193,0.057312932985438887,-0.2097446983240559,0.55616748786423476,-0.40873408988910809,-0.11893167759572187,-0.47114392456791726,0.97082109606655431,0.09415656347220755,0.286506697304861,-0.023951731948875572,-0.073438936396293952,-0.10966320867977696,0.21342022704715771,-1.1999324874203885,0.66946537182517596,-0.85406021904311702,-0.17989091708027988,-1.670492497948239,-1.0139279587507917,-0.1323611204472234,-0.36718451797944174,-0.37741075489186976,1.0919387396747653
81,9,-5.2898904595839067,-0.13913339438420941,0.083038169988846,-1.330580921492668,0.19999016425821733,-0.56775371730333613,-1.3739724596202665,1.3561440647946086,-0.087476126338974322,-0.57912784459160294,-0.58785292337045703,-2.1134678016235866,1.6644545100526773,-0.61655698822224048,-0.42891111977685981,0.97908829878932346,0.061269575451395879,0.59746636031834344,1.1108291793045715,0.96564468757971644,1.7965341726063517,0.49620656681150382,0.25143812435532809,0.46564888100653107,0.95807299477544938,0.46240154991450561,-0.63297168215976629,0.99500897560791157,-0.99371966705908044,-0.035305105981418811,0.18944629309104799,0.46297243183709513,1.5632544509539488
81,10,-3.461584484199645,-0.45951880363689851,1.375648556032343,0.99187964737910017,0.9686974818744184,-0.099347502441640867,0.35791509783749392,1.9785577811315582,1.0204596871471909,-0.0080251041889243015,1.1762888503448148,-0.27059577566294435,0.77455046072361022,1.1272589108857736,-2.8112592731595347,1.7487479349131432,0.9070088461878949,0.041341390503819055,0.6951721634596465,-0.74401427983996093,-0.89941756847812038,-0.49951247092934914,0.28103464453724314,-0.74041817986068859,-0.96668430258970395,2.8648718024220274,-0.12058841642692156,-0.31736629199015598,-1.9043571436478761,0.28829529093266493,-0.91672885159571726,0.69741378709489366,-0.44751973501025588
82,1,1.2545843210664032,0.75609130991156515,-0.91806548092647344,0.91787352943598588,-1.0072143083284613,0.23333407033588188,0.83945924204971689,-0.91998886545387515,-0.87498337346607402,-0.88031468996326245,0.044754993902982147,-1.4329669093199033,-0.79509003586476545,0.18373296656909105,0.28935350384220937,-1.0029583473900583,0.79077732631700526,-0.25416053252234366,0.89136864817511585,1.4266845035697566,-1.2252875277927269,0.26671745448312145,0.72043080410118054,-0.34232480984399183,1.2015648636137308,0.053102169736800237,0.27207012212655329,0.058023993084485102,-0.99291426160905005,-0.15655029980676546,0.16748378745404496,-0.19740797848443103,1.4745247909799637
82,2,1.570595629952221,2.4604565525190445,0.43796068220007367,-0.79881806752593287,-1.0043749801875037,-0.56564554819450308,-0.1358596244660927,1.8185634109200302,-0.93067910896247208,-0.31740490736470778,0.96616508670027257,1.0551119795280048,-0.4016197982653531,1.7133819363263099,2.289597157853652,-0.36062764136609188,0.57074421229288919,1.0929305832553131,0.057765737820158224,-0.12252743379936351,1.6886726403321037,-0.45045390782359368,-0.20654825964752027,0.047010790851307237,-0.34975174366994854,-0.19794898022398175,-0.94487147677607131,-1.1395411036737189,-0.12572985783980012,1.6744896185007589,-0.055224371241396356,-1.6257670317715609,-0.46215007774380346
82,3,-0.96337180323723626,-0.11642245742181379,0.67580481768926104,-0.24129445028217089,-0.78726259936083576,-0.95305608294553623,-0.65902520110359797,-0.26776938330001127,-0.20391687302779252,0.32963027180825055,0.27918726513552011,0.5510275683812218,-0.41019193017819749,-1.1645380962317671,-0.25598609849104337,-1.0530298667389948,0.37520630061628291,1.1375561859441556,0.36427936526353316,0.030641821235517671,1.035226996554266,-1.3825877939123863,1.0317762697365058,0.076282124590366693,0.22116605692037433,1.1668142925507319,-0.31257058940930554,0.77238377821270787,0.2279545374349054,-2.9196064095522423,-1.0979235675635626,-0.70459743409595488,0.22835755551154036
82,4,1.7529466020441631,1.3605266654917159,0.8914526447562332,1.6972222783060329,-0.30664439065047122,-0.58932968418484166,-0.21464373579572077,0.96971756060618663,-1.7056472640405587,0.35259083016427373,1.7384141848136196,1.0109573612182223,0.014771250947282828,-0.64772813532953755,1.5680768811947785,-0.52920845393266036,1.5136365189398115,0.35834276557388939,-0.53611123125627924,0.87348676300588846,-2.238823131992238,1.1976746702214063,-0.79182657727147276,1.4027691316137294,-1.9505900331382655,-0.18376365148735024,2.4358267674407745,-0.82255395241540719,-0.93491426747121509,-1.0047016141718657,-0.58020300825099314,0.40008834340577965,0.84059590967816455
82,5,-0.18458648776505704,0.52537711347524974,1.2367642121396019,0.69918249955783174,0.050966503372814824,-0.072807584560412433,0.4053428527443817,-1.018101803374144,0.3232684175622566,1.5990413376514117,0.0070003134446238822,-0.33600732316320681,1.173328003990761,1.4912234996563192,0.667913215955384,1.313756975181499,2.0680390650356757,-0.69222946445946332,-1.763741850222752,-1.6864383544269541,1.278188568592334,-1.6857422952852357,-0.093135187693500321,0.14562344668256294,0.60579897562090967,-1.0671382904619289,0.36166305602879212,0.27263946592120752,1.013948162942524,-0.9465661172201203,-1.1293168673549896,-1.5155147368824822,-1.953706410978665
82,6,-0.27008157377694375,1.8493881644650427,1.9802480920491983,-0.13029840108901605,-0.10629397498447817,-1.1464759979240995,0.194333761081875,0.10387939916822196,-0.51091854358348965,-0.36663699839885777,-1.2611421142222408,-0.037596566639582212,0.28222715628242906,-0.43193295756581929,-1.2284704797245163,1.4470637952646668,0.89895407924736292,0.54148981295974097,-0.33531267519598718,-0.95218914456623649,0.083483714352427629,-0.22489789826469844,0.57384839344148308,2.1506406673047493,0.98679154975679051,-0.46446181507396561,1.3215825918924851,-0.10068130932606219,0.20577677156010202,-0.4486605433386423,2.0054254426944707,1.2717083013158974,0.97340204333230052
82,7,4.310300129782628,0.89962505033606233,-2.6467813497819219,0.55941672542446585,0.16937369351828208,1.521537018835873,0.27925902255858509,-1.4808963946968752,0.040412808314357417,-1.0308924284768366,-1.126127909992156,-0.25726980583709963,-0.73956098621019362,-2.0875779329244399,1.2873340084260823,0.48372246237692779,1.2256613833428098,0.18491833140077119,-0.30228185471527796,-0.99741521567121305,-0.77679077795498908,0.25404479805657054,-0.88834204437029318,-0.49380253470288288,0.22645902068708884,-1.4467085684603238,-0.8787019822074954,-0.78251900345485614,-0.47644496436776662,0.52387182203046889,-0.74064799489660682,0.087660593313404131,-0.46036388260928252
82,8,-2.730706135414108,-1.0196199432778061,0.00081926453278527184,0.96749485408362312,1.287058910251168,-2.3742864812840434,0.16747281449250848,-0.43879673569320021,-1.0630520052788479,-0.99636712203019495,0.66711757714484199,-1.2358825796753454,0.32673531719148957,-0.5725987962159842,0.45457069451929483,0.17379975359211994,-0.16927645197934582,-0.56034773252704806,0.46140413348142262,-1.7877421795997728,0.063794740502768676,-0.40627166324256619,-0.36167242416924833,-0.49742018720801406,-0.29000854613879334,-0.60838178126771592,-2.1942500664757678,-0.013820963557015096,1.3693186525386407,1.891674968832173,-1.0793274258136076,-1.0914586266357931,-0.08330463365696579
82,9,1.5754179414750094,1.4005709117919554,-0.81258380960706567,0.66878486039279073,0.41487338468376617,-1.2364223514279844,-1.126516306988399,-1.3745596384584287,-0.43277417891012321,0.13133223406071401,-0.23174756947372807,0.13586631066595839,-0.045161667132199011,0.49168009945867552,-0.60993059470897637,1.4828534029410625,0.11525843085955161,0.84361847873068763,-1.0127940852526545,-2.8106683892411017,1.229123668013838,0.79836041749401931,0.06063787385047166,0.32080340296918941,-0.45829102766985902,-1.7595136116024388,0.20614732382693754,0.27992145227623705,0.87837819063871903,0.30797570462035989,0.37393778980757786,0.64627123820923771,1.6230608704582103
82,10,3.7987846696631382,-0.071265584682230737,-2.0367617325116476,0.51786000906249396,0.24347380542306821,-2.1453497196289701,-0.47959717697200349,-0.20351980724596516,0.89158131918472827,-0.24559647251571215,1.3167291261040412,-0.76383160894228541,1.6581816121432718,-1.1928164673842983,0.94811186830254768,-0.95841860543104607,1.1518140247628483,0.016711733599518903,-0.2711989928823223,-1.0684425402816236,0.19229249294459294,0.85795216493293114,0.93866576588599937,-0.55029172196456011,-0.33468628221482999,1.5579661126039825,-0.45777863079547781,-0.44782541739591503,-0.36818077519115688,-1.2363255643115103,1.0914496467864294,0.12029141082506188,-0.95032027801652719
83,1,0.62770064773818013,0.85351439014052566,1.5687969812190237,0.38513244432165633,0.78440908061469461,-0.26041376239757075,0.44047753265760287,-0.84405348723427354,0.20724750696206581,0.29206370053857578,-0.600621749048734,0.25182223575745499,-0.033743548460100393,0.83311179295142457,0.65744064374571187,-0.10121120386204176,-0.66023495314388514,0.38272780059901518,-1.3474614513953054,-0.71287601938455758,1.1054571272269964,0.66103571969586061,-0.48669303558467808,1.0516002926016994,0.58457416071112855,1.7660954920316185,-0.078916601916258919,0.27985325216889761,-1.7264785004707361,0.19798284695145385,-1.519327981227631,0.91647289744976146,1.8465516051846791
83,2,-6.254670294448835,-2.5977367084755056,0.63809481002852508,0.082140329150999308,-0.82990541126535522,-0.40726429207661713,0.23998971772208721,2.6945275012018213,1.2634571911657755,-0.22204846834093281,-0.33215916029054832,-1.734938330691385,-0.28938826230783815,-0.44470601322619246,-0.43470732024272307,2.0448504878700491,0.16759013082696578,0.8706991942125889,0.3183971099095767,-0.22067005369175599,0.21110831941665717,-0.81739384690734229,0.82183584168463231,-1.4576172966906935,-0.98750517927241721,1.15678050930981,0.43461899372561075,-0.65292318012552841,0.84941535589752315,1.0431468426465182,0.64584427300017122,-1.4652576479606527,0.53505057759715702
83,3,-1.5710133069939161,-0.33598126155410574,-0.50227996491171256,-0.30779260679552706,-0.51317075731306816,0.08736049211747772,-0.55025932104937614,1.7715708149011009,-0.077302186433908446,1.6461428493747239,0.74881514902276214,0.33498898862538912,-0.24942843794424949,-2.8077226568933402,-1.7215324433633896,0.12856191700693298,0.20036704135257594,1.4060131520347339,2.704218342511906,0.40564229711901312,0.22446061702454098,1.0331981749428241,-0.086686493395378247,-1.8079182176164661,0.81553269716836296,0.78133964488633056,-0.38204289178000045,1.3769897679812031,-0.70551814411761626,1.246092273304632,0.50168023282895369,-0.5164113538992039,-1.0747655560941896
83,4,-4.3780741976055726,-0.50261793505848007,0.28120188474225116,0.93900735147216818,-1.8790878857693838,-0.81381536998225856,-1.8919628492871214,-0.48399533594864347,1.8069424422040081,-0.92988691553084379,0.071731581423537499,-1.5751474632489393,0.48597771905904141,-1.0378049780549476,1.3379259364896459,-0.97303666705627345,-0.11280769817287348,-0.11606600399678169,0.077906234814285769,1.2604354989586106,-1.1607047646582349,0.62659930833272071,-0.65792939811768725,-1.0026155508631367,-1.3601873732444092,-1.3323679964753603,-0.077998034795225102,0.033333642911600313,-0.089036648694443207,1.5324353117593765,0.84492728799392336,-1.785875627324315,-0.31542489010561481
83,5,0.38499404196506837,-0.3083726972369944,-0.69402231097861877,1.5809730623431673,-0.024199269560263224,1.8723159312029791,-1.9009703085980825,0.056480477242545402,-0.050928287481881475,1.87176010230454,-0.21811558063731704,0.37669591647533252,-0.055584127940681294,0.69609545707146825,-0.71965463332067114,-0.25321199327898575,0.74741962251259553,1.2022525974100255,0.13451972944607965,-0.3738789106291725,-0.45951590138470805,-0.34979851930606182,1.4952632967323138,0.12934284291434692,-0.11214430855763889,0.082291833724956062,-1.1202675497648473,-0.021659098828339024,0.46472401269426816,-0.34814973362456503,-0.91532854703251598,0.75345114371066979,0.58827486978359067
83,6,-4.1882775911433896,-0.79362935510623489,0.24620265098899394,0.5255369930399616,0.74411010148513435,-0.24752615585880267,0.63907758455121788,0.29343565549836964,0.76735675497109701,3.0934975445264774,-1.7624618856058361,1.0208626621135881,0.79893871101784253,-0.030940499152148391,-1.2253875028147709,0.014415341137650178,0.6935418561184078,-0.14113172636522572,-0.14808823155079837,-1.7129819224697906,-0.98108394018058598,0.74105881587078637,1.2002705413449828,-0.70786799987139792,1.1946580568987364,-1.8896901371109991,0.058575408863229234,-0.04594952721530296,-0.0082737801501707783,0.54683066556925908,-0.44716362157564987,-1.6089269728356992,-1.0734078908833169
83,7,-3.691443279769036,-1.7353629772379591,-0.18392837910894239,-1.4496126612860873,-0.80555181095555173,-0.86615300661576788,-1.339023056399457,1.5194194791754501,-0.34068725498896618,1.1022328156622025,0.23778601379329298,-1.5519976923833947,-0.0024244158402941325,-0.54653441753681331,0.58921448182233316,-0.72765540035865384,0.4022738380297744,0.73041346642177818,-2.0362191656106279,-1.5935607656428674,1.4391623730949776,0.26099993406806449,0.68289085111946302,0.61726143273908818,-0.29699269988958771,-1.1189929646278993,-1.5515611447188546,1.1579582001690318,0.4687846173755213,0.47383596571523651,-0.37016048486966463,0.22898604893736671,0.24040860894884725
83,8,2.1382830465219684,1.4912542451344093,1.1364393830334347,-1.4528907117797576,0.21506841739831986,1.5704963819580451,-0.16479152548497189,1.1745186916340313,0.19677340172729357,-0.067711745939516343,-0.93549087368855854,0.054735738408507505,-0.30592594176792354,0.17060520417834235,-0.69729375746871336,0.99168532299347745,1.350992665441433,0.55080651757866472,1.3910985040171382,-0.48117422959184969,1.2589677195344178,-0.28857973559017447,-0.96022476621094854,-0.88781578600401845,0.024436797206444989,0.23694699357269028,-0.13025748038653731,1.1973088298676655,0.28651473279471179,1.1147355605676517,1.8124870935673774,0.054233482025637693,-0.087730014600124306
83,9,-2.1304106307983606,0.86416476134957365,0.7503675115161903,-0.67744793246242196,0.23541018595916871,0.017943959624432074,-0.062262419188871994,2.2813528184822327,-0.42106608020463115,-0.40451358914073426,-0.41411103563189305,-0.90381846489409567,-0.38309708103753498,-0.28746192149641814,-0.10537295386423974,-0.070951072793979109,-0.57687708193671117,-0.11113688737309396,0.26501874327003294,0.15587982990521415,0.56854831852594745,-0.48045709744572157,-1.3055722270515477,-0.50367296377343207,-0.72882378844502349,0.46651365664343181,-0.92696042507400456,1.5724528579974764,0.49015924465083088,0.11720183100075476,-0.69940162749737811,-0.52313229429451003,0.88676482933288581
83,10,-0.62230206465974325,-1.076721731043409,-0.80921703673694345,-0.71988360765203441,-0.62741425364840087,-1.5536500171408798,-1.4766144417101603,-0.23346389259199526,-0.34198985300963453,-0.33865349959478169,0.53285851305840082,0.77887277100925523,-1.365798348462044,-0.47282065613594232,-1.7513913256942779,-0.81203112176854542,-0.48349828051220484,-0.13524268648353663,-0.50867126892571513,-0.095287940222230944,1.2612205763496143,0.34795773691014764,0.048040318845699356,0.16183781287369206,0.74974432397189217,-1.3572298068912714,-0.94236016140051948,1.1905886358521249,-0.21061011333146681,-0.47181590417769004,0.52247107246054902,1.5476392329975059,-0.85356911855932005
84,1,-2.4998334626359866,1.717147513067194,3.2671349121011173,-0.80791189239679573,0.65335735007699958,0.21547928143192607,-0.71853388391311279,-0.84819552733139525,-0.90431400531903672,1.4113825814978487,-1.4871592376342073,-1.1618898093571872,-0.43493109418503212,-0.93741226311254711,-0.12841325459261518,1.1964712461504268,0.73739088950386378,0.38374829677707628,0.40356130700085868,-0.15346257697232529,0.78731292964095567,-0.2602333894992519,-1.5058783757862526,-1.0144358090637282,0.39952482692813152,-0.064433419562379177,0.59433456698908971,-0.39987006308945372,-0.12886805837478174,-0.16995308607160342,1.3977216131937671,-1.2788009704856436,0.27235206286003172
84,2,-0.060763459467707115,0.3031852262432162,0.0027130648495673508,-0.029776869343633747,1.5670862113103483,-1.4087409540113274,-0.30635664580299726,0.11220969558947155,0.12481703040698801,0.1116039949075695,-0.54571399030160705,0.6025794651044164,0.02477501638923962,-0.41177776939748084,1.6575872087413117,0.67948868349671998,-2.5402411490093071,0.46071007422064192,-0.48447600044133837,0.7604569484393795,-0.71746166955631951,0.23922393148582308,1.5839329870857994,0.60888300974006171,1.5816919574095818,1.4804813077563381,-0.020379555397385792,1.4850056541019176,0.098430510518783376,-1.0846392889551844,0.25067504645997385,-0.32717122277705801,1.5510299303872424
84,3,-0.36806360695625595,-0.002903955518871992,0.0028376213107270281,-1.4362563057222182,-0.57514579158819823,0.57259187580805393,0.49588964405928537,-0.23144116076358323,0.03559258246321776,-0.65607805887494108,-1.5645445916809837,1.1403257298898406,-0.69773468465562705,-1.2826514995489466,0.90435474263842175,-0.25911346663534196,1.8915736889815258,-1.5683962627339021,0.36799436052000845,1.050954719076987,-0.91526017522028658,0.29693562963571596,-0.84224136607986833,-0.62175381522001261,0.74353304236768314,0.35341176797188928,-0.23266638834044223,1.5370213435868993,-0.16597973427502138,-0.80677440803841705,0.12119288848111603,-0.68726634611941928,-0.39014655987413011
84,4,-3.8377592727454237,0.02089600092658336,1.0138510172475474,0.30997444516423306,-0.4078068784919161,0.11216737820905882,0.7624920518467444,-0.71234229977642038,-0.00021507673714163172,0.59884915536391481,1.0252776614190524,0.83339611704117222,1.722247116435631,-1.2390657396593008,0.2554872263931916,0.39755392921286348,-1.4825671127131186,-0.31564554173671183,0.79960944303247772,2.3153523452715432,0.4899850516818916,-0.65141045946872178,-0.55868358134560492,0.075491762345232652,-1.7849557106511644,-0.7284132581096826,-2.4326532797235649,0.26231399442889475,-0.27531686233261909,0.86006728782954489,0.57948331100871975,-1.2466826475476327,0.72083561857208844
84,5,-0.53427489434848807,-0.6197096935072044,0.32604835768112772,1.8334764158859709,-0.3831145809453792,1.5628350090699543,0.091293773423143099,0.47457108700281053,-0.44999584078125004,-0.69969984175039679,0.13019201052814847,-0.063061533259891042,-0.55388020972334373,0.58341710593350971,1.5235554259726241,-1.0338277759828993,-0.20492165627076914,-0.084269227273732414,-1.5604253792189036,0.51547290256128553,0.26490273902386746,-0.17618424119457066,-0.13684255689959743,-2.266821094478304,0.76333932429039253,-0.49743099989355144,-1.0081239882280901,1.3214428911123706,0.62916975766198024,-2.0849642322158841,-0.42059991883770237,0.28413200124493992,2.1139417441403547
84,6,-2.7373241899451228,-2.2024017655584589,-0.5369541473417957,-0.67729341734176318,-0.56943334351505714,1.5799936135936481,-0.090951876990309544,1.161858839526376,0.56098586697655173,-0.57099641923167255,-0.097269629069518901,-0.85746407846906081,0.20605539862995725,-0.8819123264240164,-0.52078938830045685,0.082861134180628945,0.037084100293379191,-0.17702913160692041,1.3092736180374289,-0.81268110521898651,2.1282864663513652,0.40275457551427229,0.55714744753024004,0.31642065557565019,1.6393129354477853,-0.13361748211277599,-1.1692567078394396,-0.49382596399494194,-0.41733205861942196,-0.39311693626660765,-0.75804402531972004,-0.62055729269578341,0.4999950182655033
84,7,-1.1117063446379347,0.32756234884999996,-0.040037011612342153,0.0044256279308045625,-1.304942288672194,1.3032406608570091,0.15120212804041788,-0.87985741225506831,1.1696288602886931,-0.37598556220473922,0.96798721526168774,0.58968697182999652,-1.5231693190711433,0.65712927763700002,-0.856713699906822,0.90419543135015346,1.5786103233500068,1.0659474026266467,-0.79493986501275204,-0.51663533172353682,0.061244524037796719,-1.0682542261269949,0.19410854005672207,-0.5130603464308966,-1.0706927454380912,0.20940537009517124,-0.1312964220714074,0.96642856480354211,0.36640065617140027,-1.1739881695937975,0.89639664455714207,0.19816246476294999,0.12240497300631291
84,8,0.98412568944790324,-1.4333757220831285,-0.78450898834106031,1.8179729272424459,2.1526114465755497,0.16777834899272168,-1.5563889737875423,-0.5125757997254986,-1.0080766154222729,-0.18061223205095955,0.012887341320261286,-0.38233360981376441,-0.30517522193552882,0.50290149824995189,0.21043133054096153,0.67496751111854447,-0.25392197058935412,0.6797870399941488,1.2894620837747226,-0.095514626024283025,-0.18994957690589101,0.77931863505936472,0.33431226981537576,0.97031247625368566,-0.76425390463300324,0.083678814345684166,0.073052435769746404,2.2605212403661143,1.3334583065631225,1.5328724937532709,-1.7338430727992067,0.81684110408244426,0.66458427634396089
84,9,2.8993705436106239,1.326927870293559,-0.22242572749355585,0.76232142976428108,-0.37866698705620983,-0.27368830767325297,1.1472010690192951,0.63519925518217668,0.84288195181974912,-1.8834445533373159,0.67038011695716981,0.097207787152958219,-1.682221038311698,-0.17877194167260088,1.3754441268760684,1.0535616280563436,1.9361205278571001,-1.9248930605241694,0.96582302451614011,0.034329958163987047,-0.9961855943459248,-0.18179650308427986,-0.39115724957567449,-0.67870718917221307,0.68664260610725902,-0.038150172299496805,1.2893880271781215,0.77772104132063913,0.8475212443992155,-0.52713004792420126,0.17340694299709675,1.2057385486950372,-0.89997610329693833
84,10,0.87929999822486782,-0.36696082237353989,-1.2584472002636093,-1.0459684051252887,-0.377184505614926,0.15949433354023365,-1.003892807483858,1.1346334956250235,0.21733821771769246,0.46237564388280022,0.47230981265876121,-0.90423363257629974,0.1866780301064512,-0.76068450039707591,0.12112158990537412,-0.29501622455024712,-1.6920089311494739,0.24393538536705331,0.2989053947379382,-2.7541332049813589,0.13017929784692517,-0.038674003857932751,-0.37873384701475682,-0.49789710668736936,-1.5219356562425208,2.6711986970858135,-1.0195612327042172,-0.85416214395588708,-0.85168817630605997,-0.84217827646058507,-1.5266993714805199,0.35846813868507432,0.5487957574213389
85,1,-5.7319381273765977,-0.27336921623162114,1.0490584538246914,0.39379588766419366,-0.060374719167572151,-1.9312842372183101,1.3915079763053713,0.0097482755504635712,0.8053604299165853,0.22284708606102507,-0.0609433548634069,0.078575219720146527,-0.19004031365357396,-1.9173296140046994,-0.75391114566431239,0.44653239386681187,-0.43608743881387513,0.22538249920174672,-1.8849622299948072,-0.8267305034461212,-1.3352138446449999,-1.1120348541139653,0.18526141741035329,-0.23099552638432566,0.067649815835315458,0.56482998861597911,-0.095192944460815873,0.3041465946676904,-2.5968964858953587,-0.21878684518125566,-0.68176611537065868,-2.1439763290361706,1.4675776420994606
85,2,-2.3112623421619789,-1.6478998569860486,0.71792559231321051,1.9210571473011977,0.076000511625688633,-1.0068944631948376,1.7651099045638305,-0.64619316396349391,0.21313251598946997,-0.49598351806874663,0.097393889212259263,-1.0422860242623664,0.28604612602633883,0.86185856860490184,-0.27540663863860271,-1.1364650325909182,0.42785381526877564,-0.023600209131949997,0.57268240379625579,0.8276381630774774,-0.5619552323118514,-0.66214817993541031,1.5600353649241681,-1.8284162951332537,0.29947038438233231,-1.2057364797729224,-1.0163611795511269,-1.5471816122525655,-0.45533755213793337,-0.16510442445136858,0.57603996306258343,-0.25568566261534081,-0.70663824332454561
85,3,2.6882574230169523,1.1073277022589867,0.64401251137953341,0.33228879181029319,0.10607585793975338,0.1762461846248097,-0.32552357935906451,-1.2999621173994445,0.042679466105163905,0.90829037748158081,-2.0357620114021815,1.3048456377109516,-0.46024830249797277,1.2448922056205356,-0.53631386136555736,-1.7227601477398775,0.98456256392611341,-0.72909087226734437,0.22828713698399147,0.78004987991258745,-0.68037773939939916,-0.12988462681996643,-0.33529143458596883,-1.6666240454763332,-0.067089732975151001,-0.88537241608947714,-1.3615236439679788,0.36893435117538192,-0.071161948960763263,-0.84207202060929032,-0.8177903256727479,1.9317810172090895,0.40561998258027282
85,4,-2.7309373069339933,-1.0238651493082642,0.55113084777990273,1.4379312954645358,-0.091950013460159602,-0.82743965475352022,0.00050196260564833281,0.94389815949180755,-0.59948878830082286,-0.27467653499325889,2.5726629846933844,1.2678239108547231,-1.5947284836215148,1.0828825672107847,0.080714435841657606,-0.95524603350329795,-2.183857493642587,-0.08998532348864155,-0.28531051106825905,0.79038731501744297,-0.68431976728340804,-1.1517823081488818,0.42680250580287266,2.0301114649161591,0.3889698656828563,-0.20671078671184456,0.14750451603092307,0.63028595692628753,0.29254935058446185,0.28221618712939744,0.32099115804689377,0.7899996403415197,-0.021566176597170382
85,5,-2.1905958923413782,-1.2792749320840129,-1.6257318967924275,-0.80640560907893244,2.0043107924882797,0.44013940791660888,0.30360826931824925,1.0465329824182577,0.48994797181183636,0.39829885886376143,2.1812270370066229,-0.40534335951616468,-0.028738531344955975,-0.23930684002301861,0.72113329100490731,-0.30855133042658994,-0.18651916569069546,-0.054284652072527216,-0.6050048607239461,-0.3281943949280105,-1.6239652468488086,-0.15715540712964118,0.63655070977199979,2.2034060710902579,-0.91417387516940096,0.27422425109708964,1.5847304289593021,0.61842607256223059,-0.8495560373048413,0.41789867663312519,-1.8302798302604695,-0.44523035443248266,-1.284539198879852
85,6,-0.94671075222647261,2.012934088691972,0.056917733692527221,0.18886528182920398,-0.35517012984542234,-0.95498819210556563,-1.5324166409369713,-1.7147856630680713,1.2838477798335264,1.5488711529664991,-0.86751799375559357,0.28873023399757486,-1.1639052628389583,-1.026805428213031,0.00034175325619414812,0.84765374161177542,1.9987033073695686,1.1392491361647628,-1.1349394564526667,0.96430748586115222,0.84811720657247214,1.0990897762081695,-0.3019111826731124,-2.116351634177402,0.49117861803836865,0.04532348653528321,0.14634373218887145,0.34736432499391701,-1.4823694187743977,0.36653038567427798,0.087865756181939605,0.63531539515040114,-0.003788611423152535
85,7,1.4420635199065595,1.3071332488962519,-0.094129751037269782,0.033005465763863658,-0.13168648700871757,1.8597289195073212,0.43221688293431354,1.4102284241740874,0.84620054596857086,1.165195934575322,0.52720611768978898,0.64444695481026781,2.2202929479459441,0.5085014279278155,-0.38825746086475982,1.5728700702686438,-1.3360902840929521,0.74739396903637767,-0.75933921292018847,-1.2290678527978758,0.24213541686232284,-0.11605760035187,-0.35039222352843974,1.0014490568711392,-0.21061976929390128,0.011674499139480158,-1.5713552030209774,-1.2532940064073363,1.0580154644619997,0.36185770950034402,-0.50652932858484434,0.68076149056440494,-0.27642763807395604
85,8,1.743128064077712,0.51448295317819248,-0.60822496864264541,0.50728552234210966,1.611246774282151,0.36209779448382462,0.92471728259253749,0.55629620273994407,-0.043633238872933695,-1.0127582589539008,-0.070304697598239055,0.17702849431162926,0.042607669505341603,0.38848936513151039,-0.24077375315008512,0.6170554165689266,1.1666766410342362,-0.76262564644480391,0.51983736955913218,2.3572927477438124,-1.0712352941516652,-0.52793385029977746,-0.88022076536458049,0.38850080562462075,-1.3587623467525978,-1.0587320357950396,-0.59890115260161758,0.4483651625005583,0.52032783558974915,-0.36563094838548088,-0.66446658067409858,-1.0120898411904389,-0.96160163224203254
85,9,-2.5443938297065403,-0.13911891450373182,-1.2272592226501788,-1.9830458264667445,-1.5057300508961262,0.1656967851881434,-0.47603527017784231,0.37929569867457014,-1.4585503839682559,0.073603583995423758,-1.3865641591310651,-2.280318920939393,0.19281831046173031,-0.49219976869587734,1.1458213715486727,-0.19114180722524873,1.0804404148748157,-0.69585159366149274,1.7846821356543818,-1.0262906075962157,0.64121972175924702,0.83239512713534081,-0.47668028159599024,-0.13364733073157664,-0.0033864448984727812,-0.36152398552972231,0.044930840573482907,-0.33017127009726505,0.45153298058885522,-0.34988263386916646,0.91267981455827207,-0.96039295456114915,-2.1749295961982549
85,10,-4.4686881943287791,-1.7787429331496212,2.0834972304085979,-0.1098856792555956,-0.27703178044100396,-0.50368663186824436,-1.2871908131006866,-2.146828838842608,0.71987945671486864,-1.3337528450165899,-0.11872240889968641,-1.9529089944070017,-1.0594119007308755,-1.3492236003398106,0.60978283006661338,2.142569996676603,1.9416732173607398,0.52518112321826127,-0.43785405700299063,-0.41784982073033944,-0.014590678121113367,0.84925928311694765,-2.3727180866758473,-0.60419655706641806,-0.32764193770007222,-1.2467878002740398,0.28528963780471867,0.895449102308425,-0.69092718775217166,-1.1233454891159373,-0.50705027071763387,1.2880080093769002,-1.1095551683671678
86,1,0.6142257867273111,0.91385055271302584,-0.40689153896049535,0.4256388259421231,1.1119670188309541,0.6844095253222926,1.2848193999135107,0.23950496887933423,0.19257575075461464,0.35476576248160452,0.99285429050355245,1.0506870351186008,0.12125804071446009,-0.48154830221352957,-0.63345251824383753,0.64844174643564989,0.43751994059337129,0.62735663513687356,-2.1203306167286002,1.4545195287939165,-0.094771998126743459,1.1903388635628116,0.66986563450975356,-0.52879665062987602,0.057168627556552463,-0.36586422375260275,0.41047202127452531,-0.2145697748684787,0.53778647307518845,0.70996869338689461,0.3746512202266688,0.94820639166145859,0.40190368189547737
86,2,0.013814184378882155,-0.55855778176299142,-0.95300010625282183,0.25451745334658354,0.14095385891419687,-0.12252310759817107,-1.0470399166315696,-0.34043580993312011,-0.79559366952143573,1.8076789438327652,-0.33894751715610644,-0.047327637374034441,0.53977209312397145,-0.15839303374689179,0.26198954085800663,-0.78638655297376436,0.25005318257601516,0.24272467814964416,1.3018641313320976,-0.65143414480896245,0.33788094290631221,0.64502025219909076,0.27371662943736236,0.92965096370972078,-0.29751355680175645,0.076139181120541355,-1.3837135487847874,0.16767088187937623,0.92596241174315985,-0.056321952064732894,0.30524662728417057,0.71124453198445536,-2.2272646078871174
86,3,-1.5671415337550019,-0.27380103267586453,-0.74884777530224933,-0.19630813944140513,1.0601131780779232,-2.1476702595631347,-0.7664093098020931,-1.0905859074992976,-0.13261457112635966,0.095541627456396716,0.76642919541607768,0.74111408100353304,-0.22460466579328478,0.071936704010289315,0.70630609095284669,-0.59805144914438635,0.11001615314900026,1.3659576725453761,1.2135314887624915,1.7312977624156523,0.36995777280829084,0.24325265028437817,-2.9594862103827668,0.0024736223231398668,-1.0476555037087021,0.074663441888005111,0.20211114461897903,0.36820266040486849,1.3126043950524826,-1.3933756318719785,0.38488602246258541,-0.65999811552050713,-1.5039021782272275
86,4,-3.5280131949620159,0.20689367713311771,-0.056404526214259072,1.4539463602220914,-0.18655059973050117,1.1704636798200929,-0.50891748412771254,-0.30696630010534071,-0.20114271026988498,-1.3144151880116959,0.94491558375965345,0.43863112471562266,-0.10367874987449363,1.3566537978224031,0.86142364521851078,-0.28264959203140105,0.36299728286126176,1.1799922694815481,0.53259748734593793,-1.3589930901782508,2.2309255750400516,0.2746651696453048,0.27007956863137195,0.33448067529791464,0.97380981305700454,0.14682829523671886,-1.0214711665910037,-0.53729193377554496,-0.062262786133094765,0.051381131480979676,-1.6023939447368611,0.027005685860768458,1.9986097128909153
86,5,-2.8154237944394893,-0.23620246947010498,-1.6974228217935785,-0.34653837766012513,-0.45822406000655946,-0.71017299823947033,1.1023321179732228,0.28993034595264161,-0.24347705612108542,1.4038801074050229,-0.2439341016014977,-0.82694475076690699,1.7807672900524727,-0.051600450376078112,-1.92313029828342,-0.97191608326391743,-0.20989575799237786,0.0043579461877249481,-1.1699546015785276,-0.84754359330642781,0.23393665715315543,0.060627853886636093,0.98148813302443427,0.25925233108966539,1.0996245988943874,-1.7877436122426005,0.75504592581920571,-0.99188997491898911,1.214327294389401,-0.20597314590377572,0.19913502225120366,-0.40929948696896745,-0.67246943924836633
86,6,-1.9070579237513114,-0.37280733930232618,-0.087026134568939886,-0.09933670367723102,1.804788715333371,-0.89017847315881737,0.32980650149904872,-0.40476520471899735,1.6474055502193674,-0.067161508773445427,1.8122377405614771,-0.46692967615461711,-0.25162664920395433,0.55604504034564906,0.65785293471267625,-0.7942492581809697,-0.61578602597550491,-1.0958316438557612,1.4378909851231589,0.87763207150817535,0.97500233211930809,-0.96620489114563834,1.5699909923684316,-1.3467374062904758,1.4171237516960364,0.066593592128235485,-0.45329682006249833,-0.19527083718254779,0.66616649031636466,0.61075696121923462,0.092848599286068631,0.13664735248716919,1.4083725035124295
86,7,-0.39302580464247255,-1.0000252186331915,-1.8239903904439594,-0.073633500124029971,-0.26229415846060489,0.6679628179597078,0.062868159406475096,0.88990358956779758,-0.14804687354566479,2.4719924644195057,-0.88134438486805644,-1.3446369202098807,0.37337752893075393,-0.47290488944815207,-0.50358694076023702,0.48454862483229905,-0.3861546829815331,0.84343166582879614,-0.70195185545938799,-0.14454770809460768,0.6216616271459805,0.48599265387975443,-1.6827142495712766,-0.55118888971373126,1.1365862007868319,-0.51714282276237666,0.4968040417662426,-0.92419025384835785,-1.9601128648456019,0.11400019880887281,-0.99468812059506095,1.22484087442185,0.17252076837579558
86,8,-2.962409775489304,-0.63594091524591889,1.0019368646177689,-0.32915322426498139,-0.5158102602773722,0.63146829742188015,0.39945024729944789,0.12763203275359683,0.95984585791693544,-0.85837237533447397,0.70607963058234524,0.11727269262431765,1.0280953987188262,1.4898613600321335,0.52711674993231583,0.62698049372686793,0.39046534869387939,-0.49952144403264537,-0.17643379373920159,-2.8487055986794676,0.40084451397271831,-1.9866320629946415,1.1407096469448563,0.45746089424755398,-0.87434202897729962,-0.10787311147262368,0.85444320007094199,-0.068544384097154548,-0.59805658398641204,-1.6531061541467482,0.081550875666206904,-0.07738256985349462,0.89465161389896553
86,9,0.48938453898817935,0.13490710331848338,-0.83659288830291434,0.79227210690644612,-0.91227327415480164,0.31327033819566263,-1.690175374721911,-0.38988334558574228,-1.4129843288219688,1.398831828123382,0.17484331209860191,0.54113406139894227,0.65447973839248608,0.51091565525815696,-1.379007660748468,0.11697379041951061,0.40486998348079156,-0.63995847009338791,1.6856928964266702,-0.82023162732070454,2.0081237550594482,0.31186894049993696,-0.91334265498152734,0.037748129548967009,1.7819990891335769,-0.21674527788410194,-1.784228542901092,0.99023300730033303,0.063008319021582881,-0.71548108510550146,-0.48564529899170111,1.4641262729430307,0.06151541069147981
86,10,-4.6510627286804427,-0.53068094907768804,1.8037188871734064,-0.60435546879655599,1.551309763473099,0.051885576779617713,-0.54153554430510387,0.74350481992323081,-1.2187378278940357,1.3242731520760811,-0.23354877114157055,-1.7187507368883141,-0.13885411156416907,2.7049377639656029,1.5294241204062711,0.38843289484130661,-0.23389193348338194,-0.490020699990317,0.5216226775047853,1.6659869186401548,-0.37651264209509283,-0.037216633139948344,-1.1787487060149164,0.2311681986363413,0.46606882330495469,-1.4753302366816314,0.33553823165407731,0.11847818941043904,0.22411497921373047,0.21616718471391616,0.47226898175540311,-1.9200423259732307,-0.87852686593225215
87,1,-0.77011969045124395,-0.77459247583741098,-0.82787536440821008,0.022271702007616891,-0.66494895263465348,-0.37284926771698657,0.75328237050656566,0.28307486391274422,-0.068346408093635083,0.62863566528204862,-0.21477930358155908,-0.83636809246315924,1.1955107762518851,-0.365582570600954,0.46781944053954194,0.78257400559528467,2.6272462076612269,0.46163810104741582,-1.3374653910730807,0.79278873349059731,-0.056210343793471444,-0.1503076444854449,0.62696376776677765,1.4356414678647758,0.12669854431006897,0.25591694886720917,-0.63080537261667102,-0.81753184115230293,-0.28462196459856515,0.14762888730162499,-0.21410656477517556,1.3220845285950098,0.87462315251373435
87,2,3.2455262924938686,1.4505519404647498,1.6746865839565317,0.67018408070791857,0.71604766974003331,-3.3592035159930052,1.4424034313801313,-1.4089490897361572,0.38114486653502561,1.9638713168728743,-0.48411765258815415,0.29327617468705486,-0.83774814362571592,0.41785311765411937,-0.587993422603444,0.40281047776252527,-1.7955943233170581,0.55491280275853683,-0.16939335498389518,1.0691537969606819,0.29208267401751387,-1.9251132988641337,2.365841119155478,-1.3673356093811513,-0.3591864467189303,1.2182049181232679,-0.65542804906010399,0.25894481842895528,-0.0022164533171019486,-0.12485499886899236,0.070250335534452049,1.2438805685471619,-1.9645528762175799
87,3,-0.4236039348020475,-0.69952839988869675,0.0018117019563119604,2.65230958941821,0.013441810448503939,0.36245656419478806,2.1309519095396818,-0.5181352738230347,-0.10101678442606032,-2.0855130195879834,1.1515162934878349,-0.16755674939098381,0.95557784959355729,0.0049270524631202985,0.78470153708453971,-0.93654492380834131,-0.89017282625645588,0.032473583253492408,-0.93047259593791787,-0.46037367616755154,0.87232593004869829,0.55762577174266181,-0.088872343074668236,-0.8716315239560688,-0.54286879954481626,-0.12804761338332851,0.33291443641907814,0.69754624061817794,-0.85662386831177606,1.3872570860692326,-1.0024310186588814,-0.93826473713621783,-1.8809193624078708
87,4,1.9618501276157272,1.0458844595946302,-1.1498159384893294,-0.38728784787757381,-0.96796779490306573,-0.5622464377084897,1.1037469125321482,-0.43629432653729888,1.280252871631997,1.0402148274481229,0.26044976159632788,-0.62841153093983426,-0.53354334474273168,-0.46365079576307244,0.20151516065545663,-0.10662474054244767,-0.89037241025478897,0.68109782974357369,-0.26079210284985338,-0.87605176796125106,-0.35929795060557118,-0.46309984838138951,0.4149003350833852,-0.27512144739385419,1.1337823756643632,1.3768686592173474,-1.4903883327142831,-1.1517891296195188,0.24196228492291927,0.3902390979891518,0.86151440077823904,2.2964755358639439,2.2511715539986663
87,5,3.2082965096457485,0.98898492365073831,0.52175372319013713,1.9013906221455557,1.457283534907746,-0.38955928643227372,-0.72105190994389901,-0.71543153464230402,0.093413248916325117,-0.81560496395026816,-1.9183112165056411,0.53320131461640619,-0.64254342738256054,1.5107664539432266,0.23961695651356926,0.16306353147145397,0.50417631908017124,-0.52832142949370708,-0.42334769856429078,-1.4702058482624631,-0.5938709960615085,0.038833823950244116,-0.61757125796380874,-1.6304035565870929,-1.3209821296006288,-1.9319242303094692,0.72695543176789212,-0.86010386500145419,-0.52804349475835732,-2.8162261963509665,-0.20222122282923505,0.25252239455774916,1.2119599559550871
87,6,0.79506940236284585,1.6237166475456093,0.53693089421731255,0.083759949520958235,0.24865354671526568,-0.57017479250811665,0.64812637597398115,0.0977847882502966,-0.26409080145382413,0.53114771330774979,-0.14435397705493533,-0.74892823546642495,0.70796875265017467,1.7130813420173592,-0.1518332252283793,1.1514822386919339,-1.5169874095131446,2.4152044611708381,0.087468423869826673,0.69799392325657705,-0.38298761927470837,-1.1107088898080804,-0.64998544400387237,-0.059750174846598988,1.6383584463002685,0.25039961255277959,-1.0749061214398827,-0.69777926175211746,0.16297008342772121,-0.72415543235562785,-0.93696399110795903,-0.61038497483443499,-1.0321435400406143
87,7,0.19906513579583462,-1.1851504460624098,0.14854493785439515,-0.34177521702435842,0.56017424724200948,-0.13847348212790089,0.14277429333947647,-0.72240504866525068,0.92751086370626679,0.95668934753280965,-0.084787925665015043,-0.33603780241670334,1.0241023498736013,-1.5539410012000552,-0.7426748102368208,0.052358154958321752,1.1134070936478779,-2.0331152056928503,-0.36171949490876776,0.89896284239460744,-0.89642384544156728,-0.74305883689439911,-1.6151329995795207,0.19254252123330184,-1.4261873361546245,-0.6192247940221568,-0.98246390938999961,-1.0833837205796193,-1.0286600466977354,0.19364444617629881,-1.1708628278591697,2.7234734340105633,0.11389100340988746
87,8,-6.2338799423336102,-1.094671464174759,0.74845469306496182,-0.28613039507864391,-1.1017785456741913,0.19328727573398283,0.62249365565296855,-0.33830900916064738,0.05226405758811134,-0.53035938890824008,1.3952699529698278,-1.6012526064043213,0.61889501170722228,-0.060649485583074869,-0.2485305387180976,-0.82141589553683092,0.38706218325711222,-0.56504471270653456,1.7260078170722062,-1.148826086289791,0.77206776682660838,1.4113501760014415,-1.5295909246458159,0.38788852235353971,1.330623783762692,1.5150202653559894,-0.59780391543885447,1.9453307427498256,-2.3375684632321807,-0.61638181111058787,1.1381150641165552,-0.23528357274591941,-0.4542273276193457
87,9,-4.3428824098930097,0.29188453627916372,-0.018727202189441263,-0.049191222990513879,-0.06907817439698799,-1.5933618928596134,0.37823511653549913,-0.4287958741765186,-1.2749055339295181,-0.31775959559736344,0.085483711636358567,-0.00063853535935056468,0.13233751913743305,-0.46070452057046124,0.43065763788273553,-1.6325534720787966,1.2467707538535115,-1.0785620342765461,-1.1302293331052293,0.18000126319382342,-0.50492572079700659,1.6569094655930585,0.29383111900575765,0.14579228649753137,0.71020576475585473,-0.93138353717299716,-0.58165072241382132,-0.42416902382839283,-1.3135562355942345,1.1331756944463083,1.1406380794537527,-0.33190518040765099,1.3063105164559998
87,10,0.38165991086118528,-0.15901651135035375,-0.14580131443209532,0.43113744603958032,0.1616132703213404,0.87933676289441443,-0.56763108357264569,1.8774897668419632,-1.403065892138297,0.2788354602933969,-0.42224950241185066,0.11980150857607502,0.33238108593461424,1.8694074952021997,0.064475348744522529,-0.7866632606450974,0.10869924527546061,0.41408783031393648,-1.713424099477004,0.9507053889253182,-0.085284672806011888,-0.11952456214907259,0.23885621714095501,1.5684422594353744,-1.1650438476899307,-0.73693583274702334,1.2513841957572023,-0.51825741014912696,1.426499133207644,-0.59204792639999171,-1.2912230245424345,1.1876860891996153,0.68169213701264153
88,1,-2.1860533119407988,-0.26521269151241367,0.40432152569705737,-1.2183457875259844,-1.1825740562713107,0.90154898561315855,-0.40993277751521484,0.66057543395415941,0.65108270238704358,0.644597254950253,0.67553474403421776,-0.14317014521807137,-1.4247603087737819,-1.1681002306823076,-0.14279947622169215,1.3253994051791844,0.36546969436442145,0.23310625200068882,1.5379830005876731,0.2785102154080013,0.61571405496510923,0.75530542370610831,-0.48131331462807997,-0.85928564043638922,-0.66758706206413387,-0.51892043154029188,-0.46751561974281419,-0.46443576240258355,0.28469691987524071,0.74679420525954632,-1.1731934321150084,-0.071734243199436359,0.39971962527030175
88,2,-0.37899839424354387,-0.42508175850566093,-0.5539153917808326,-1.251821746462334,2.1439329583089597,-0.32509713300278964,0.64232381763201818,-0.78910140664335471,-0.14374320657748274,-0.068466963387111196,-0.40249721866450722,-1.1448053697255733,0.52041056420270138,2.3346624313548641,-0.53926130504423875,-0.00072407752659086016,-2.1580838272681953,0.80121066066264934,-0.080714849217199292,-1.4417130646197371,-0.37468095307304206,0.075999192144050612,-1.2573008817552047,1.1252362713691781,-0.44759914058601996,-0.6111277257081974,2.1335190239819344,-1.389719717394438,-0.83351622126041947,-0.25602430149470662,-1.364375598020146,-0.76382166848112198,-1.241724817557103
88,3,0.19940709891178732,0.5757958529506938,0.15239413525046819,-0.20924237898714182,1.5897678728756794,-0.77759472721130996,0.46795514244724634,1.8041242199172485,2.4303945280665116,0.17126062076960058,-0.70281337968617086,-1.2340301857673501,-0.94829042972398991,-0.91232690318400833,0.42839617561617532,-1.4594413805476338,1.5567370980541326,-0.29636440007099185,1.7020210541894667,-2.4631322660516317,-0.21104702007106743,-0.050069267157859164,1.9313167734339596,1.6247097518480964,-0.54944802805253956,0.87715370772201084,0.90325449436206717,-2.0630744871349891,1.1358055723415907,0.091680536057242495,2.3042461824253317,-1.6024216673656537,0.80443813421360755
88,4,-7.3307009528811724,-1.0004901531914798,1.9912224233994855,-0.0023607952509922593,-0.85460958077998006,0.96354772692329516,-0.12770907245901297,-1.3318297712827081,1.4333690537820181,0.92893204076828773,0.13233238566372296,0.12588756179248139,-2.3514942213790508,-1.5765753364291759,-1.408561892487201,0.075899676405725605,-0.062552532732811819,0.6498028060961375,-0.81577660851381995,-0.42544148532417764,0.39066078624550182,-0.041850506111451011,-1.0712544466503873,0.44932451829179382,-0.039059765734569318,-0.26024285400745051,1.0271939328923534,-0.89657298874593105,0.33556115583349311,-1.1027552599372774,0.95625741013226528,-0.77820145637977478,2.0421152222018204
88,5,-2.6126391230140751,0.56221506116227482,0.59168896953525896,-1.3368991425682364,-1.1183999730850263,-1.1119712284034087,-0.87610433502065521,-0.84574636395123648,0.55257519995312998,-0.022599485469109972,1.7250940420071452,0.5557412698768589,0.035083338159195059,-0.49997768214614258,-2.0467923087529005,-1.0399471572143286,0.44452955572844588,-0.48055182027275284,0.73344364428810915,0.59532664673404856,0.76974109522529699,-0.71341656008593934,-0.17999591256256439,0.13068069434738586,0.74161339540607873,-0.45070092639855019,-0.53442376460546837,0.84971101852334796,-2.4233045650747314,1.0506577074393142,-2.0575736797007722,-0.72868285799926802,-0.75061900975311369
88,6,1.1054517987164565,0.3021190871400376,-0.72296178493290653,1.6399668747230753,-0.091675411900717194,-0.19453237753959385,-0.73282600696918287,-1.6370015925950232,-0.14701589056294534,-0.18084881210111556,0.98783336375970254,2.1011333168179505,-0.85221415567278902,0.014271338199140502,-0.48838597471078088,-0.39147771852227237,1.7418158490853379,-1.3923830934776271,0.51088600499399528,-2.9123608283908826,1.0706411917674898,0.2069990031563895,2.0499994132714239,1.2588922018624706,-1.4768872157690249,-0.25124116780030104,0.16563542525030892,-1.5469254400550474,-0.17781797881139969,0.75333739634329733,-0.28538494002460496,0.15235191755307101,1.0458130960105558
88,7,1.760258478411415,0.59011512664556387,0.0040810670733349118,0.94569476289031762,-1.6334201730791371,0.73571735626280843,0.12952291600326063,0.39636940483202598,-1.3603843340831865,0.64145778086061966,-2.421250005414604,1.3334741963931609,-0.67051949548194512,-0.22347727702468378,1.0482742704475465,0.015948396855923596,0.54870085726517226,0.25753138012803345,-1.3816820001766548,2.602333735762782,-1.4764430835475486,0.35223436254735085,1.2911611246034969,0.65461734908332614,-2.6388967220693385,0.097897608710020137,0.90883382002336488,1.6342119546918361,1.5520835906883215,0.28720505157431792,-0.77716915870681424,0.72541982736234412,-0.66419237160951605
88,8,0.0089726687770645824,-0.25053152845187499,-0.63466947316014977,-0.67854870984855253,-0.98033407463933431,0.061144482663902426,-1.5913505290731285,-0.78707435175620044,0.43609247260266887,-1.2725757172083052,0.30825201582236716,-0.48636441705259398,-1.4822684646653903,-1.1623329314097206,-0.30286438846225355,1.0668714730157702,0.3208884567778319,-0.014547541813483974,-1.0636908424075606,0.59377306128135909,0.76480219549121453,1.6238494215699881,0.68809019005625605,1.5146158923689674,-0.57070025198371843,1.3540882768901075,-1.3851011042469688,0.63149587380043271,0.73430778061215185,-0.7410000664371954,-0.49668743362172146,1.2135022471920334,-0.71409995788835279
88,9,-1.5635418300513149,0.73035811540494888,0.95906210926661617,-0.49448147545001719,-0.77238516871208485,0.9057021078937344,-0.065067902845879891,1.6309278058068657,-1.0586196450433054,2.0412517454178287,-0.48363309804407006,-0.81808891775814685,-0.64109980457480709,1.0853621267270681,-0.60087538908772264,-1.462570906537412,1.1414498642486777,-1.8838756780891319,0.66704622487101295,0.50303403721611417,0.0011916324272506682,0.41908836485592965,0.030334681188317704,-0.600511322810244,0.45557156178830244,2.355646697506752,-0.49250174119890383,-0.67410221226661171,1.8254291037272152,0.3667866523228473,-0.23794862633703662,-0.71175003013913052,-0.60273505048997444
88,10,-5.4272427336897895,0.11995428502133053,2.507449043246325,-1.7344836334985518,-1.4739151051948625,-0.3915611014143367,0.97701351679302539,-1.1719258219490356,0.51289741763519148,-0.078213005934698113,0.59412144896424746,-0.89214471374943194,-0.10123826259642998,1.4299583837213745,-0.36286920848619691,0.14721407920770174,-1.4348786880311943,1.0031793250672256,-1.3861639729356843,-1.2200720911351042,0.58218427138909967,-0.40041086269259757,0.20822396824336595,-0.080275987737030124,-0.55327069942480966,0.15351124696074814,0.0024992344798059341,-0.093630365845013025,0.52552959866006943,-0.10903513016060883,1.1861186445438414,-0.054494876458007976,1.7129083426783724
89,1,6.022598869956072,0.77479871422312818,-1.1414262928638661,0.40102149623780797,0.30099688041203621,-1.2112971404658617,-1.5139749192212004,1.3101396903366243,-2.0129377152549299,1.1322416339123431,-0.57050176385417184,0.051345391004918847,-0.61037407649631403,0.73952927465057472,0.23782733502469294,-0.57408955406532103,-0.10901064900809607,1.6177265349368719,-0.56350069668424507,1.2966442169290129,0.85985505256544592,-0.22568770217703735,-1.4494232690243725,0.23256041506230185,1.3753641012228741,0.075542771818333798,0.7301119552058738,1.0512781024859608,1.0056607286556161,-0.96653899886906702,0.69426609636519343,1.0578951802932433,-0.35768170493135748
89,2,2.5090206344295822,0.36937870935801703,-0.22235192582350419,0.20740630387296816,-1.0614202988986925,-1.95692765848629,-0.48122377478107753,0.19712499734545838,-0.90968346497769015,-0.26099485983556586,0.30440606255380187,-0.41473727496690455,0.89023520395091682,-0.034006321819021135,-0.98201506339040701,-0.29806895497986052,2.1113960235943998,0.61723269418601445,-0.057482022990719285,-0.45957412850310531,1.7911761353821163,0.39762589751477151,-0.70853653151568008,-0.015033158575087474,1.5866610297572645,-0.81672398118261225,-0.081003184792830751,0.35497692144680593,0.14274670238335793,-1.0421500682558991,1.3914036768606575,1.1240693097499213,0.39211244078578811
89,3,1.4353689352826646,-0.25348838262163786,-1.0970337560456549,0.35155714663501758,-0.95881921987369556,0.11107161341875339,0.94136849883528195,0.53486211989324262,0.55376358288073912,0.14735515342497751,-0.12418346579831475,-0.34700016500863418,-0.60493723302795321,-0.89423866358979687,1.1691783806115532,1.0327466975853912,-1.4689769949285838,-0.49804134200032762,0.40751127763407119,-0.92756127249197384,-1.1104475048128155,-0.066814670109466859,0.33597618035993804,-0.33639457336944423,-0.040454591344566498,0.49349914158693181,0.089264425310618303,2.0522049354572829,0.69424918494895893,0.71379129747806547,0.52959826140498256,0.2902578029193067,-2.0924915305913014
89,4,-1.0250695818712132,-3.0662229850750164,-0.57573794699872261,-0.22972023644319781,1.2890507023940001,0.66022951873963553,1.5366687214214414,-1.1838667534117702,1.567248044809207,0.55018742852323299,0.57939497624888769,-1.5068367941174947,-1.8494986458001013,0.13057785463971472,-1.3508292202315551,-0.21829582315831014,-0.58958990092261965,-0.3325419435585007,0.51296944977887271,-0.43258498352770214,-2.7717379130757007,-0.49277805507696426,-1.4259723686276433,-0.69684552031889446,0.76098700760760507,-1.7685386185531764,0.19810887175190359,1.4553357768207187,0.21252579084669573,-1.3064651363564173,1.0539422342013245,0.1167734601095491,0.40464467645284163
89,5,1.1803002445658057,-0.68438729095160811,-0.70259192812087845,1.2500299654346132,0.17668386351270621,0.72307986660160528,0.18675639029090874,1.2844195778676664,-1.5955426971178424,1.1180764748488146,-0.42033381297709888,-1.064225573760786,0.38536818389029998,-0.97702844567976066,-0.080203162376745143,-0.018647882861407603,-1.3605090826261352,-0.12580775262976129,-1.3853414769482844,0.37150348376906722,0.7461193861924823,-0.81065315743456356,-0.056968534205066833,-0.74283292448802807,0.18121761166965397,-0.59148222321950905,0.55682999427577462,-1.3381147832291513,-0.4704061557010481,-1.2157120800899555,1.08820097012273,1.0653572435355596,1.9100810382640465
89,6,4.7380097775076448,1.2975576331273779,-0.63098358140735666,-0.1501469315278455,0.030597502294579214,-0.6756473091898485,-0.98993554390130034,-0.063790794204061155,-0.44241995121627181,1.0693788505316615,-1.1157856335270246,0.91420742811921119,0.55221791205496229,0.6060591916266922,0.18064255264849846,0.17143912268266839,-1.341788837376729,-0.27856781624908616,0.1231912317682838,0.9156746944312717,0.018805238257956863,-0.37685536683208148,-1.2786538706111488,1.9330757026609928,-0.76130392676598735,-0.50521112112346489,0.54249090449537551,-0.74956038073886688,-1.497822231584498,0.36892427056822263,0.43791737515846857,0.2480407948381867,0.56571947701846637
89,7,1.5684229859899781,0.0019279848174307524,-0.43251135610923713,-1.0300641797739041,-0.61866974475057224,-1.0176597135266026,0.9591923818643262,0.32202286039306138,1.3021554279677776,0.39003633228975926,0.4397332640007704,2.0028628634128798,-0.58234073499108896,1.3102599856896746,-1.5624136069328494,-0.39891101658801281,-0.60896959609629453,-0.90084809399601473,-0.24742231001389209,0.98291308756880003,-0.26554146397576472,-0.16269206226138561,1.2377413012576259,0.23825870844208072,0.44954572818942701,-0.60066218949632177,0.31002059022623207,-0.14706346821800942,-0.55398260684874268,-0.2642960756746206,-0.27397328465250775,0.15878558575683377,0.75235669777091119
89,8,3.3366696254701851,-0.11989798813572898,-0.17999048920866959,0.79245863058801014,-0.016993771430454628,1.1104204132289102,0.43697311549901086,1.2411780723035202,-1.2727712158775413,1.2645591895347013,0.89515654535156086,-0.34781659531225956,-0.60234714475571893,-0.039949206358442381,0.30654024641707089,-2.0750184087399313,-1.3623335213592285,-0.85111421013977095,0.73835498813181888,0.89027378486566178,-1.0954505910184955,1.2377916253992274,-1.678463225101942,-0.77011226259650079,1.1919590573143459,0.26371139145614764,-2.0791983528140245,0.83930818171774368,-0.16901561753591837,-0.21092953841783948,1.8626373632194804,0.76580936999579385,-0.92900125531459288
89,9,0.3938513059589499,0.11767559071471576,0.26899770691291081,-0.17033288966440643,-0.027172072122084098,-0.42044127165679357,0.91571731192934969,-1.7495140024300735,-0.040408219762345106,1.2999613682702162,-1.9351009676419286,-1.3866505547654531,0.067610168010315719,-0.17466778870192554,1.7864601034225414,-1.790227670901863,0.7591967057789113,0.6000445336857595,-0.21355005649196865,0.95839816556417345,-0.50175100117666482,-0.59681811161132592,0.10574451397658248,1.6535156002962488,1.1670288809987051,0.73152071541030494,0.49729636554487122,0.15192315111427759,-1.49084787973691,2.065568454177523,0.38815074566915303,0.72322860037082337,-0.15573802959710689
89,10,-2.2045598156061366,-1.3578806284902383,-1.3751362750266169,-0.26587965595150764,0.17690506974142919,-1.8713357450875994,-0.051428130661307178,-2.027298133066382,1.1508454217684436,-0.33527705390525081,0.57934694410165688,0.27993815290080781,-1.3680742460504987,-0.36729109668764304,-0.077218086749606368,-0.055281655040221318,0.64476268903264133,-1.0317603664396877,1.4581245009396397,-1.6780459098826552,-0.96916565147155276,-0.49309856933200902,0.36611170829263995,-0.52163790203696647,-0.60525816490260043,1.3629312005796941,0.2104154494275586,-0.32129982578104693,0.57887469670664793,1.4367509505966201,1.0311221916573858,-1.3949847156800952,1.2111839403239155
90,1,2.1860317258825299,0.48187527522063994,-0.14202638327399289,0.31158954651871862,-1.3054361727968178,-0.61010209337100874,0.34880562407355342,-0.24022343832820509,-1.1670243042096939,-0.96890026734751444,-0.94421363722429119,0.41252219365647519,0.45035828682639317,-0.2694688302124949,-0.87065717413053834,1.2484587009793824,-0.038062310966782718,-0.06998545619305202,0.40472131088931573,-0.35027391786116563,-0.25982396108867345,0.63101133421227673,-0.28750469803351464,-1.1740235352536319,0.73319540644945225,0.30748143488943891,-1.9275207372584322,-1.4918261936098589,-0.53051157516768577,1.0432598879440496,0.40134467291377129,1.7563747417563642,-0.5432102857786365
90,2,-2.5290054532697952,-1.477067078653888,-1.0860883627035276,0.83259348982043735,-0.074070308827493631,-2.1834407080901941,-0.41264079066461334,-0.62201317710047543,-0.66362074963642637,-1.0298032143121083,1.0450613680417173,0.38376025888130766,-0.28434175299556735,1.4234839907724299,-0.8018228451927496,0.34809067355389883,1.0671205069961229,-1.0866647277192172,0.75960182556695566,0.93043958062175647,0.06023679034136125,-1.7350493020185576,1.2931192364497446,-0.37081523799396354,0.33571723628047534,-2.171709768216219,0.48394080469334577,0.3184653009791425,0.16336727546084862,-1.4204177541327809,1.7298183700664442,0.042396288659846036,-0.21430196470266899
90,3,-1.9716744739717087,-0.69654777024269576,-2.0256012614226298,-1.8129751435071206,1.5708022799595389,0.20916168421296383,-0.17755122452589633,-1.090239316210422,-1.6809614828325299,-0.46238374050354952,-0.44601975034093627,0.88631640069437634,-2.3292070749778646,0.374799255783203,0.95934214465316336,-1.9389723664075735,-0.17512191260129434,1.0300131084803359,-1.1874543997060745,-0.15326880315214894,-0.097365388866153771,0.1976779020467595,0.8783013971415683,1.1366676436689351,0.66561810074127492,-0.53241119087306321,0.28314807862839453,1.4181968186109153,0.48838631094633383,0.21258943494774105,-1.0421507332088844,-0.13405355075035469,1.3258477909570174
90,4,-3.5078016464948121,-0.9362387542186279,0.19033139952251132,0.18657539908867632,0.034371838183412821,-0.12324714119940108,2.3525678511731778,1.9746578636912622,-0.38827450605746477,0.019190797232750238,-0.79433058874850826,0.74068314366264509,0.67293794134155849,-1.5472583501333543,0.84239099101971371,0.76507560056354762,-0.80171071926499993,-1.2730894438472593,-1.4875843299772895,0.64815562619377975,-0.96810210017753995,0.77480115813630956,0.30846852692938775,1.6263806839045452,-1.7937126622440591,1.307015826567042,-1.497028340671652,1.3818964816749373,-0.73055764328331618,0.66321467673965506,-0.4060289844977793,0.24157636812545788,-1.1030635462378737
90,5,0.066135552607588743,-0.67949299391800411,-0.72214466698993585,1.3294450602618555,-0.21083502018476413,0.57351809174231871,1.2121529284196102,-0.69778090047750907,-0.49528580079715273,-0.57358854314590091,1.5645803339747744,-0.62407365369496148,-0.46264615314766877,-0.35810885342357279,-0.29768069855615109,-0.32815916588513344,-1.4684244057353828,-0.079258585738588253,0.415903126867672,1.0008176382308303,1.9474632017906015,0.15769629157454459,0.21167665369754896,0.21656044165284849,0.83038924111806722,-0.35500987572801157,1.0687766351674413,-0.064905997534819709,2.5165906634540924,2.1464177121674126,-0.11584767615815307,0.30290795431830569,1.48411169104757
90,6,-1.4927262816173643,-0.39916729728915901,-0.36632454014276117,0.052429425947455859,1.2176067853386583,-2.695799555203525,1.2397884941271564,-0.32605497807153072,-1.5581365514672494,-1.0355799730638859,0.79072555827592972,1.0310111072100385,1.669238232911493,0.031267504162550683,0.070775928412376204,0.0065250810882322256,-0.042672313360083279,1.0164136454656794,1.297147399033538,-0.22675866356061875,-0.13818882651854417,0.46742723638826139,0.16679936302868409,1.4353592855553841,1.1458435807050127,-0.76728721837588931,-0.1517139654016062,-0.90979828512378891,-0.7821616084074593,-0.44315125673042866,0.23848281690277612,0.17652404589232482,0.2349507963689646
90,7,-1.6035912613755481,-0.025207265318233082,-1.8522047677107722,-0.97085055346550231,-0.65006425530276191,0.6461116693220299,-0.80740472593794776,-0.71692087692748818,1.027784289182764,-0.69676004669357527,0.077622782775430374,0.29906966030262716,-1.8505067929252579,0.54085474726866845,-0.2281647025754624,1.7480413619345012,-0.19111931380858432,1.0389519162965151,1.2022786472714422,-0.81164460136521865,-0.74201980521633482,0.058869002507883392,-1.7059117208960051,0.55537269914226062,-0.91535183253233754,-2.0569714313089524,-0.060459836324069705,-1.239151579002848,-1.0479219248532501,0.091546032067883684,0.8876641351004132,1.5210150232713124,2.260803190971854
90,8,-0.4712120383004631,0.37450281688638326,0.26008252899886802,0.8054876707573897,0.82599962833670304,-0.1274181786918471,1.6089312939758835,-1.646618180002174,-0.2784244096642467,-1.2076679070552476,0.52999143797139092,0.48232200982276324,1.3190703752750472,1.4787155626631567,0.27379267527344159,-0.7102223723229073,-1.5160200453749606,-1.4339484978828094,0.52682962440111558,-0.76050454421404301,2.0936185885282121,1.9655318853732591,1.6266698367134031,1.0999635712313016,2.5429664383994255,-0.49380522594268589,-0.30616296769871754,1.502930456634582,0.15057046626146645,-1.9311466767982932,-0.18905104187951194,-0.29771638196397493,-1.4600825904026533
90,9,-1.3551411171796108,1.2657533074433733,-0.73614993558678465,0.44366258561604111,-0.42635674361365405,-0.23045786054305667,-0.2421055481941338,-1.0405865222241419,-0.099262247619215954,-0.4541631567474087,-1.2061313760930852,-0.041618629248353668,0.47080652577917237,2.4814589706636467,1.2240637939361281,-0.14385785642704066,-0.82944788138287118,-0.13726536709773685,-1.0062601185303992,-1.2473885728947711,0.099540070190223845,-0.17886002767263551,1.5486386874659597,-1.2842910158758694,1.1609189631608217,0.23589260551701666,0.74262919805646799,0.16313226836894223,-0.61900483611034995,0.13347799666279175,0.53066258951897383,0.7323288215889967,0.32938902304820622
90,10,-1.6141098532814022,0.19208153505839173,1.299751326597842,0.22895267829805122,-0.35005807045522075,0.15497025980667761,1.3095456147158258,-0.92488529032582323,-0.070906193817972571,-0.58676272033961785,0.16058066372808125,1.6556847370995447,0.2764404214729298,0.079072539871908751,-0.69241757403741522,0.1995727489967668,1.6282389154223478,-0.13928669396774815,0.1933151571619901,-0.45075511892443465,-0.95697578029300012,-1.6046979745528851,1.7367600449509926,0.068785039670171438,0.26829378819795652,-0.50400029144592851,-0.51008721924804978,-1.1047404169841579,0.53726778841954714,0.00069077938550637073,-0.15126007283381826,-0.96937873280563336,-2.7175549950970974
91,1,2.3247041235769696,-1.8771333659419784,-0.6705603095996937,2.4516235147380994,0.42919347083782466,-1.2122655513056251,-0.91413792944022687,1.0973599430505074,0.35644141275548319,1.2650057170641968,-0.24299700258048959,0.43711356960292036,-0.89008338649837615,-0.86958986827218587,-0.084237637032550397,-0.32240650421975647,-0.037341447756581048,0.15325447397152298,-1.647607627475143,0.49970335615470635,-0.95217576930577386,0.21435433167076967,0.75581902358691311,0.61175601982151218,2.2129570244242567,1.7029960352709024,-2.3373765562012934,-0.96306252336354459,1.9971184601414944,1.2345189787990425,0.44741767931709214,1.3870589375678493,0.45422267079622564
91,2,2.9044081903242365,0.46798534465071906,-1.4208908281622843,0.97860056770211579,0.2126916591173742,-0.81096727416447556,0.55614807980083802,-0.16034496666324358,-0.4622590981383437,0.92028513868763773,0.37141980683810527,-0.50408211558126192,0.16778259428875969,0.081341178729569918,0.29250057131424323,0.28667401862356723,0.63398449265081891,-0.50394458718843671,2.2280510311962005,0.064395543531244645,0.48063352470469073,0.81071231468100269,0.38130884544388549,0.092151957486462016,0.29650541550915599,-0.82779482340364896,-0.71066206018798428,1.2390598051749311,-0.7109512742632057,-0.74132167962226569,-0.68426501538270013,-1.278841244548411,1.1527327169995374
91,3,2.1131409323068988,0.99602649838954282,-0.23789636865524119,0.77175744994427475,-0.53075385563226507,0.096739310197282949,-0.97771600843608475,-0.92510330008418085,-0.45535103555569617,-0.97221472884627758,0.30908476492273473,1.3466983746442103,0.46489523634090646,1.7016373765722044,0.38296316877469905,-0.5092284861861559,-1.22797600244658,-0.98628013713100104,-0.87558827628666891,0.021742225082245398,-0.68738603504335949,0.77420255896301815,-0.49540603303022995,-1.099952028052595,-0.68549239407037676,0.65221130205987221,-0.31554750033525653,0.98336397898663286,-0.12579034024517777,-0.1469052410643272,1.2745966013709649,1.0725319551876633,0.96259348365070685
91,4,-3.0774680466579416,0.51613677557451998,0.63458690387248473,0.023558714815343641,-0.95221058870948916,0.39399352154603273,-0.29537910002819306,-0.88029213916606353,0.6466582371084667,0.012478068566271414,0.064861102891161801,-1.1763833662113328,-0.75964647967878385,0.17238592105755521,-1.2543668441101488,0.6029160589134468,0.31121416730649998,0.31717004222071699,-1.6019108111254554,0.91801702186161827,1.1958843218226645,-0.76177915534331775,-0.11930357224609832,-0.94960823903646585,-1.3043469899630642,-1.3040678484559747,-0.82378245289388641,-1.5450359758023828,0.093778495109270582,0.30452067457919491,-0.40617437349330321,-0.87225675746383569,0.64426813953199591
91,5,0.87707330039107401,1.6777574864895644,1.6945753754548709,-0.14790323695383201,1.195181166233783,-0.24654939347330843,-1.3095281029032577,0.85511828335318063,0.094460309184728738,0.53885741156890865,-1.1622172913332904,-1.2996403446025719,0.76543421592034844,-0.29118638727523327,0.20785100788820382,-0.010894287427634727,0.075595585098051449,1.3434301079142041,0.68674353458614135,-0.59338756555018546,-0.87804472417375889,0.31905072160156761,0.95902036913533628,-0.097827777534548951,0.27967868250819827,0.8203175777957834,-0.86610097177562495,0.74174296163172526,0.2474983239385706,0.79972611649068148,0.4256553599674977,0.31184840631403316,-0.049687824351524891
91,6,-0.87505885148781337,0.2951318313205224,-0.22763129058151468,-0.53336409242933158,0.59823453028846107,-1.7741875478733415,-0.60499442927259439,-0.25513222656752582,-0.69531470852323873,-0.51022820038115224,-1.5012647478814913,0.88061833663095535,-0.44693770605470823,-1.4398051539957448,1.6832901508258939,0.16352322802917127,1.1939918625907278,-0.34302463681403456,2.2585026345768067,0.036435285429922512,2.6765609465293334,0.82641754468854045,-0.59702073308600179,-0.00077815015749558593,0.52391866990726543,-0.79575424981283127,-0.32964888587840047,0.95462659235434832,2.1646366581832361,-1.4625775820250062,-0.88489065692700364,-0.66523810558320473,1.0906205715270723
91,7,-2.090183087675336,-0.0085391978234069313,1.2124163627334412,-0.27219324171517978,-1.3024067955262186,-0.978562451276209,-0.81088518523893005,-0.27589869938134559,-0.33882203383651116,2.6883268737531516,0.60570044845782278,-0.066140969814808812,0.95270042739935934,0.087018014591742479,2.5524960341349336,-1.3395432926126873,1.6298523449990914,0.18022703294445488,0.84876108584252197,0.71209096281162443,-0.34941931249973507,-0.038125249715260857,0.53787273405361213,0.19730113832718563,-0.17995345286736297,-0.073544424483102125,-0.85930541900259483,-0.95476134039804161,1.024574184667908,0.57340599832905559,-0.20167813875600107,0.84179853291161166,-0.62384513491560922
91,8,-5.4023207033899565,-1.7049225065618909,1.1053154410779673,-0.33705216150705697,-0.21802133449608146,-1.2237843789442091,0.66638793271939833,1.1607987017613977,-0.2963641344197091,-0.79865776947262013,0.20693023658601026,-0.24670655976284347,0.21869418320205355,0.67248765457891391,-0.20348771597906043,-0.25775902306515119,0.27367568797690706,-1.2555987585414616,0.064112199983955592,0.16548298410403323,-1.2948557813588473,-0.87127441598104394,-0.21416439831901438,0.099178631390949915,1.2915701894233533,1.3115133763733053,1.4386128332044104,-1.6486727532879746,0.57954783076586192,0.072880710792948514,1.0168133211785486,-1.2405233715225752,1.2816602060627575
91,9,4.2651165435648082,-0.18469717535370983,-0.21486870590158105,1.8361871718995222,-0.2970461094831407,-0.56607582383560051,-1.4041413128538704,-0.21489441530367426,-1.0163724360413886,0.76324755729954541,-1.6449741070201289,-0.33156018307514107,-0.041344323925557834,0.44164268468267731,0.47615246690469282,-0.43879889095209101,-0.023000252840871972,-0.59749671594846787,0.41174768426408831,1.1852307909348858,-0.36365045908347388,-0.013142362351390168,0.29837423516672429,-0.042415454128962131,-0.64185963825632619,0.89992305788155624,-1.7461159525311341,1.1113687763587552,-0.65565867865878846,-0.70364533575417865,-0.15237957900055393,-0.12328829642076655,-2.0053005489003981
91,10,6.0109190724901671,2.2190271821765073,-0.79559844640344135,0.60914138129157425,1.1504612328348154,0.20576412701489488,0.48011650889667018,-1.0864055160040773,-0.0075009400492329443,-0.20505521885406233,-0.58916102991988983,0.87483742449974078,-1.1804516926559965,0.8702877127169294,0.26648677620328531,0.21032845250565341,0.44748214914122503,0.52482472991336915,0.76913116539764959,0.82166468932881265,-0.96062112028083091,0.47542525868920238,1.7005628701221029,1.1165750474636469,0.072981761543435775,0.038630946916745873,-2.2107155764641839,0.57013074633686445,0.94618653350895066,-0.34941743662304819,0.70065679843300699,1.4845093538773069,-0.61730926576579137
92,1,4.6386175166135324,0.28295423331164909,-1.4069677358414412,1.254494581425476,-1.4468277803185519,-0.28947236282882155,0.16275363254709355,1.721310537353913,-0.73153237456294629,-1.6558404353897331,2.4778846754127999,0.22547593917208567,0.45752809396658062,2.4152194274678283,-0.24415096879065976,1.4687985191260104,1.5125523589701892,0.35329246994537911,-0.24322515555121269,-0.49896577792956015,2.4862002672272552,-0.82946150616823333,0.58400898697101955,-0.7223271581389179,-0.08846089425794533,-1.0875479716060554,-1.2639790598919962,-2.1079148981951246,-0.044377325324986318,0.24216424692863664,-2.8253784391326122,0.63663480424979002,-1.8868796514717359
92,2,5.0401056878993016,1.0481562769877688,0.55641420646416451,0.59960896623156534,-0.21517633727582516,0.53355068341934953,-0.057722885814013018,0.73836727967290616,0.15818433056779094,-0.010781716682040436,-0.30275151643016091,0.71175527849095355,0.70073944049089476,-0.90459509604342592,-0.15090384682758243,-0.50151710280710649,0.51387015904348665,-0.28051416423011333,-1.1509428163897337,0.90475246246397634,1.3653050503019388,1.3667858657897456,1.228946076240284,1.0586092893714327,0.034516242433995349,0.8392377035085572,-0.85622393489540438,0.63950252056100287,-0.076350668112251649,0.83110846981488118,-0.053531523852878946,2.2030241983573182,0.522398378192374
92,3,1.4175307764631708,0.50881243877249627,0.078148785210524915,0.78803568532963697,0.54717764087706133,0.35260927853840518,0.95099568572882898,-0.42960070377981996,0.76553853658898763,-0.40549470928359954,-0.67157741344812216,0.93151413918819226,0.50338977610579461,-0.93794746368372739,-2.1805849620052156,0.6918354302782731,0.20267750522226427,0.5796710393360146,1.3456259019780741,1.2658982642932801,-0.011446757939957235,0.056019471593993418,0.75277686770528307,-0.46687085261596895,-0.043781198946303224,-0.30593919549971477,1.7397308074210724,-0.32046638140240025,-0.52250023065050599,0.76880043263537845,-0.38287181375322571,-0.23963333830115488,0.7878475299441553
92,4,0.77445157149960009,-0.059220192004743141,-0.044785085397892721,0.377254832194306,0.84416299542953743,0.0035107771264286099,0.19930681968671238,-0.045809982681876298,-0.0070553219776089693,0.98365953019807539,-0.40041483979008152,1.3321490335292463,-0.75598773148695231,0.57241006707433062,-0.23442078530869345,1.6224878630249839,1.6035880891859153,-0.77843083677598768,0.33156027819395684,0.65216332028414536,-2.1301996882265075,-0.18226126540789825,-0.18819288058937519,0.96562693338520789,0.85195933154503156,-0.66243234448793364,-1.916108139498174,0.016486999739589076,0.35850448619328407,-0.034960871683537509,0.42891889994205812,0.57909275496788915,1.243735009661296
92,5,2.6805872667197548,1.2421093599076896,-0.39991456195520481,0.03531793392252576,-1.7801484692446674,0.27313404344716607,-1.2002703280292319,-0.75021047309988609,-0.73781119345984614,-1.1852608815262065,-0.54155346855086328,-0.33077736476911784,0.049580420663831087,0.52483463876174286,0.16480535165731111,-0.31889923657230601,-1.650770120080975,0.82917006130894466,1.4088316212674441,-1.5390533117364256,0.38615838185492812,-2.2148658850928604,-1.4631174211479063,0.72555500328198952,-0.44215665005711308,-0.22406830406048442,-1.8385283175641189,0.35761962437343436,-2.0761473077043631,-0.45935277371544647,-0.78293295763719772,-1.3142702420969743,-2.0070099398649677
92,6,3.9628748918087959,2.902397402685851,-0.77918412623066069,-1.08433021138132,0.8595775243023035,1.0993941943226446,0.69967995654374837,-0.75185488083293117,1.8428328782252403,2.3396167763500908,0.94194783905437085,-0.78680543819760362,-1.2574116912328541,3.0070937924566383,-1.4214540549906738,-2.1474587209288645,-0.42205562704442973,1.0013218837757638,-1.7209480396781809,-0.34035077952982934,2.1702200028019241,0.43913212090925707,-0.061257463374529843,1.2304196793544944,-2.1628036596584903,1.3681694957315735,-1.343091099167349,0.44359769446026415,0.3618131107066262,-0.53802201317511311,-1.020123405146963,-0.89526586194353008,0.11945252107485917
92,7,2.0657739474373016,-0.2086354247105143,-1.6946501880528531,-0.1070312127522034,-0.29744278804212854,-1.5933042619255104,0.33464069045479206,-1.1946310612123274,1.9813515510568678,0.98158523201977643,-0.059190831829296207,-1.7103165312085946,-1.5480085612318812,0.4380364016594816,0.22492139411709497,1.6237770303154908,-0.7635257255160699,-0.66855761756653875,-0.83122170428066866,-0.50167072801075419,-0.25640920175063825,1.3793512978073346,-0.36141425067436173,0.83212230575876056,0.45028372822040069,-0.44060912908745564,0.78872800652300945,0.9993352857359914,-0.14005809453939749,-0.82682320704661993,-1.1887565322404685,0.30815771883791071,0.84359553821406819
92,8,5.8066885952139629,0.1998846460019891,-1.5671025113092985,1.2336109700401039,-1.7510320076393375,-0.24026835294394988,-0.19744775074780677,-1.1786584947959073,-0.51338208544323127,-0.40781787582603429,0.3339517208775265,0.020919429615421502,-0.43319629486629907,-0.43501258995970032,-0.34948770823099118,-0.19911151781514039,0.95976391533713856,-2.8853608072137722,1.2579620126414337,-0.10358338531902059,0.753648876366526,-1.3673787195155829,-0.47380367418241837,-1.2183622721534797,-1.0688582648258065,-0.95494890137727462,0.60791923271578086,2.6948072078270267,0.27122420696210126,-0.49360372182595952,-0.34378744725802673,1.2972668530850633,-1.1807735887173556
92,9,-2.5145283836330403,-1.6892220126451747,-0.22107126362047333,-1.3746057072650115,-0.087984894036961886,1.0518111054402433,0.87157420470595381,-0.14015403317708483,-1.8530278132459999,0.6996164286905393,-1.2524020065788237,-1.5501156216917238,-1.0436212793274011,-0.42184342238792633,1.4708720223290697,-0.56659013729883179,2.00277458127611,-0.92083513734839251,-0.79705261539314831,0.72988154776215441,-0.41734060795256056,1.2927220092040597,1.7032872673561474,0.73139295942471649,-0.021767354438525434,0.020806649658411187,-0.22304722052576209,1.7648457751717543,0.1722127481929045,-1.140683523143097,-2.6164268650106024,1.1205658845966768,0.23208805095523033
92,10,-0.28892526297368892,0.045472297333766044,0.83158265359979011,0.46850886282127591,-0.030710443317829569,-1.3842379276199166,0.46288565411829119,-0.21872563920416033,0.61448140583484501,-1.551923339188416,1.1740305673334837,-1.7638335937074077,0.29547638189876041,-0.24271760123687278,-1.8606128473847454,0.79016717089401012,1.5718291219126996,0.14209385312270251,-1.7603054964084424,-0.046515281135624677,0.7837000747781161,0.67486326584304146,0.38586753203380325,-0.020637294702549297,1.355841512802983,-1.3501501415815405,0.58011330766980262,0.062551016993217731,0.44981640877955059,-1.2380800193509842,0.72052256860235231,-0.61240457255622416,-0.9251780375184232
93,1,0.38149953720273078,-0.61913214500384028,0.90461340151625602,0.28363339405051852,1.3653004099373556,0.029167789663082967,1.4841977601485632,-0.4919839009000696,0.57032729840261676,-0.3788362013884356,0.60681092193335273,1.4809232170552973,0.65365817209145105,0.80530545845091339,0.77458855515741931,0.78419064191083743,1.4991399659566937,0.68085626961906864,0.047844006430426529,-0.21110899997996574,-0.14266405771794494,0.51101686499982102,0.16657590506042064,0.12847254837086342,-0.48356408922076338,-0.29315155644509322,1.109204927218034,-0.29665920893182857,1.0024415520940211,0.77363748290478063,1.3936706785699406,0.65488982200583234,-0.085296167165239398
93,2,0.83177275733659428,-0.18107481562147298,-1.988681043752065,-0.28316733343807321,2.2013109900416117,-2.2005176248925649,1.0657743401426265,-0.59105929152673453,0.60478310387573142,-0.6908629581172625,1.4938192546568798,0.79437311026800095,-0.19767539134813722,0.74381660473457301,0.25043609547907891,0.72058726553284769,-0.93695353662500491,-0.76173425750156809,0.24285330675441433,-0.63914329459275154,0.42857654490035291,-0.62596612707902421,0.50220233355289123,0.18244404333203082,1.2672945801753595,-1.6722458827084532,-1.3943735173474183,-1.1408398791353811,-1.3016064941759675,-0.099729699920646703,-0.18146354473629245,-0.065517910249501793,1.7394970166858348
93,3,3.6932434844467164,0.75089300456901109,0.30377339990265534,1.7349034787039801,-0.85299106019330206,0.91952866075135442,0.056413682434124569,1.0834866864956816,-0.00961485741558522,-0.40879337472656874,-0.19060498743012233,0.25486908758233634,-1.070917290478492,-1.3445823760310489,-0.53216375023161167,-0.038741077539055008,-0.70292729091533968,-1.9389137580072553,-0.49002407731621417,0.81809531222103971,0.41659615278962808,1.1978375899090739,-1.1791055743161538,-0.2078510253029747,-2.1848739772720194,-0.62680786236139496,0.19149643333924007,0.32971012822188689,0.40558469714416329,-0.87738924606044411,1.2403322687674714,-0.71433849460316368,-0.99018915939293728
93,4,0.66195855804321857,-0.94276715133490263,-0.95402933639320364,0.45724885081379429,0.85429985586186541,0.30174824518088844,2.0667954613153006,-0.35773238333000656,0.97822968558822709,-0.75700031964004522,-0.1662915406712123,0.62415428197937639,0.19145678001467414,0.83314169200466015,-1.2309967717592314,-0.51001429104394491,-0.58369512842502147,-0.28623921523989887,-1.4601079257653278,-2.3152940962373711,0.8788237040229554,0.82681216723069528,0.20026151964665512,-0.42890453856096328,1.6603599726099894,-1.2105377938189359,1.2617917242093803,0.46312639348673773,-1.9388873105345217,0.77155109208591766,-0.2712630595987684,-0.25389735839714778,-0.081118902603797449
93,5,5.5524185977346603,0.52346742376584765,-1.2870700436090667,-0.026016936126860648,-0.7577517074318787,0.27119549763882128,-0.67576162280191243,1.210146262651665,1.3820615078237821,-0.20467618209740226,1.4461567108407876,-2.2367513850732643,0.22119181156584747,-1.3528166644298112,0.25009884551806,0.16399786703941721,-0.40624004325964952,0.31913505037298417,-0.45802126413690875,0.78844051436371621,-0.18145154980343392,-0.47774904615391039,-0.36585850747446258,0.95124018338317784,-1.265086596114986,-0.35061621531466236,-0.43533777099752885,1.4340695256944056,0.44000338432742703,-0.26142893428117953,0.68336976942832173,2.4346460323110088,-0.93070293316683317
93,6,2.792273456855904,-0.52804016477896709,-0.28406192202740504,0.82530921185956707,-1.4016474034133404,-0.22405523538979308,-1.6087867829554146,-0.20214003709642014,-1.6677370389655581,0.72091410188166483,-0.65011175450666725,0.35568482132750467,0.93430514188333746,1.7273257701827927,-1.5433772499453422,-0.74977493763908631,0.66982095804900077,0.12002539960378097,0.0084979870207929787,-0.45637367900198833,0.99987496112571483,0.12956182411707376,-1.1760711576158789,1.288688891770027,1.3555893842408653,0.21063413708471368,1.2284362942852036,0.80050912483459991,0.50939006107512552,-0.98598111925001597,0.38642955329723055,0.92931654654959672,-0.042875970878118348
93,7,0.29806040237779297,-0.11734273642063048,-0.57851715861815589,0.29199535198185805,-0.55385822398847528,0.797130555695585,-2.6270611008320874,-0.98134772584114061,-0.17976727584022451,1.8364652974980979,-0.33757283684863121,0.63401572531025396,0.94409329830218702,-0.86680739700187404,-0.044973897494741177,-0.98863386809782072,-0.46255758273023523,-0.72658158676003748,1.7591398069718165,0.83734677842841321,-1.0893658578289136,0.63554363614845089,0.68845863150185205,-0.96745168064888931,0.71526245846269998,0.96785805382259205,-0.25531884763009094,0.2709593335755886,-0.49157234523762616,0.44929114190894737,-0.74614871688551365,-0.57250328297643116,1.4930304164498824
93,8,4.2451590687547336,1.8756044902231859,0.46996137585421777,-0.62374147761450038,0.46916528916958777,-0.20180063268588586,-1.1733185835660995,1.2056278751495071,2.1575745379855928,-0.20939874353759413,-1.5827448119523486,0.040084760237053457,-0.79614438506702012,-1.0154992942800667,-0.018897378069447197,0.049165508756678085,1.0854213553338559,0.0099161192144572793,1.8515402840150537,-0.66652309374770957,-0.37805023874033289,0.16064917642144139,-1.5499789236136432,0.72964100164663837,1.1713253622969746,-1.0598633012283707,-0.36514267012719276,0.24369615766391028,1.4536410832854079,-0.7269831331207085,2.401422006759006,0.49752253491922682,1.6180458877029453
93,9,5.8324949459022193,1.1128176783958017,-1.6260855272876862,-0.36066531469174878,0.45422031507687616,0.81234950004018391,-1.0524599071507901,0.21130347420513895,0.55878813041273845,0.99392039294274115,1.2221171248693765,-0.80256283382383853,-0.46470585886774035,-0.66851055391312686,1.6441611537321634,1.138957582431591,-0.29748691647671566,-0.64429783497283566,-0.23236595398084103,-0.1866970810175449,-0.79717682478020346,-0.99584344867259456,0.45990415786944167,0.76211942170743308,-0.50483792443766651,1.2057357678577381,1.8144054830526788,-0.77837953030192586,-0.08081837541056118,0.82310094818671731,-0.46295944093635649,1.8805414259602196,-0.95419941623697735
93,10,-0.78247821331945833,-0.072522405098337683,1.8082239177419164,-0.6306404741749051,-1.2696647489529984,0.57519651924801196,0.10173483560902646,1.1555737281330656,1.6285331240674219,0.074592456572328991,-0.26875672690448243,-0.018357591068489835,2.5610750129418736,-0.67050492587167809,0.55186510081538509,1.9080631356517666,2.7840423500107465,-0.95167344692728206,0.072382442653185414,0.47468835920293201,0.23152904873313646,-0.68510698526610114,-0.35890923619858545,-0.78013456382129998,0.76103514666921956,-1.2021370121881523,0.048712371048183663,-1.8290418386398126,-0.21327881440774438,1.4224165127178474,-0.79306644192450293,1.4067893802075653,-0.92134038314835132
94,1,0.76619353118057187,0.4254631980525368,0.46557353038233396,-1.7271693510010349,1.4908935240231826,1.2518577842880336,0.5072942977781737,1.1332182799244064,0.0076595183304961467,-1.3095190966646884,0.18484012933125168,0.30269626993484855,-0.62226082208783395,1.9290675732882938,1.7355602520883138,-0.15478461082540837,-0.82326394674153569,2.249578977248492,3.0207887993665512,0.21534289473147691,0.96033132106004537,-0.9478866336954862,1.2540218197095789,-0.18479392051802146,-0.49299162508839284,0.30832482572233877,0.17537406697349847,1.7682700480329225,-0.61956043282046858,-0.42623800277260204,0.46904895739762564,-0.48872851506166914,-0.079101115744126926
94,2,-0.38231011924036001,-1.8031622622810806,0.14965092782123693,-0.87059241327902004,1.507457445173332,1.3400196905203314,-0.16753820680351444,0.076403147257124424,0.10257120207737615,-0.98879996986039775,0.91540806841546818,0.72281689311318542,-0.68867115106436483,0.067798068360387209,-0.71789600776943474,0.61241055390526089,-0.12043724267834457,-0.67217934758272269,-0.73276639004810562,-1.1121225902026832,-0.47650172732035212,0.042352654511694642,0.58934353587365396,1.3970316741569708,0.32058728235371514,0.028940266308868132,1.869149811492385,-0.21848814355238713,-0.48283176283819185,0.76311755216377819,0.12266775465590672,0.71164730630412598,-0.3497965731702305
94,3,-1.3850576757863853,0.046767384005638443,0.93879023437112863,0.042405661995729663,0.24259892114342746,-0.050485203111296825,0.71509959962418423,-0.5520798702612103,-0.64826227130351832,-0.35448451125336378,0.99194309871743047,0.90630474060706068,-1.7039295331130235,-1.1225312548348163,-0.069591526441992083,-1.5393821997424098,-0.036911843549388534,-0.010140522507534047,0.95354643211358869,-0.011292107123443914,0.56058320504126857,0.73560477892730669,0.74429544279416238,-0.9609602697292563,1.3164329332472202,-1.6239125499071951,0.46226930084313911,1.4733657704527228,0.75034043375506054,-0.14918691097679251,-1.8170139716257567,2.1172552762226937,0.92236621374980909
94,4,-2.6878325600168642,0.82810570968081942,0.88015961697075396,0.78033399724349228,-1.0327090624551862,-0.75010502633614606,-0.73822936798892458,1.0560923951805921,-2.1729681637899505,0.35425709126550697,-0.67153905892245191,0.51726994900568068,-0.49529535439808081,-0.82448688634969181,0.71740559844269125,0.63285992346657416,0.4996078243844993,0.58108732088084891,-1.0829754040236357,-1.4589909242209655,1.1091003899867689,1.9068045332505654,-0.06406961696071653,-0.083561073563869437,0.034087601582484924,-1.8436645382314003,0.53700552991624417,-1.2429475691573646,-1.5683546140799105,1.2209425843197379,-0.057217241661951197,-2.1527847463203194,0.065508014622742708
94,5,0.014479828116413573,-0.79511624257421076,0.88553046439572436,-0.058321619192351584,-0.47465409111749657,2.0050721886964289,-0.071873202993918514,0.39213575484827062,0.12607950974387419,0.17157335005725804,-0.48361632228730905,0.0086991564963122148,1.3024611624463442,0.076262025325304891,0.79630388158912813,1.4392090570144276,-0.051169356771429961,0.65060524119586605,2.6426287970114837,-1.590523495040306,0.67038545710989805,1.616675107404757,0.16480546353787714,1.2114747080000088,-0.1293849992175202,-0.87854511341098362,0.28182389163437133,0.43246805782692888,0.49450516712341969,0.39716865515585315,1.2957325016702033,-0.15199902343679478,-1.1765288714304873
94,6,5.9920588540278921,1.7259414845207999,-0.062725369154749133,1.8904108410437268,1.0311234256551718,2.1613894161707532,-1.6570468328263914,1.0116932974571751,0.13931219788153432,0.99589988113930716,0.83589477626271602,0.24762437732777876,-1.3850827676038124,1.1222260834206284,-0.47856356958019997,0.86860147839799806,1.1232757186720292,-1.3123673991542721,1.9545671906564435,-1.6893351348060326,-0.39186564465337909,0.0079104899579145512,0.44309203670461983,0.7419306898334519,-0.063260548150016138,0.72181208611191783,0.33162643245143902,0.036693122015784785,0.0054592817035937231,-1.9912714243599434,0.63814920698050592,0.01306469709620779,0.2630220668444993
94,7,1.958580070249532,1.086367500777595,1.3793338594571964,0.55359878818759534,0.42726208210943178,-0.61090281194909268,-0.59481269691157812,-0.3642034978387001,-0.20736691332990564,-0.47912593907699075,0.39219162731586937,-0.011428979256490402,0.6846996534406089,-1.3726089370977903,0.26149629938642688,0.42120544058757403,0.41719872113194845,1.0143207726387162,0.83882631402957197,1.077364274594512,2.7804296005947067,-0.012662325585727748,-0.061591995818558634,0.055384824251248133,0.50337751649038864,0.34610064186537104,0.54219413556494933,-1.0379122687920832,1.8080338037804562,1.0410899012995125,-1.6046694292104529,1.5033287884102917,0.17569492595711844
94,8,-0.37705249530628604,-0.52211713306258811,0.064604526143775765,-0.10588882235518574,0.87869952806692209,-0.75910255248048319,0.66289808145174067,0.12453940898002344,0.094932368843449813,1.0153969964912637,1.6667694307680447,1.3304308959938522,-1.492121419318347,0.3458615117285106,-0.73596261083690995,-0.24578956657466056,2.4313269942639137,-1.1326807095404801,-0.050056503987160168,1.7662360159106592,1.0922158412377265,-0.27426057007759969,1.4955710298038281,0.11079798484304081,-0.0017091889407185601,0.87665821470306349,-0.2862010685228536,0.21501019527952028,-0.11771581461099159,-0.12794875250090187,0.89581371793025022,-1.0426869404217007,-0.48588290232373205
94,9,-1.7339373679056655,-0.51744296407288914,-0.78595112450617155,-1.089586804481969,-1.6343420077813176,-1.3231309327301126,0.53468114606499506,0.61106691905026533,2.6822350538408859,-0.061926644331019604,-0.63321459311110528,0.17534814833465934,1.1596894173993233,-0.47340944237672183,0.25045722292464989,-0.17233010937867885,-1.2094480940151531,1.3000279167812581,-0.95054915440877807,0.35614959440378952,-0.070517174388373793,-0.23956725838762236,0.576676964891495,-0.46245730032684157,1.3989056173086751,-0.86329468765892969,0.98395795217120674,0.056188056044712685,-0.98294284515763586,-0.65107005504051563,-0.31611561319121539,-0.91648626017013279,-0.63134189115952233
94,10,-1.1962665223436888,0.31156375855363311,1.2186618611802282,-1.572999454102012,0.092954920871364963,-0.62723226277006716,1.2320905363166585,1.319961005485337,1.1954165326399284,0.30062275724838239,-0.60071429450944736,-0.8619270657030742,-0.77917499594007389,-0.80474036359987722,-0.48937408442779318,-1.0820971562309105,-0.22154054651157848,0.3203504953339415,0.65401641546614142,0.29849366034550967,1.3508744088803071,-1.220346058055461,-0.14995658158616637,-1.2282182580365419,1.2838226064672391,-0.39295550198063245,0.23777455406508266,0.25399182423988204,-0.0088599226816161031,-0.088570895966814903,0.63957753187965027,-0.02124869658295234,0.16406214728764129
95,1,1.3128434063541778,1.9479557925827731,0.40874687081743838,-0.68061500242540718,-0.17532848049521696,-0.40139949091802463,-0.61656847275917437,0.97400741741566754,1.6359675929309379,-0.93410080391070116,-0.76444936143068232,-0.72471036219434837,0.67975590304631517,-0.21489389768997247,1.540182562116942,-1.200398057517575,0.0043700661544462203,0.84955943659666466,-1.1045458660370258,-0.97856075373897278,1.0262716079913743,1.2889835967636032,1.2415417463616887,0.66903680280456923,0.93066637888497483,-0.9047651016363496,1.3251367444043272,-0.35080851382148615,0.086842187234792034,-0.19547301258691752,-2.0268914773156932,-1.7788803231758994,-1.1600762031808851
95,2,-1.4958341119102321,-1.8925604946023755,0.97728378842122765,-0.26798609658328765,0.53968642246759557,0.50752069335875472,1.161847897087112,-0.1726798732082,-1.2060285733102674,1.1068457835826677,-0.30656469724184759,0.0042944117729235157,0.29693970978929707,0.30805885303204988,-0.21919045074925977,0.013740414135988832,-1.3091099596539688,1.1117199322974607,-0.24352717912705749,-2.3844125710004214,-1.5577823663724002,-1.1109964792724878,-0.40104493752288867,-1.0307960329881103,-3.0495150359538279,-0.51753050201968254,-0.62145933029350442,-1.7468433676288986,1.0420226941740562,-1.0164240734445558,-0.044364529909590715,0.20440545002068441,0.15879382158086741
95,3,-0.52059225457809433,-1.3626441539255618,0.030113575901088856,0.90114677568069912,-0.52444952475548534,0.48117039286286878,0.19975736894824933,2.1176598975766603,-0.73739716102386865,-0.44551139919602012,-1.2566755424242311,-1.5209283353016725,-0.39064330654158352,1.4337171477978046,-1.1036592653453747,0.76548385256786766,0.62588022078301286,-0.31859776507399812,0.35472976633354097,-0.86148584724422073,-0.46803057391902336,0.79723143035005029,0.48636629407188153,0.58384924371557378,0.85749501394340566,0.67302030632485044,-2.3459705521214151,1.6100545099478503,0.0007220854668378245,1.6080017464514469,-1.2130206657844924,-0.41256050253427717,-0.97026253574184584
95,4,0.84280423955997064,0.13964945298509307,-1.034938833514587,-0.41627832255664954,0.36339847746678894,-0.59763334928951162,-0.37156910073865451,0.39065560373403652,1.1337626156855916,1.436277902858248,-2.5079681881512479,0.44642851444460685,-2.1799467089395561,0.86369296253815764,-0.70508537723295439,1.3130431774484019,0.71614255840782737,-0.039021731945859894,-1.8510630858758379,-0.46708611104781983,0.74289561916952007,0.33128751722706878,0.19839870614923702,0.51808269575659838,0.77938736188965019,1.172547516042223,-0.33862164614008633,1.2047415349169726,-0.58469862249135318,0.72637497551906249,-1.2038921909522093,0.33187500015341265,0.057865108555693483
95,5,3.1213330957362766,0.02773159265758772,-0.84267360276326075,0.34246507163345835,-1.4832523498955568,-0.40169579713173775,-0.83884911097000103,0.073598042496054034,-1.0692477470573245,0.37175783808571122,-0.43891839930450499,2.0435044544582399,-0.34289829345607825,-0.696859996588716,-0.50338203563192874,1.1059644932605506,-0.38961887221911035,-1.5438647161597456,-1.0890340606235387,-0.072370686823803765,-0.90966832175717405,-0.81173707346430557,1.4660129375918756,-0.028027436924766839,0.5538340704990995,2.9960802135686029,-3.6545159592238803,1.7546753133288295,-1.1176239993623927,0.63132455101204499,-0.31942897019811556,0.18947643702147807,-2.5501961246428055
95,6,4.3597437995484611,1.2169598335772385,-0.050667122814753489,1.0345092607213555,-0.14378017794098097,-1.0586145597090006,1.6445171837601322,0.37687677925854174,0.50717498472031264,-0.76270981539638194,0.67820932472011286,-0.52436980883110507,0.80735370538287088,0.65089766611978395,1.1458288104674446,-0.23058869607150642,-0.073071493369161036,0.068294243769977905,-0.79085290914252482,0.26792380911507779,1.2741990618999348,-0.37665125547653844,0.97432815126928451,0.74419700044994552,0.21077783282392323,-0.43996130754062757,0.56474502950363481,0.83445119227720521,1.7847657697690742,0.23002981804934119,-0.32963749436841433,0.23260276511408734,-0.23143821778761092
95,7,-0.85073564352616682,0.056049842508570424,0.76642708670306681,-0.83315306938878397,-1.0453441156386045,-1.8830550026664747,1.3204229585625169,-0.90526428664614211,1.1064353923147605,-0.20962059540831621,-0.39847283612502299,-2.1841299418628406,-1.7902248164436549,-1.037428343816714,-0.56245593111845704,0.84145387639117941,-1.551492063739242,-1.3293550029178112,0.51080109831619747,0.50540116077617536,0.25197110752398433,1.0432158778208109,-1.4136261348137642,0.824858461838886,-0.0156891304795896,1.923203762994262,0.39842068571698241,0.79021321680310252,-2.0323016974378914,1.2839580218831519,0.41559240961279997,1.0754549591037481,-1.3669325263971177
95,8,-2.9672729923305128,-0.89683993010044993,0.50611527464170725,0.019065553056273735,0.54651380231131874,0.32759217951314473,1.6592276881442285,-0.64992540763047435,-1.0457212334730952,1.0835397701057947,-0.42961482191531497,1.4258437852605197,0.038613794329811338,-0.78741385122664087,-0.51416894354631659,-0.67426778404618337,-0.28826204287472351,-0.74841740275794189,-0.10009245399126289,-0.92597861453689312,0.72932563147017537,-0.52351158130989361,-1.297646196100497,-0.32973250688390759,0.18210373994613802,1.8441507871068692,-0.17366999923844831,0.80751689517085679,-1.297266745273836,0.32380733350407698,1.6612525238989986,0.21121956870323913,1.2683241938800984
95,9,3.4371559255725601,0.69693928997586208,-0.15031490282781615,0.93621854117569603,0.080402052322114267,2.6582372756321884,0.13767660636259332,-1.8410166166149844,-1.0628272903017819,0.54654681663222093,-0.30439955640609567,-0.89248327762047686,-1.7547703438196851,-0.41049823180467765,-0.1473765850553409,-0.36499540077270626,-0.78490024882837028,-1.5631870103040759,-0.56664499181453143,0.84905291701001795,-0.096713907951956155,-0.95907985087193237,0.2200870266116243,-0.75154098923162405,1.301889619822679,1.2932422214583223,1.056137107028563,-0.90988485255778118,0.22144436868033487,-1.0627372963130877,-0.72622847474011332,1.7235258460711522,0.65483260858776859
95,10,-1.1809304857653584,-1.8734989656358676,-1.3555773975853243,-0.78248281339631742,0.39237898488393519,-1.1670290402303105,1.3432173841414223,-0.76921523132988623,0.12142869479448372,-0.89469515699070934,-0.98004821283857935,-1.1624436249782681,0.21369916479845516,-0.9191707892045502,-0.51480214081237829,1.6840630115872299,-0.081794418005847622,0.21079494310523866,-0.56927687490657075,0.58067406769269758,0.97335662695526881,0.62671700060427527,0.72245667620026544,1.6185453116641049,0.97350331542401503,0.44294202441307301,0.91773091436489218,0.39765906428393649,0.91368249042729965,-0.29691256144093642,-2.6154589234766825,-0.49083457570578481,-1.404031637309529
96,1,-2.6857985774619793,0.41179146635222941,-0.59177246982862752,-1.2372530136865199,-1.6757026342934174,-0.59451323173545334,-0.29808037230548867,-1.6093401468341879,0.46200965303696317,0.90231466480481604,-0.26058537190515124,0.83611607117566855,-0.33276521682939542,-2.0081041791237566,-0.064959939719467397,0.52903003371673418,-0.74648147800794884,-0.23268684930662964,-0.35936329562795555,0.73068752795978276,0.95497428940055074,0.60199657796317707,-0.49870429194224875,1.5313693749260966,-0.35403065697392938,1.8651335393830717,1.3981825222349509,-0.23814458567335403,-0.37966173305729006,-1.2056238300698234,0.44540786655368209,-0.40157704371026753,1.9436756844505718
96,2,0.1397975433014147,-1.0232277661427966,-0.82015709118780922,0.28085274070442079,1.5957005772099835,0.032029209492062373,-0.87124659041538832,-0.95091867474559355,1.4834848847881648,-0.33181323698343002,0.19001684435795765,0.71077303581166706,-0.2144000912810243,1.4268534312061023,-0.10997589387845813,-0.79740349407600875,-1.8030365704654774,-0.77398583839956092,-1.5869002497559421,0.53854011060386509,0.4069388858495811,-3.0181452178095518,1.7091231436952301,-0.1296886987453939,1.6939269243800046,-1.622673045904317,-2.3109713375919645,2.1924322369128313,-0.54782052253132263,0.36042329653254085,-0.4720964506897054,-0.63262199628952731,-0.06281343302286288
96,3,-3.4289479314593452,-1.7223837839845197,-0.27927312498662032,0.41030143924711121,-1.5225456069615857,1.2325118976828056,-1.3719921180172467,0.038895035828493019,0.064893762782597328,-1.4562696436092848,-1.570249861748622,1.3694130790904953,0.517644988658435,0.76439809015734161,-0.76766863977451205,0.0646683671926611,-0.029150173247044334,1.1296665952103737,-0.97199465245975736,-1.0466241430115515,-0.40507214451704321,0.96250059136730937,-0.10048566322997587,0.50729554353336803,-0.21742913606572764,2.124036306832723,-0.50784295176915506,0.40103859718189483,1.1283563350434904,0.05696301982263012,-0.27131728717071263,1.2440270081373801,1.0813704404480471
96,4,0.42998582663883345,-0.097835621648511201,0.85092806475175553,1.5073107395535825,0.6462883478464384,0.53084847076659314,-0.2511927596563488,0.73084904777198623,-0.70000119128099547,1.0844745416673025,1.3423970168923036,0.62112473510006738,-0.61601574809129311,-0.83039154339788857,1.2736041681327084,-0.68295009579251476,1.4280996635715548,0.77571579696432402,-0.51681231305828634,0.62354148662168274,0.044124912054887333,-0.7444047300471347,-0.49391300775259722,1.7282183316684943,0.40890244536954035,1.479279372069479,-1.2781054828673677,-1.4940222494946511,-0.75099788209603535,1.2060418316526778,-1.627586892373007,-0.13744154904277381,0.49351477814355255
96,5,-0.78897434531820587,-0.53365666931320654,-0.095798561215729716,-0.36035081052800289,1.4567097216297549,-1.3301082531469652,-1.439648471962367,1.0902369727615677,0.29551991876873723,-1.1196924374684152,0.20456361890098479,-0.014766434547097489,1.3768616188670182,-0.13334327748527175,0.24452250706474088,-1.4715125151273598,0.055612868772201618,0.71930252097039726,0.49452383401981775,-0.43803366415094874,-2.2404395710067346,-1.1226245422879031,0.73058928647940036,0.68904037606917246,-2.0260077068221305,0.3057096606573973,0.084361841090408438,-1.0081218998444497,1.2488199560783775,0.30758615514222926,-2.6965782570951942,0.051884521754573754,1.8565101491020366
96,6,-2.6157740027321088,-0.1959028420601413,-0.14466491764074763,0.32581367235888231,-1.9187514522702043,0.27828662696165368,0.23053491239901211,1.5739687364943418,1.2133937290134607,0.48018101679000014,1.0640339418468125,0.72632993649190025,1.0448599587726095,-0.44499929089060825,0.14899827958499434,-0.12336394237432587,0.87010287485203941,-1.1519694435618251,0.056507658224651196,0.11600472216096382,-0.25376536262482258,-1.1966075114755981,1.3902703766312094,-0.94213956192714543,0.86160283296217266,-0.71028378120084401,0.53499031223883764,1.0947904530734338,-0.86153081369191298,0.12720216178844915,-1.5161779610208561,-0.80892628857027471,-0.18050821154073329
96,7,-1.9739665000673468,-0.70919068354481185,0.083689328031214108,-2.1424802085769548,0.23039164276986404,-0.25066712591128543,-0.47811379560330869,1.4564546852457538,1.4724038994484561,-0.96018020669829818,0.70717999283874666,1.7625261284617029,-0.32789329668309664,-0.13960378144776683,0.74842688865072915,-1.221730664607577,-1.4412536912543523,-0.32959458141699016,0.35042112404837195,0.74524543164220647,1.9050239934432147,1.6809630664824569,0.54216095449808177,-0.31563506665634167,0.55578784570830786,-0.36020986093013385,0.67017485456873205,-0.23892223464846332,0.042394440398760405,1.3510518857938647,1.3709438447878699,-0.35797246717182662,-0.67515436726241362
96,8,-1.5929779016381966,-0.80473611086860564,-1.4870408881238051,-2.0223968887277923,1.0876320470142724,0.83065788151465347,-0.71559789638826921,1.473262681062703,1.0591868678115772,1.1470360377241846,0.60330042609626011,-1.2534392533058663,-0.2050758638375425,0.46576116920998006,0.74260158115414343,1.005439080920995,-0.013333883681817293,0.94345384001984955,-0.3906942678646691,-0.24271282262929483,0.053206277897821827,1.5145817797138923,-0.7163632124315501,1.6687135631747032,-0.88405641085675102,-0.46144478917655546,0.48826397508425529,0.29469893010837217,0.93485696211696312,-0.8522645071446654,-0.45028698096241276,-0.9554385585878864,-0.48798996234917519
96,9,-3.7599165998037445,0.1184749618712774,1.6139415563057304,1.1538973562459565,-1.5183921739145578,-2.3831180239152157,0.57979358985293783,-0.56095874493753672,0.53637340516165166,0.64913977432334669,-1.0617093470533083,1.1402074089005187,-0.24877882925171543,0.88636015404805357,-0.54113402700830737,-0.028554723873601261,-0.55457505706059484,-1.283134946761058,0.15004057991790248,-0.74951007966233085,0.094294148906526154,1.6089422331732328,-1.1649313166393529,-0.78447361262403481,-0.29636207598952558,-1.0003715434346101,0.56482040652640697,0.54240003941916548,-0.76929735437973323,0.45214735185409916,0.7616383784059465,-1.2284043037174912,-0.39082452697658637
96,10,-3.6902842521473471,-1.067895219722254,0.26866416469654497,-1.4328035351720552,0.73411122189561928,0.17052252452715017,1.9430861928272329,0.82245100521318815,1.0723370322124335,-0.68326236719942501,0.95036843912348901,0.22560209881238816,-0.86878961336589189,1.2031753408752148,0.34995041617766565,-0.10045059620977394,-1.3233866584114793,-0.2338211096697578,-0.45908963737170122,1.5403113082994728,-0.63854951287649409,1.0972704327099929,1.55732368618998,-0.44635778794351916,1.1524826327895252,-1.1495359618168501,0.004681363615548299,1.1244449884988483,2.5330849428527835,0.02856598062947598,1.9375352442639839,-0.49786525550753213,0.082579725583235397
97,1,-2.1700647713179642,-1.9154004523110317,-0.35641788935458146,1.2508085956032444,0.96135929012201748,0.47098826963305218,0.38593348160743207,-0.83102860045491156,1.8159247554051918,0.0207936293569627,-1.3523901982453912,-0.73425516205453456,-1.7118406498157148,0.069430586929261129,-0.28943046603581629,-0.23639236694085625,-0.85207717304029584,-2.1641450715255171,-0.38884100200593552,0.1285517727655868,0.31637535147732398,0.35699390172120504,0.056550294056079288,-0.94517752344853356,-1.7556385638397323,-0.53307273036678615,-0.39758298495347039,-0.15639246218995048,-0.25580491168270614,-0.7167148295325142,0.057909487911365798,0.57343322878256975,1.9385747538073423
97,2,-0.4509459827132527,0.33068815563408493,1.2716843343505748,0.29749057917468424,0.18213509909570297,-0.2662908915682608,-0.38232917086695917,0.008200315019314168,0.73095105894234502,0.63527690221274169,0.42318507882163581,-0.96856851164005175,-0.77848181924221527,-0.16754809184630787,-0.68102018455300062,0.4678488780983861,1.8713931301217419,-1.0551188781412943,0.31835503554649597,-0.74337325234319152,-0.30258691471664517,-1.841326328305672,1.3674241755268199,-0.71865841009837694,0.8281793572410272,0.051824239295658374,1.4611030951690345,0.94750391149578084,-1.7463674970652068,-0.65579472089352908,0.13716702239845194,0.038212689106150249,-0.16202342020709962
97,3,-1.8336296753441375,-0.55559224628978465,0.45374593679616854,-0.28802729420021317,-1.1452448990051431,-0.99842395351031277,-0.40228211734901842,0.19801355650951563,1.024430374395098,-0.59066016366625729,0.65891902651123313,0.70053173645591893,-0.22616118652971906,-1.3083117751642419,0.55382628605565509,0.078446850937695711,-0.37050529419499578,0.44620309352199994,0.50644113162160564,-0.23045958752747023,-0.52236807721907197,-0.25861400437343085,-1.7931579573205008,0.37910915304602283,0.6689997991565455,1.32782469795856,-1.4453733306237904,-1.1075352531313696,0.81979541811379253,1.0182556246598715,-0.77628681881747785,-0.7298678637655136,-1.81639863841685
97,4,0.67157319045802044,1.5774031289660466,-0.75418603868153444,-0.19636093671711422,-0.77405036768567514,0.17447872018342436,0.67146941283897221,0.70410343837079892,1.0721667236947205,-0.42273202408294275,0.56251577943231457,-1.0807083566104367,-0.29482821646197638,-0.54972582361983924,0.68517966156753274,-0.41881416673293409,-2.1790684514944338,2.0758564175488226,-0.10398769469771306,0.49165366929382115,-1.0634397387699801,-1.9127051771292551,0.17196015158021219,1.0956222928767778,-1.2057034998304195,2.1994786415656793,1.1500898239456643,0.35597806802518273,-0.86979250065925773,-0.35600469895016257,1.1100611454859861,-0.46197773994821706,0.91606234763643668
97,5,-1.7504971584510627,-0.16260892304126937,0.03037035752298162,-1.2456652943277728,1.7278935660572292,1.2184434954749217,0.56056943425001704,-0.33957767377295428,-1.5373176034165739,0.30806145870965768,1.3134892502866466,0.37938611023452151,-1.452213150725127,-1.4951888063609913,-0.78398113169738215,-0.0064197185215881768,-0.062340507491870555,-0.12479313342299547,-0.70548841586756594,0.19123560699776523,-0.39383394686500933,-0.076515800213952628,-0.71862727194245879,-1.1509198870968584,-0.15532971777543597,1.0439727454735617,-1.5678685234043077,0.60975657527328797,-0.6180884256097734,1.1002721316195379,1.0699041800760374,-1.4404472822201702,-1.4353927420224191
97,6,-4.2401197566283741,-0.95339604719460114,0.21704742221324524,-0.55963067923879628,-0.2510270382480857,0.081828708775613532,-0.69135439918665165,0.11551424333542713,-0.89735711746232583,-1.4197905191353966,-1.8544527646752214,0.89091452332724796,-0.78832284317736157,0.53217430814831845,-0.4198214811338199,-1.1145493374093089,-0.95770042083727924,0.69279416267457661,-1.0862817927055755,-0.12704208562760866,-2.0702775071516073,-2.4620670267199216,-0.26651231923079016,1.1133609503050055,1.2369812532275086,0.21452997876877145,1.2139431379099739,-0.42682087885185821,-1.0415302747396924,1.3220203554684968,0.49372358662237392,-0.40663509658595343,0.83816129536630724
97,7,4.0139978435630281,1.0703418765932269,-0.030654236038443271,-0.17865778759616718,-0.18633021285507759,0.25264936204705329,-0.41010260886495942,1.4453688780483598,-0.49282459106581578,-0.13703046025407495,1.0631505873307447,0.15141357392594887,0.27679811938855292,0.64784880695404201,0.59479016852254918,0.42181392389387157,-0.020403667811861106,0.25472961246165754,-0.070505498244954973,-1.1311105510117476,-0.10256677989252283,-1.3148242706435309,0.69661429588230395,0.37399855557982731,1.7012202616799834,2.5680357694039651,2.1549066990078347,0.47140244212663912,-0.40361920291979048,0.3278508205270439,-0.2714825272589691,1.6709520913372367,-1.2963687754421183
97,8,-2.5634449395129546,-0.2962714210251749,-0.3778024015173847,-1.3344867159241269,0.058405828590729063,0.28313890392741009,0.40062233892195287,1.3686871040302195,-0.716824726633016,0.5961835086128292,-0.59752786890280107,1.0462749573360928,1.3999242748313057,1.1003976617406224,2.9102364858560161,-1.5112695835045371,-0.50730222864963015,-1.4751784002331121,0.75561684099569859,0.69342271319874471,0.55937761198681846,-0.45239747603259878,-0.36809591824704702,0.54533757150059725,-0.68231725768273321,-0.18520586221431992,0.64487289967012762,0.73747965707668828,-0.22130525505224055,-0.28699586482570599,-1.2470873520646819,0.049914442373240352,2.7810202375809334
97,9,1.7966271681557193,0.069088953607631259,-0.42968172622532019,-0.16660863358783892,0.11389353274130176,0.11111773239783838,0.37306717084224039,-1.2524341273637301,0.22578933072673738,1.0976397228872481,2.4038356718722365,1.6428521333357571,1.0554671891815082,0.25387376690367941,0.0035211302209305888,1.3108087860230155,-0.73774815107974945,-1.8433851115096214,1.8423552476910379,0.76353005171931998,-0.98620514841505014,-0.078513390720628004,0.29122317210119536,-0.16689301102970969,0.4876814791537642,-1.3181997905841114,1.7031731334428846,1.4230967776717061,-0.33649544309163093,0.078435671919202921,0.14168724103562527,3.182995770743267,-0.94130397637986818
97,10,2.3979632145490966,2.055966029123987,1.0731680348125592,1.7624069238210402,0.21576704028795432,-1.9309425694347311,-0.2940051515439685,0.74855310278720666,-0.88578457397539823,0.67350027305613291,0.64600039658778086,0.86102216523136355,0.44768385340757161,0.16601560048738423,-0.14822902837221744,0.4123326721620047,0.12655641957535491,0.16281227549984736,0.5509528201843199,0.32044554772291256,-1.2300692504363986,1.0008923668312273,0.195989647795106,0.37432020640581426,-0.35880492004015724,-1.688956350864341,0.084304036499873794,-0.70825345570840958,1.1962815156108526,1.0726322575287921,0.40835971700971552,-1.0663661896252408,-1.114333697981106
98,1,2.1627689576341691,-0.83699420614308395,0.025514720283390958,0.81501172661310306,-0.56850890868462112,1.7052084855943106,-0.45450207377421442,0.93363343748161143,-1.3137731225572054,0.45778998231373391,-1.5007497192315626,0.67682002899669436,2.3300237807911008,-2.0604621706236883,-0.2772960590061968,-0.47256855694675293,1.7781699338618477,-0.95524470861701694,-2.3273974522338357,0.022462421725525213,-0.31573355255133645,-0.54311758602584126,-0.02489079207396595,-2.5886691645439877,-1.0510938416890083,-0.60052006183671691,0.663820772123904,-0.86282798310163122,-0.74575822981776174,-0.34101068262050738,0.16493300391148147,-0.086161893883049012,-0.87931613434611811
98,2,1.4851474547567012,-0.029684151681141559,0.75657622780965428,0.60014446990790404,0.21303361673133575,0.30267064057185,-1.6411664568135715,0.81071462125985305,-0.96813980836690428,-0.45568772795173679,1.843901604426107,-0.094320263537585949,-1.0230254874960227,-0.58251283455606861,-0.26235395955353202,0.89508858138437664,-0.10218907943130928,-0.6110408814501751,0.83362132733360095,-0.76883301517711844,-0.1049140330873492,1.5509520843090856,0.51893466244625719,-0.41913548438070081,-0.66236101721973351,-0.45837265536660349,1.7248579351206612,1.2498956413993174,0.82022707938966888,-0.43525481399913279,0.19010753087803328,1.369586272108436,1.0263615968804944
98,3,-0.7574304535327876,0.094519021433119632,0.96315856511864739,0.085139888591538024,1.9233331628006438,1.8170034935685329,-1.1700956217572294,1.0078958394686459,-0.74069742780805659,-0.52809829521347762,1.3217274103772962,-1.9045712033088278,1.4874202493299058,0.83701369757237809,-0.32965136368892267,-0.03460781710216411,0.91207538091455587,-1.2347252110464171,1.1955157951980007,0.37407634690088382,0.38111652315112077,0.31224686950184272,-0.75212660618714311,1.6989372417626871,-1.578794570712476,-1.3499249578415395,-0.44094192688301537,-2.1243220792035618,0.3042901947519952,1.6810456083729512,-0.45455387007126052,-0.32819882172112308,-0.44490762348160012
98,4,3.2192690956677108,1.0040536603674688,-2.224786122789526,-0.41735320874984899,0.8797074241921673,-0.36461584904905397,-0.44504244408740812,0.35392330295631552,0.057001896554644875,-0.29061925533884503,0.37097303632962969,0.36370980959307775,0.14738032094623932,0.50644130621662375,0.02692004757487362,-1.3636226656306605,-0.86488491861569416,-1.4642884790528865,-0.43145044218967032,-0.28833045245793854,0.3215399839133759,-0.53867920804336999,-0.4756763515147856,-0.077129219925648793,-0.20207184034130141,1.5909962774703732,0.31936642719926855,0.11721585354793254,0.68012741939419241,0.28238915961376565,-0.49998609342517703,-0.66617918087075911,0.25272804474695365
98,5,5.8776121897143527,0.50478999978407213,-1.540767097479244,2.4997950356863852,1.0152182523751374,-0.56459140263024454,0.10015337744588379,-1.2451210506183661,2.0677730185361276,-2.8777618876567477,0.33242284310050696,0.15943764700039048,-2.0474319998967374,0.071030965961531398,0.31750800253488565,-0.34703645335195488,-0.17804439064730632,-0.53319497327768606,1.3849045066422161,1.3524422292041429,0.53538856749353247,0.75864880778252419,1.877920565885087,0.19790783784927213,1.8901241019228285,-0.8415957159313594,-0.03892267703325502,1.035598521660106,-1.8877369738775172,0.33288060676415415,1.4164779828895322,-0.31337861500235081,-0.22779002683974856
98,6,4.0331360781456418,0.9369928654222015,-1.9786707536102563,0.79194478457682504,0.83323837821173674,0.053374743483057749,-1.63957940328609,-1.4274043148903026,-1.4573113159691569,0.35701282159841013,-1.1283821054084713,-0.041554641888523945,-1.1056242106072933,0.6152181595230265,-0.89851409871876697,0.97098989575360539,0.33859885106292964,-1.3427627252952901,1.9611245511337485,-0.034911305296742356,-0.26412510170770881,-0.4611624986151629,-0.46201308376455397,0.051836044365142608,0.73257461231521293,0.89341535210774292,2.3972550427075663,-0.87100143677237019,1.4094859315072805,0.13451320440699993,-0.34102251481408313,1.5741368777558467,-0.14465754716084148
98,7,-4.9531476933147847,-0.58173930583516265,-0.18211526160143357,-0.37520662793810178,-2.8552496597725643,-1.2901125149310035,-0.35088098919412963,1.8892601115332368,-0.96660945313162927,0.75786164876128903,0.37948364785965738,1.2918760703865839,-0.5083904152245865,-0.073610850330009081,-0.29411321453206496,-0.55865961232778494,-1.44445902545255,1.3088258836202464,-1.6603585392946247,-0.53422409668370008,0.61894192079943178,-0.26191791190797581,0.3664374114462845,-1.3288722983494736,-0.36184453213271289,0.66524947942654589,1.0336484153284153,-0.97319261429033532,-0.6092327254999288,0.58365362386175612,0.52668418717773013,-2.5123736184693324,0.049787972663378088
98,8,-0.26006858289946788,0.1799209979342902,1.6357178582782801,-0.83398727145020923,-0.024266800920126171,-1.0280711288770434,0.32723085555341369,-1.0440416168045927,2.0857063179017348,-0.62809896307909319,-0.32521406864388352,-0.60964036596218296,0.47438538963224092,-0.54423757474082857,0.9391823719441188,-0.25216955296939847,1.1903108379830187,-0.32590621641644874,-1.1005978329654795,0.10498379505535239,-0.24733819816739178,-0.39801027944967932,-1.3945065206040099,-0.76564192614112148,1.4042627187784609,-0.12229230128818601,1.751689385542798,0.081551784520522599,0.46654481031054129,-1.1328692043465056,0.19707533107823294,-0.41025935647909889,-1.5224138707131067
98,9,1.6606699382916086,2.1803272238035376,0.053442822122695882,-1.7526765263915938,0.41851204288584892,-1.2150620966285648,0.0030399611113886135,-1.1816271655082653,1.6755374558701071,-0.24756817206624923,0.95560918584303822,1.6454947903713066,0.2273296928937765,-0.96147230859132393,-0.20872283311958398,-0.31866193614800942,0.85415260612498434,-0.3139382509231583,0.44873091969858458,1.7202129567041513,-2.6658735055423808,0.14999712227857537,0.17382184573197015,0.4317230515835393,0.57416575868939057,-0.498240117215626,-0.064250362103654507,-0.77301629060596821,0.81408741504773063,0.75542624006117121,-0.20050837277611899,-1.6188329972068878,-0.30722009494366803
98,10,0.60419739610757994,-0.04781619131872944,-0.78983033126876168,0.18508731311302523,1.1912975288314815,0.17757775977647475,-0.66910884113888203,0.036085024151188284,-0.55075093518492824,-0.17943690276195773,-1.232974312492771,0.23613145617294437,1.6133373137540821,0.5147741565592413,-0.47537829357051459,-1.3065392299520235,0.75823314688628352,-0.90622142513328652,1.1491279332673767,0.58970062312430871,0.66613344368568084,1.9162790212683649,-0.13815916209164961,1.3708371297147321,1.5923706237310236,-0.083046820028797541,-0.034024364215156262,0.45190273350252386,0.81987348215847811,0.78689795100310589,1.3590012806415708,-0.17177381728075924,0.92422337907382834
99,1,2.455880639135624,-0.22128790861425029,-1.1320463874775881,-0.6655308041032274,1.116551406974196,-0.97151134719925247,-1.9319429340128629,1.5101276157752137,-2.2250604681082402,-0.05369302564277828,-1.6836675645477135,-0.0063801849917138739,1.5585038892935672,-0.074465888068589184,1.5718286496252611,-1.3297466307053605,-1.1357123743545252,1.1080828362400721,-0.86928815270658755,0.97623517410810057,-0.70417023878368934,0.62488946919940191,-0.72342950183465204,-1.0452131875338304,-0.33281423180143654,0.77381894476984203,-1.1745916186920808,0.53882097081129654,0.076222446761801538,-0.2366111587969143,0.57850391701357451,2.1024904401737214,0.24100206352360476
99,2,-0.42185497378173364,0.68550878584899932,1.4302981610803536,-0.32701812673517505,0.23452612745970125,0.25565795292001769,-0.051876397372466833,0.27914741557388772,0.19650517256779004,1.8199425687075266,1.6397061247904727,1.10512052113824,-0.45193576245501088,-2.1036621822753641,0.63639583154073764,-0.5814036353827795,1.0398403757260932,0.59639305951653998,1.2723214634123081,-0.36044914245201332,-0.23150649874876425,-0.16321852113525864,0.40635695801944849,0.98323968032745312,1.0787234250634501,0.9275112517853179,0.18981870303019954,-0.24532896552145758,0.061928896384855159,-0.0096392935003798783,0.72598671738449649,-0.66342286068785261,-0.69991320658344525
99,3,-1.4115091179699955,1.1912979364657388,1.8857162543588617,-2.2058657834098474,-0.23727386042343568,0.98847720711741927,-0.58004824975297886,-0.089747764754415177,-0.622852514489172,0.71678720898025039,-1.1763297287246421,0.38688160622984841,0.20749728733176595,0.78858525160698334,0.30612478988613218,1.4246201625483521,0.53633418762227114,-0.90108063139490313,-0.7423063124791951,-0.69361535917172368,-1.0788043432674617,-3.048449927728869,1.5320910725148722,1.3424272328406883,-0.20089602829219744,-0.077935290749979819,1.5208982465765142,-0.77109213428167633,-1.4770663875719765,0.030437522532813392,-0.94100687868124888,0.1905760390013875,-0.98572703454494892
99,4,0.70141442924347208,-0.50767564632441553,-0.95056902228498452,-0.13927941681299449,0.12959365385784682,-1.2560245742151142,0.60932623809541442,-0.18474814575062262,-1.1890718357250636,-0.44762059607604149,-0.2749702845669717,-0.56043761732414155,-1.1372299517043252,0.12092904373248968,0.94281437202697904,0.55373869586872249,-0.91470133911113072,1.8215016645003463,-0.5184911840817209,0.1372095742424882,1.6020402232510387,0.02089131103680214,0.97684546224788849,-0.50625808970978969,-0.5871971298869747,1.3953236568576342,-1.033171616755405,-0.77099838706475721,-1.4493667150854996,-1.0473715275796793,1.3738177117193637,-0.46568212570254147,0.69232303119008887
99,5,3.3302624273187083,1.3491449305569194,-0.93307436190000215,0.52759074651587856,-0.93747537501165834,0.20572822530699614,1.7821352031666831,-0.95781883051842653,-0.25592478986928435,0.10995528579099638,-0.29945891322329615,-0.9066259845607153,0.91000624286919052,-1.7738196979120013,1.1049613197009003,-0.23667907570581451,-0.12377156938382755,-1.5874045949713929,-0.12522027008868369,-1.3464054037148425,0.75236668371127613,-1.7573747858023208,0.38972971696884828,-0.025292930041571307,-2.0989846309444826,0.80342203599574868,-0.0097996379976664754,-0.56701900457228904,-1.1323057784976032,-0.37111379478478673,-1.3916284124835743,-0.79170305270304009,-0.58162845139135178
99,6,-0.53301130034409594,-0.40465048154413458,0.77035979166610946,0.56736719415897274,-0.21540327167043366,0.064605944405085561,0.42483039701582076,0.36772744149094616,0.48633053776381385,-0.69180925437125573,0.95150447723233389,-1.0738381129809609,0.17306998625769091,-0.32149575459816598,0.021126368404795638,-1.3971640689565556,0.81130411854756312,0.26977575941841281,2.0574929646392115,-0.62375803503768379,0.075607390052313692,-0.61914271156023959,-1.6027451069228091,0.17097739449131205,-0.38644532762177508,0.27870469127077446,1.1849833397456122,0.2213724334083374,1.0376256023909647,-0.67773668891085548,-1.1458522304240326,0.065101158161547421,-0.20699001303533945
99,7,1.4445774602180328,0.40790422970263213,0.54722573695411081,-0.02120682823360464,-0.083930802872515795,-0.78738147997776453,-0.92232705804317017,1.9363710067453688,0.322725499948539,0.32423880163277874,-0.53567222881602672,-0.16129194310337261,-2.1896789674603556,-1.0287591736192243,1.7037329879628977,0.47145207517030469,1.278920164740154,0.158824829788036,0.97161486636090832,1.6349013213331463,-1.0418863041719535,-1.9327160865465023,1.109473962955055,0.26214204766507793,-0.20145176570678516,0.73218129070524018,-0.88247902787401555,-0.91543585630383661,-0.42404141143198287,-0.31428641526329409,0.14111668343143591,0.43025252765004146,-0.7663952445223795
99,8,1.3663641877839658,1.7490961186883651,0.58343436305651097,1.0269374427059914,1.2856949524995112,-1.2560087438889203,-1.5120156015635748,-0.20054651639554311,0.63254321790552048,0.049884904309433493,0.33500802105281402,-0.2864867267986404,0.75809617385827233,0.66451561280196736,0.30569185769948631,0.0047204440690493633,0.24640556862135127,1.0228176481129836,0.31458283492269434,-1.8032782986582814,-2.8080427034819153,1.3224177512862043,-1.1263869719068491,-0.1200541191759899,0.66140601542039124,-0.090792969819630934,-2.3421742720871261,0.85300770358677369,1.5166279201099442,0.77156420515822199,-1.5619593256115798,-1.4277232311406556,1.2050868995578823
99,9,1.7032041976314622,1.3221511131064991,-0.39641875112195185,-0.049415008574042261,0.41000664251369523,0.042741325184880836,1.1294644345370779,0.71708072686871405,0.10579301904787085,-0.097734982991121599,-1.9399926244027585,0.27440048889025748,-0.028389011071429569,0.39556624141332664,0.21397118224242759,-0.21816770816762743,-1.2544786361119951,-0.051914851638793273,0.94211797817374787,-0.23043337104360553,-1.5531060882824246,-0.71375990291892855,-0.39045378396372621,1.298726556096983,-0.93232425281174669,2.1642754628651923,0.033053997727635523,0.78707069273896213,0.16658324507970926,0.23598535851909877,-0.017600228107327455,-0.97810119972345211,-0.076731883642234988
99,10,0.43635119297975944,0.54368562113440688,0.86436856430761055,0.11683708301194512,0.76715326634670811,-0.89798929165076213,0.62737611612461652,0.032058572330177899,-0.15337326229866086,0.28996256605031462,-0.085273398285244176,1.2822281938840525,2.1494251781035292,2.646968863328909,0.30538873446134207,0.11655805154963986,-1.2770849627546617,2.2562507462947012,0.17700665446411035,-0.82766952950230355,1.8041836366570867,-0.12397968984096128,2.7214760275292198,0.64362052696895866,0.19879527276133052,-0.35173752827819077,1.7217976147513432,0.20993294026356552,0.18306133650688786,1.3064827236374317,-1.9862877736751847,0.58537980039934745,0.34133924600390025
100,1,0.041562067620061316,-1.5903012504512719,-0.38048451091583818,1.2846973020874346,0.90724697303200019,-0.2972893962577518,-2.1289364414408714,0.79491888185745707,0.60899137364423395,0.48419062547414443,0.20146376271627095,0.76395746736069503,0.19425032821187277,0.75340365905473072,-2.0506358688526154,-0.98126671984771363,-2.0470882704148203,-1.1780313820444384,0.28555551746506186,0.88819081780199549,-0.55243023691934301,0.21153292554547243,-0.47057564512159333,-0.97094339786719552,0.42027326263489195,1.2416162169551563,-1.0404929819231024,-1.7367703267690164,0.081843434027266931,-0.42130779047376182,0.28966938937756914,0.64737898403926553,-1.9240900935022349
100,2,0.28178351067673679,2.0130789054086362,-0.50193796081730058,-1.0315142235634054,-0.27900878022951453,-1.7486567748840325,0.91423772740527853,1.3078773229931344,0.021287686980050215,-1.1394475791195953,-1.3434151374386434,0.46493983764979685,-1.3717911893359693,-0.002673325942456623,-2.0019358191258196,-0.51822069938971482,-0.027558125481787314,0.06896985631361377,1.6384258712154012,-1.2143236132707833,0.44993201600142324,0.31593480399397972,-0.030243717054122658,-0.73435643285194996,-0.89077477594109111,-1.2850930538306526,-2.5076506741595228,-0.36163512651530516,-1.5659614321195656,1.25575154157806,1.0595820790068435,0.1483010512945675,0.55833964931424618
100,3,-6.5561084605377946,-1.8061346356107004,0.51425426489363102,-0.8685452435399823,-1.4824286153686537,2.0718245171458425,-0.085498545638774029,1.290355722988461,-0.27186472487591845,0.96438220343172687,1.3719854822243278,1.6384468301024138,-1.3047264123291407,-1.4389462992370081,-0.76576455386337938,0.96815333577475471,2.4286659461013107,-0.68646504228731553,-0.55453263210358739,0.21910072107961973,-0.29528052590210302,0.20063502451157866,0.59625825949817335,-0.74003726510580403,0.89866681888948829,-1.4185174740916355,-0.042850371151942727,-0.55617611278473966,0.33564138861688464,-0.77880404093162314,-0.51399764909639556,-0.62624528963609782,2.1875332060839758
100,4,-1.8277041371710718,-0.16080850566737029,0.015700099209544075,-0.7985344956743845,1.9216592740994951,-0.85347110885102351,0.14476117574322864,0.084517131271880042,0.80861794672799248,-1.8491127192822421,0.23471430316413319,0.49240081571601974,1.124020932377505,0.44967530250840321,1.3801134499081018,0.92443324474573185,0.74011842432128094,0.54273201497844925,-1.4787005344775965,-0.52426742566201157,0.49705651026727077,-1.7709675263449942,-0.12170055922599539,0.87476894066284072,-0.68181261735716847,-0.98101288193055558,-0.61889955786860795,0.20131911311349851,0.81979402633421361,1.3284850505146155,-0.46295206579026377,-0.23489459212150687,-0.13803277683249207
100,5,0.47360469712233078,0.80703071043921804,-0.42008062844157751,-0.43833312177439043,1.7393479670940366,0.99682558123194842,1.796133868196762,1.3603713554161927,0.26693413145834549,-0.25709764191713613,0.62291176474038801,-1.4340685891707108,-1.1947975900801611,-1.8260510349080412,0.73664691587457087,0.31321459600050072,-0.18291001636480875,-0.37137547712896407,-1.9341722575607463,0.77644139873891549,0.22538666407738189,-1.470866823728652,-0.47319327760530616,0.8329570390304355,0.27682346487735016,-2.3391030508173798,-0.074536476688959366,-1.1061430272991195,1.3545352081370716,0.37218066525623034,1.4821114368748438,0.52761697928860318,1.7581361968059011
100,6,-2.5109080341851042,0.056645261621682631,1.0620488976019893,-0.4261922976334856,1.1057940399939417,-0.73670718843587679,-0.26227347886468549,0.5399165876865325,0.25145944542858978,1.1165529139979122,-0.74247402105099025,0.69412867413823842,-1.2419429845634866,-1.1287942103570099,-0.45165960467483801,1.0396130664132164,2.4893912592031207,-1.1137683406882095,-0.29642710028584102,0.85343666336864099,-1.1943535647554053,-0.69099099983867229,-0.68427135483456492,-0.74813114347630771,-0.053862563747337208,1.2928283542651724,-0.01871253706171256,0.31689230346827268,-0.3222785545938015,-0.9988219411019591,-1.0385385487162277,0.73324052129091855,-0.38927637517770919
100,7,2.5462711538946854,-0.20523068058532482,-2.8430524671830728,0.78362917322427117,1.1011798068458258,-1.091431807490939,0.85846233067486344,-0.054158573780012306,-1.7277110245598448,0.52859513331839858,-0.064164255159028155,-1.6027371750895747,0.13021369564275018,-0.95841681675716461,1.3546087515207077,-0.40175744359612697,0.34126989242945327,-0.78291399835531206,0.40740977415230079,2.3980989248554834,2.5275164669571604,-0.24493733507598595,0.3679995196825761,-0.23910946847669809,1.848572465424003,0.47180147088283614,-1.0312155425920542,0.93723389787786171,1.0793874774354661,-0.46980116402178362,-1.8424589423293678,-0.23409328708778329,-0.91140714030674896
100,8,-1.3163920251286323,0.32524365541280303,-0.30869020475990877,-1.5646959564085965,-1.1065858250527696,0.40125990101906411,0.071488329729603173,0.48353836901415342,-0.33514018795341494,0.54697653260440193,0.88887456526273168,0.0073628849800319775,0.0059815018518903007,0.32479603983721106,0.49365364709570425,0.41128859900997372,-0.67120614657527145,0.23354179612253245,-0.10025216558557302,-0.63563034104222327,0.78781029161649441,-1.3217710043289004,0.73986035750022272,-0.092246494095037532,-0.24601002654343618,-0.6123532397662369,0.93483143853154016,-1.5247345606528901,-0.60766860566435499,0.059800632556945614,-1.7452943849370854,0.28650923008226742,-0.3048237253188385
100,9,-1.5052604315750753,1.0466776553191603,0.66077598749444333,-1.3706583952340989,-1.942698443700468,1.1256096509281293,-1.6465780035141424,-0.71630699598897318,1.5094791022861769,0.47982443887481124,1.5331949319858793,0.72656597043040783,1.1805813904087383,-1.3526641135469584,-1.2127065001033541,0.58417679764763819,0.37228291138074404,-2.0799560744218279,-1.5607805115893407,-0.80183265256701997,-0.33427268835299556,1.1789963626347626,0.31048630039145952,-0.58880310301246075,0.42110329162334337,0.30118319536102733,0.37317796809449555,1.6116808631737629,0.42921270798177324,-1.565593843741887,0.79791479361765183,0.6673848948193003,-0.21766555898744336
100,10,0.98531753410230427,0.48381300900654717,0.39507504438814739,0.822870199103927,1.5307735147952222,1.008949486078291,1.0108900876282296,-0.12911050346844649,-0.9656977868333092,-0.61157311865263431,-0.30672836108105267,0.32302264158695349,0.24025171766153103,-1.6992283383504363,0.49366824097149248,0.30113846517640547,0.65073111878309331,-0.21691334601065754,0.65164506904849118,0.77544416549587991,1.2988193989069365,1.7490959376011315,0.056953023067508199,-1.4771010642370603,0.6648392771417525,0.52866642863611413,-0.091726827307952077,0.21836857101598206,0.12586493200254334,0.81456489959843137,0.77781764686834276,-0.089769077454779134,0.98436956695346811
